source,code,country,elevation_ft,frequency_1_frequency,frequency_1_service,frequency_2_frequency,frequency_2_service,frequency_3_frequency,frequency_3_service,latitude,longitude,magnetic_variation,name,state,time_zone,type
airports,AGY,Australia,407,,,,,,,163030S,1285520E,,Argyle Downs Airport,Western Australia,,small_airport
airports,ANZ,Australia,1724,,,,,,,250156S,1321629E,,Angus Downs Airport,Northern Territory,,small_airport
airports,AU-0001,Australia,,,,,,,,335430S,1200849E,,Hopetoun Airfield,Western Australia,,closed
airports,AU-0002,Australia,,,,,,,,324133S,1160429E,,Dwellingup Airstrip,Western Australia,,small_airport
airports,AU-0003,Australia,1425,,,,,,,270918S,1243505E,,Tjukayirla Roadhouse Airstrip,Western Australia,,small_airport
airports,AU-0004,Australia,11,,,,,,,315740S,1155204E,,Langley Park Airstrip,Western Australia,,small_airport
airports,AU-0005,Australia,30,126.7,CTAF,,,,,334721S,1215724E,,Myrup fly in estate Airport,Western Australia,,small_airport
airports,AU-0006,Australia,900,,,,,,,325630S,1175155E,,Harrismith Airport,Western Australia,,small_airport
airports,AU-0007,Australia,1000,,,,,,,324019S,1181008E,,Kulin Airport,Western Australia,,small_airport
airports,AU-0008,Australia,314,,,,,,,352217S,1365137E,,Althorpe Lighthouse,South Australia,,heliport
airports,AU-0009,Australia,,,,,,,,323449S,1155306E,,Pinjarra North Airstrip,Western Australia,,small_airport
airports,AU-0010,Australia,,,,,,,,323959S,1155254E,,Pinjarra Skydiving Airstrip,Western Australia,,small_airport
airports,AU-0011,Australia,,,,,,,,324714S,1154722E,,Wheeler Field,Western Australia,,small_airport
airports,AU-0012,Australia,11,,,,,,,324727S,1154015E,,Lake Clifton Airstrip,Western Australia,,small_airport
airports,AU-0013,Australia,,,,,,,,325059S,1153823E,,Between Lakes Private Airstrip,Western Australia,,small_airport
airports,AU-0014,Australia,,127.1,ctaf,,,,,282616S,1134408E,,Abrolhos East Wallabi Island Airport,Western Australia,,small_airport
airports,AU-0015,Australia,100,,,,,,,342250S,1191955E,,Bremer Bay Airport,Western Australia,,small_airport
airports,AU-0016,Australia,900,,,,,,,315816S,1504841E,,Middlebrook Station Scone Airstrip,New South Wales,,small_airport
airports,AU-0017,Australia,655,,,,,,,341330S,1181258E,,Lily Dutch Windmill Airstrip,Western Australia,,small_airport
airports,AU-0018,Australia,20,126.7,CTAF,,,,,330119S,1154207E,,Preston Field - Blair Howe,Western Australia,,small_airport
airports,AU-0019,Australia,700,,,,,,,414654S,1474309E,,Avoca Airport,Tasmania,,small_airport
airports,AU-0020,Australia,850,,,,,,,331029S,1180505E,,Kukerin,Western Australia,,small_airport
airports,AU-0021,Australia,2325,,,,,,,222913S,1182804E,,Karijini National Park,Western Australia,,small_airport
airports,AU-0022,Australia,5,,,,,,,230621S,1134818E,,Cardabia Homestead Airstrip,Western Australia,,small_airport
airports,AU-0023,Australia,713,,,,,,,420944S,1472700E,,Woodbury Airfield,Tasmania,,small_airport
airports,AU-0024,Australia,10,,,,,,,382143S,1421551E,,Port Fairy,Victoria,,small_airport
airports,AU-0025,Australia,,,,,,,,343936S,1160826E,,Northcliffe Airstrip,Western Australia,,small_airport
airports,AU-0026,Australia,970,,,,,,,275900S,1160159E,,Yuin Station,Western Australia,,small_airport
airports,AU-0027,Australia,50,,,,,,,405353S,1475140E,,Boobyalla Airfield,Tasmania,,small_airport
airports,AU-0028,Australia,1100,,,,,,,365818S,1431710E,,Moonambel Airfield,Victoria,,small_airport
airports,AU-0029,Australia,,,,,,,,341844S,1181109E,,Stirling Range Retreat,Western Australia,,small_airport
airports,AU-0030,Australia,825,,,,,,,342051S,1165707E,,Frankland Valley Vineyard Airport,Western Australia,,small_airport
airports,AU-0031,Australia,980,,,,,,,313619S,1161540E,,Avon Valley NP Airstrip,Western Australia,,closed
airports,AU-0032,Australia,1993,,,,,,,354545S,1475312E,,Tumbarumba Airport,New South Wales,,small_airport
airports,AU-0033,Australia,,,,,,,,284231S,1154903E,,Tardun Christian Brothers airfield,Western Australia,,small_airport
airports,AU-0034,Australia,96,,,,,,,335321S,1511101E,,Royal Prince Alfred Hospital Helipad,New South Wales,,heliport
airports,AU-0035,Australia,363,,,,,,,334916S,1511131E,,Royal North Shore Hospital Helipad,New South Wales,,heliport
airports,AU-0036,Australia,,,,,,,,305759S,1161255E,,New Norcia Airstrip,Western Australia,,closed
airports,AU-0037,Australia,768,,,,,,,305511S,1161405E,,Glentromie Airstrip,Western Australia,,small_airport
airports,AU-0038,Australia,1,127.1,ctaf,,,,,281759S,1133544E,,Abrolhos North Island,Western Australia,,small_airport
airports,AU-0039,Australia,,,,,,,,282831S,1134121E,,Abrolhos Island,Western Australia,,small_airport
airports,AU-0040,Australia,,,,,,,,265816S,1523359E,,Kilcoy Airfield,Queensland,,small_airport
airports,AU-0041,Australia,200,,,,,,,345914S,1180320E,,Maitraya Resort Airstrip,Western Australia,,small_airport
airports,AU-0042,Australia,,,,,,,,280416S,1142838E,,Hutt River Airstrip,Western Australia,,closed
airports,AU-0043,Australia,,,,,,,,313116S,1160850E,,Chittering Airstrip,Western Australia,,small_airport
airports,AU-0044,Australia,900,126.7,CTAF,,,,,372619S,1432732E,,Trawalla Airport,Victoria,,small_airport
airports,AU-0045,Australia,,119.1,CTAF,,,,,371351S,1424035E,,Pomonal Airstrip,Victoria,,small_airport
airports,AU-0046,Australia,,,,,,,,282500S,1371800E,,Lake Eyre North,South Australia,,small_airport
airports,AU-0047,Australia,,,,,,,,215253S,1140033E,,Yardie Homestead,Western Australia,,small_airport
airports,AU-0048,Australia,950,,,,,,,323951S,1181838E,,Kulin Bush Races Strip,Western Australia,,small_airport
airports,AU-0049,Australia,25,,,,,,,272044S,1532532E,,Kooringal Airstrip,Queensland,,small_airport
airports,AU-0050,Australia,,126.7,CTAF,,,,,351021S,1382936E,,Huntfield Airfield,South Australia,,small_airport
airports,AU-0051,Australia,69,,,,,,,191912S,1464538E,,Townsville University Hospital Heliport,Queensland,,heliport
airports,AU-0052,Australia,,,,,,,,365742S,1474021E,,Lake Omeo Dry Lake Ultralightport,Victoria,,small_airport
airports,AU-0053,Australia,5200,,,,,,,372054S,1464557E,,Snowy Range Airfield,Victoria,,small_airport
airports,AU-0054,Australia,1164,126.7,CTAF,122.4,FIA,,,370842S,1460933E,,Delatite Airstrip,Victoria,,small_airport
airports,AU-0055,Australia,33,,,,,,,333250S,1511256E,,Brooklyn Oval Helicopter Landing Site,New South Wales,,heliport
airports,AU-0056,Australia,295,,,,,,,333322S,1511136E,,Brooklyn TMC - Olivers Garage Helipad,New South Wales,,heliport
airports,AU-0057,Australia,21,,,,,,,293624S,1531955E,,Brooms Head Heliport,New South Wales,,heliport
airports,AU-0058,Australia,705,,,,,,,333919S,1472401E,,Cowal Gold Mine Helipad,New South Wales,,heliport
airports,AU-0059,Australia,550,,,,,,,233416S,1485240E,,Blackwater Hospital Helipad,Queensland,,heliport
airports,AU-0060,Australia,,118.6,CTAF,113.7,MISC,119.6,MISC,300856S,1471937E,,Miralwyn Airport,New South Wales,,small_airport
airports,AU-0061,Australia,2014,,,,,,,294617S,1510752E,,Inverell Hospital Helipad,New South Wales,,heliport
airports,AU-0062,Australia,3316,,,,,,,333741S,1501824E,,Blackheath - NPWS Helipad,New South Wales,,heliport
airports,AU-0063,Australia,31,,,,,,,284830S,1531704E,,Lismore - Mortimer Oval Helicopter Landing Site,New South Wales,,heliport
airports,AU-0064,Australia,32,,,,,,,284804S,1531717E,,Lismore Helibase,New South Wales,,heliport
airports,AU-0065,Australia,30,,,,,,,334421S,1511837E,,Long Reef Helipad,New South Wales,,heliport
airports,AU-0066,Australia,33,,,,,,,241058S,1515257E,,Agnes Water SES Grounds HLS,Queensland,,heliport
airports,AU-0067,Australia,185,,,,,,,131410S,1310628E,,Adelaide River Helicopter Landing Site,Northern Territory,,heliport
airports,AU-0068,Australia,19,,,,,,,272411S,1532623E,,Amity Heliport,Queensland,,heliport
airports,AU-0069,Australia,832,,,,,,,341235S,1504729E,,Appin Colliery Helipad,New South Wales,,heliport
airports,AU-0070,Australia,2840,,,,,,,331610S,1500330E,,Baal Bone Colliery Helipad,New South Wales,,heliport
airports,AU-0071,Australia,58,,,,,,,351913S,1394733E,,Sherlock Ultralight Airfield,South Australia,,small_airport
airports,AU-0072,Australia,2134,,,,,,,352652S,1494803E,,Braidwood Helicopter Landing Site,New South Wales,,heliport
airports,AU-0073,Australia,35,,,,,,,232829S,1134757E,,Warroora Station Airstrip,Western Australia,,small_airport
airports,AU-0074,Australia,174,,,,,,,381310S,1471009E,,Longford Heliport,Victoria,,heliport
airports,AU-0075,Australia,4555,,,,,,,370159S,1471819E,,Horse Hair Plain Aerodrome,Victoria,,closed
airports,AU-0076,Australia,1195,,,,,,,341402S,1504947E,,West Cliff Colliery Helipad,New South Wales,,heliport
airports,AU-0077,Australia,495,,,,,,,283706S,1524736E,,Toonumbar Dam Helipad,New South Wales,,heliport
airports,AU-0078,Australia,25,,,,,,,293936S,1530620E,,Tucabia Oval Helicopter Landing Site,New South Wales,,heliport
airports,AU-0079,Australia,1210,,,,,,,282808S,1523304E,,Urbenville Helipad,New South Wales,,heliport
airports,AU-0080,Australia,40,,,,,,,340225S,1510948E,,Wanda Beach Helipad,New South Wales,,heliport
airports,AU-0081,Australia,20,,,,,,,240646S,1524256E,,Lady Elliot Island Airstrip,Queensland,,small_airport
airports,AU-0082,Australia,41,,,,,,,220532S,1493108E,,Clairview Heliport,Queensland,,heliport
airports,AU-0083,Australia,874,,,,,,,224937S,1473752E,,Clermont Hospital Helipad,Queensland,,heliport
airports,AU-0084,Australia,5,,,,,,,272403S,1530950E,,Brisbane Water Police Helipad,Queensland,,heliport
airports,AU-0085,Australia,158,,,,,,,303436S,1151406E,,Nambung Station Private Airstrip,Western Australia,,small_airport
airports,AU-0086,Australia,62,,,,,,,215433S,1492501E,,Carmila Town Helicopter Landing Site,Queensland,,heliport
airports,AU-0087,Australia,18,,,,,,,273203S,1531540E,,Redland Hospital Helicopter Landing Site,Queensland,,heliport
airports,AU-0088,Australia,5,,,,,,,274926S,1532433E,,Couran Cove Resort Helipad,Queensland,,heliport
airports,AU-0089,Australia,1764,,,,,,,271553S,1520331E,,Crows Nest Helipad,Queensland,,heliport
airports,AU-0090,Australia,441,,,,,,,233918S,1492016E,,Dingo Airstrip,Queensland,,small_airport
airports,AU-0091,Australia,428,,,,,,,235052S,1501544E,,Dululu Helicopter Landing Site,Queensland,,heliport
airports,AU-0092,Australia,593,,,,,,,233059S,1480914E,,Emerald Hospital Helicopter Landing Site,Queensland,,heliport
airports,AU-0093,Australia,62,,,,,,,245736S,1531855E,,Orchid Beach Resort Helipad,Queensland,,heliport
airports,AU-0094,Australia,339,,,,,,,253519S,1530352E,,Toby's Gap Airstrip,Queensland,,small_airport
airports,AU-0095,Australia,10,,,,,,,200926S,1485653E,,Hook Island Helipad,Queensland,,heliport
airports,AU-0096,Australia,986,,,,,,,212919S,1482130E,,Hail Creek Mine Heliport,Queensland,,heliport
airports,AU-0097,Australia,802,,,,,,,261046S,1520356E,,Goomeri Oval Helicopter Landing Site,Queensland,,heliport
airports,AU-0098,Australia,10,,,,,,,275811S,1532537E,,Gold Coast Water Police Helicopter Landing Site,Queensland,,heliport
airports,AU-0099,Australia,1240,,,,,,,212138S,1480655E,,Glenden Township Heliport,Queensland,,heliport
airports,AU-0100,Australia,108,,,,,,,235059S,1511454E,,Gladstone Hospital Helipad,Queensland,,heliport
airports,AU-0101,Australia,45,,,,,,,234625S,1511936E,,Facing Island Farmers Cove Helicopter Landing Site,Queensland,,heliport
airports,AU-0102,Australia,73,,,,,,,235232S,1512218E,,Facing Island - Gatcomb Head Helipad,Queensland,,heliport
airports,AU-0103,Australia,33,,,,,,,253017S,1530745E,,Eurong Heliport,Queensland,,heliport
airports,AU-0104,Australia,736,,,,,,,283632S,1502107E,,Boggabilla Fuel Depot Landing Site,New South Wales,,heliport
airports,AU-0105,Australia,740,,,,,,,283857S,1502040E,,Boggabilla Airstrip,New South Wales,,small_airport
airports,AU-0106,Australia,800,,,,,,,284157S,1145439E,,Valley View,Western Australia,,small_airport
airports,AU-0107,Australia,,,,,,,,324021S,1154722E,,Midway,Western Australia,,small_airport
airports,AU-0108,Australia,,,,,,,,324712S,1155437E,,Wheeler Drome,Western Australia,,small_airport
airports,AU-0109,Australia,,,,,,,,330541S,1154301E,,Unknown Farm Strip,Western Australia,,small_airport
airports,AU-0110,Australia,67,,,,,,,113257S,1325451E,,Murgenella Airstrip,Northern Territory,,small_airport
airports,AU-0111,Australia,1852,,,,,,,375133S,1452235E,,Olinda (DSE) Helibase,Victoria,,heliport
airports,AU-0112,Australia,2186,,,,,,,223910S,1332050E,,Aileron Airstrip,Northern Territory,,small_airport
airports,AU-0113,Australia,,,,,,,,262427S,1142713E,,Overlander Airport,Western Australia,,small_airport
airports,AU-0114,Australia,,,,,,,,322247S,1504142E,,Denman Farm Strip,New South Wales,,small_airport
airports,AU-0115,Australia,36,,,,,,,343321S,1393531E,,Swan Reach Airport,South Australia,,small_airport
airports,AU-0116,Australia,1994,,,,,,,224807S,1342412E,,Alcoota Station Airport,Northern Territory,,small_airport
airports,AU-0117,Australia,37,,,,,,,131450S,1355055E,,Balma Airfield,Northern Territory,,small_airport
airports,AU-0118,Australia,394,,,,,,,132236S,1312943E,,Ban Ban Airfield,Northern Territory,,small_airport
airports,AU-0119,Australia,969,,,,,,,184754S,1340222E,,Banka Banka Airstrip,Northern Territory,,small_airport
airports,AU-0120,Australia,,,,,,,,130846S,1354902E,,Baygurrtji Airfield,Northern Territory,,small_airport
airports,AU-0121,Australia,306,,,,,,,360536S,1434657E,,Wright Field,Victoria,,small_airport
airports,AU-0122,Australia,51,,,,,,,124901S,1362817E,,Birany Birany Airfield,Northern Territory,,small_airport
airports,AU-0123,Australia,372,,,,,,,160710S,1302544E,,Bullita Airfield,Northern Territory,,small_airport
airports,AU-0124,Australia,1301,,,,,,,175947S,1292055E,,Bunda Landing Ground,Northern Territory,,small_airport
airports,AU-0125,Australia,1612,,,,,,,212959S,1305742E,,Chilla Well Landing Ground,Northern Territory,,small_airport
airports,AU-0126,Australia,764,,,,,,,155203S,1343332E,,Cox River Landing Ground,Northern Territory,,small_airport
airports,AU-0127,Australia,34,,,,,,,124247S,1303722E,,Crab Claw Island Landing Ground,Northern Territory,,small_airport
airports,AU-0128,Australia,330,,,,,,,125320S,1352759E,,Donydji Airport,Northern Territory,,small_airport
airports,AU-0129,Australia,758,,,,,,,141555S,1324947E,,Manyallaluk Airport,Northern Territory,,small_airport
airports,AU-0130,Australia,31,,,,,,,125219S,1303242E,,Finniss River Landing Ground,Northern Territory,,small_airport
airports,AU-0131,Australia,238,,,,,,,141117S,1305253E,,Fish River Landing Ground,Northern Territory,,small_airport
airports,AU-0132,Australia,900,,,,,,,304238S,1500222E,,Boggabri Hospital Heliport,New South Wales,,heliport
airports,AU-0133,Australia,620,,,,,,,284416S,1523730E,,Bonalbo - Cricket oval HLS,New South Wales,,heliport
airports,AU-0134,Australia,1620,,,,,,,342636S,1484216E,,Boorowa Helicopter Landing Site,New South Wales,,heliport
airports,AU-0135,Australia,2291,,,,,,,351514S,1492640E,,Bungendore Helicopter Landing Site,New South Wales,,heliport
airports,AU-0136,Australia,1813,,,,,,,344829S,1500024E,,Bungonia NP Heliport,New South Wales,,heliport
airports,AU-0137,Australia,81,,,,,,,282611S,1532804E,,Burringbar Sports Club Helicopter Landing Site,New South Wales,,heliport
airports,AU-0138,Australia,15,,,,,,,283806S,1533437E,,Byron Central Hospital - Cavanbah Sporting Complex HLS,New South Wales,,heliport
airports,AU-0139,Australia,50,,,,,,,124507S,1302255E,,Dundee Beach First Aid Post Helipad,Northern Territory,,heliport
airports,AU-0140,Australia,104,,,,,,,124614S,1303146E,,Dundee Downs First Aid Post HLS,Northern Territory,,heliport
airports,AU-0141,Australia,117,,,,,,,123000S,1304556E,,Gerald Farm Airfield,Northern Territory,,small_airport
airports,AU-0142,Australia,511,,,,,,,135819S,1312430E,,Gypsy Springs - African Mahogany HLS,Northern Territory,,heliport
airports,AU-0143,Australia,341,,,,,,,142624S,1321615E,,Katherine Hospital Helipad,Northern Territory,,heliport
airports,AU-0144,Australia,308,,,,,,,322404S,1514444E,,Dungog Hospital Helipad,New South Wales,,heliport
airports,AU-0145,Australia,623,,,,,,,341306S,1504301E,,Appin West Colliery Heliport,New South Wales,,heliport
airports,AU-0146,Australia,190,,,,,,,334946S,1504840E,,Aussies - Austral Bricks Helicopter landing Site,New South Wales,,heliport
airports,AU-0147,Australia,986,,,,,,,305706S,1490354E,,"Baradine Oval Helicopter landing Site,",New South Wales,,heliport
airports,AU-0148,Australia,1471,,,,,,,265322S,1520617E,,Blackbutt Helicopter Landing Site,Queensland,,heliport
airports,AU-0149,Australia,897,,,,,,,303752S,1500828E,,Boggabri Coal Homestead Helipad,New South Wales,,heliport
airports,AU-0150,Australia,317,,,,,,,334441S,1505926E,,Baulkham Hills Private Hospital Helicopter Landing Site,New South Wales,,heliport
airports,AU-0151,Australia,630,,,,,,,242336S,1503043E,,Biloela Sports Field Helicopter Landing Site,Queensland,,heliport
airports,AU-0152,Australia,595,,,,,,,130734S,1304817E,,LNP Florence Buley Rd Intersection Helicopter Landing Site,Northern Territory,,heliport
airports,AU-0153,Australia,328,,,,,,,130548S,1304704E,,LNP Florence Falls Campground Helicopter Landing Site,Northern Territory,,heliport
airports,AU-0154,Australia,724,,,,,,,131224S,1304516E,,LNP Lost City Gravel Pit Helicopter Landing Site,Northern Territory,,heliport
airports,AU-0155,Australia,126,,,,,,,131518S,1304355E,,LNP Sandy Creek Falls Helicopter Landing Site,Northern Territory,,heliport
airports,AU-0156,Australia,216,,,,,,,130612S,1305041E,,LNP Termite Mounds Carpark Helicopter Landing Site,Northern Territory,,heliport
airports,AU-0157,Australia,216,,,,,,,131209S,1304249E,,LNP Tolmer Falls Carpark Helicopter Landing Site,Northern Territory,,heliport
airports,AU-0158,Australia,404,,,,,,,130450S,1304133E,,LNP Walker Creek Ranger Station Helicopter Landing Site,Northern Territory,,heliport
airports,AU-0159,Australia,112,,,,,,,130944S,1304054E,,LNP Wangi Carpark Helicopter Landing Site,Northern Territory,,heliport
airports,AU-0160,Australia,235,,,,,,,114549S,1305330E,,Pickertaramoor Oval Helicopter Landing Site,Northern Territory,,heliport
airports,AU-0161,Australia,2248,,,,,,,354014S,1490407E,,Caloola Farm Top Naas Valley Helicopter Landing Site,Australian Capital Territory,,heliport
airports,AU-0162,Australia,2566,,,,,,,352942S,1491706E,,Canberra Training Area C30 Helicopter Landing Site,Australian Capital Territory,,heliport
airports,AU-0163,Australia,2996,,,,,,,332107S,1500556E,,Angus Place Colliery Heliport,New South Wales,,heliport
airports,AU-0164,Australia,82,,,,,,,335537S,1510122E,,Bankstown - City Sports Complex HLS,New South Wales,,heliport
airports,AU-0165,Australia,18,,,,,,,322419S,1521211E,,Bulahdelah Showground Helicopter Landing Site,New South Wales,,heliport
airports,AU-0166,Australia,772,,,,,,,220223S,1481540E,,Poitrel Mine Helicopter Landing Site,Queensland,,heliport
airports,AU-0167,Australia,5752,,,,,,,362602S,1482000E,,Charlotte Pass Medical Centre HLS,New South Wales,,heliport
airports,AU-0168,Australia,39,,,,,,,354315S,1501143E,,Batemans Bay ALT Hanging Rock HLS,New South Wales,,heliport
airports,AU-0169,Australia,46,,,,,,,354229S,1501021E,,Batemans Bay Mackay Park HLS,New South Wales,,heliport
airports,AU-0170,Australia,2160,,,,,,,332425S,1493426E,,Bathurst Hospital Alternate (Victoria Park) Helipad,New South Wales,,heliport
airports,AU-0171,Australia,4900,,,,,,,355623S,1482238E,,Cabramurra Helicopter Landing Site,New South Wales,,heliport
airports,AU-0172,Australia,2650,,,,,,,332639S,1490003E,,Cadia Mine(Ridgeway) Helicopter Landing Site,New South Wales,,heliport
airports,AU-0173,Australia,204,,,,,,,340311S,1504128E,,Camden - Onslow Park HLS,New South Wales,,heliport
airports,AU-0174,Australia,461,,,,,,,363646S,1440106E,,Derby Field,Victoria,,small_airport
airports,AU-0175,Australia,298,,,,,,,375501S,1442901E,,Rothwell Airfield,Victoria,,small_airport
airports,AU-0176,Australia,2799,,,,,,,414945S,1460244E,,New Pelion Hut Helipad,Tasmania,,heliport
airports,AU-0177,Australia,,,,,,,,542954S,1585616E,,Macquarie Island Station Heliport,Tasmania,,heliport
airports,AU-0180,Australia,,,,,,,,350112S,1383406E,,Flinders Medical Centre Helipad,South Australia,,heliport
airports,AU-0181,Australia,,,,,,,,344455S,1383957E,,Lyell McEwin Hospital Helipad,South Australia,,heliport
airports,AU-0182,Australia,,,,,,,,344043S,1385005E,,Parra Wirra Helipad,South Australia,,small_airport
airports,AU-0183,Australia,,,,,,,,350741S,1391650E,,Murray Bridge Soldiers Memorial Hospital Helipad,South Australia,,heliport
airports,AU-0184,Australia,,,,,,,,351444S,1383304E,,Penny's Hill Helipad,South Australia,,heliport
airports,AU-0185,Australia,,,,,,,,353342S,1383624E,,South Coast District Hospital Helipad,South Australia,,heliport
airports,AU-0186,Australia,,,,,,,,345514S,1383510E,,Royal Adelaide Hospital Helipad,South Australia,,heliport
airports,AU-0187,Australia,,,,,,,,351603S,1385510E,,South Coast Heliport,South Australia,,heliport
airports,AU-0188,Australia,830,,,,,,,322739S,1505142E,,Strowan,New South Wales,,small_airport
airports,AU-0189,Australia,10,,,,,,,273408S,1532003E,,Coochiemudlo - Cricket Oval HLS,Queensland,,heliport
airports,AU-0190,Australia,129,,,,,,,175536S,1455524E,,Tully Hospital Heliport.,Queensland,,heliport
airports,AU-0191,Australia,25,,,,,,,124312S,1302142E,,Dundee Beach Airport,Northern Territory,,small_airport
airports,AU-0192,Australia,80,,,,,,,130909S,1300835E,,Channel Point Airport,Northern Territory,,small_airport
airports,AU-0193,Australia,121,,,,,,,130616S,1300940E,,Bulgul Airport,Northern Territory,,small_airport
airports,AU-0194,Australia,71,,,,,,,135132S,1295552E,,Sabina Airport,Northern Territory,,small_airport
airports,AU-0195,Australia,72,,,,,,,135648S,1294634E,,Nadirri Airport,Northern Territory,,small_airport
airports,AU-0196,Australia,69,,,,,,,140112S,1294918E,,Perrederr Airport,Northern Territory,,small_airport
airports,AU-0197,Australia,46,,,,,,,140129S,1294341E,,Yederr Airport,Northern Territory,,small_airport
airports,AU-0198,Australia,102,,,,,,,143237S,1293135E,,Fossil Head Airport,Northern Territory,,small_airport
airports,AU-0199,Australia,597,,,,,,,144632S,1310250E,,Wombungi Station Airport,Northern Territory,,small_airport
airports,AU-0200,Australia,66,,,,,,,153723S,1280339E,,Digger's Rest Station Airport,Western Australia,,small_airport
airports,AU-0201,Australia,92,,,,,,,162625S,1230103E,,Cygnet Bay Pearl Farm Airport,Western Australia,,small_airport
airports,AU-0202,Australia,16,,,,,,,165651S,1222951E,,Arrow Pearling Base Airport,Western Australia,,small_airport
airports,AU-0203,Australia,52,,,,,,,172137S,1235933E,,Meda Airport,Western Australia,,small_airport
airports,AU-0204,Australia,502,,,,,,,160742S,1234647E,,Koolan Island Village Airport,Western Australia,,small_airport
airports,AU-0205,Australia,735,,,,,,,213206S,1415017E,,Kynuna Town Strip (Glenagra),Queensland,,small_airport
airports,AU-0206,Australia,49,,,,,,,234823S,1140030E,,Minilya Airport,Western Australia,,small_airport
airports,AU-0207,Australia,223,,,,,,,241845S,1141923E,,Yandoo Creek Airport,Western Australia,,closed
airports,AU-0208,Australia,456,,,,,,,130705S,1430019E,,Chuulangun Airport,Queensland,,small_airport
airports,AU-0209,Australia,2500,,,,,,,285050S,1515128E,,Wyberba Airstrip,Queensland,,small_airport
airports,AU-0210,Australia,10,,,,,,,205513S,1492522E,,KESWICK ISLAND AIRSTRIP,Queensland,,small_airport
airports,AU-0211,Australia,100,,,,,,,280133S,1500135E,,Lundavra Private Airstrip,Queensland,,small_airport
airports,AU-0212,Australia,2,,,,,,,274606S,1523114E,,Mount Walker airstrip,Queensland,,small_airport
airports,AU-0213,Australia,50,,,,,,,265823S,1524000E,,mount archer,Queensland,,small_airport
airports,AU-0214,Australia,100,,,,,,,270257S,1511627E,,george lees airfield,Queensland,,small_airport
airports,AU-0215,Australia,,,,,,,,350839S,1490234E,,Hall Airport,New South Wales,,small_airport
airports,AU-0216,Australia,,,,,,,,254820S,1475711E,,FORESTVALE AIRSTRIP,Queensland,,small_airport
airports,AU-0217,Australia,568,,,,,,,285852S,1480317E,,Dirranbandi,Queensland,,small_airport
airports,AU-0218,Australia,25,,,,,,,261858S,1530219E,,Teewah airstrip,Queensland,,small_airport
airports,AU-0219,Australia,6,,,,,,,261734S,1525742E,,Greenfield (Cootharaba) Airfield,Queensland,,small_airport
airports,AU-0220,Australia,43,119,CTAF,126.8,MISC,,,381329S,1441958E,,Geelong Airport,Victoria,,closed
airports,AU-0221,Australia,,119,CTAF,126.8,MISC,,,381300S,1441958E,,Grovedale Airport,Victoria,,closed
airports,AU-0222,Australia,,,,,,,,285325S,1523404E,,Tabulam Oval Helipad,New South Wales,,heliport
airports,AU-0223,Australia,1115,,,,,,,265735S,1511409E,,Jimbour Homestead airstrip,Queensland,,small_airport
airports,AU-0224,Australia,270,,,,,,,364537S,1494814E,,frogs hollows airfield,New South Wales,,small_airport
airports,AU-0225,Australia,1080,126.7,CTAF,,,,,323807S,1380625E,,WILMINGTON RESIDENTIAL AIRPARK,South Australia,,small_airport
airports,AU-0226,Australia,2300,,,,,,,344403S,1495729E,,Marulan (Tangryang) Airstrip,New South Wales,,small_airport
airports,AU-0227,Australia,,,,,,,,332239S,1493110E,,Pipers Airfield,New South Wales,,small_airport
airports,AU-0228,Australia,,,,,,,,342938S,1492743E,,2nd Crookwell Airfield,New South Wales,,small_airport
airports,AU-0229,Australia,,,,,,,,331603S,1494333E,,Limekilns airfield,New South Wales,,small_airport
airports,AU-0230,Australia,,,,,,,,315844S,1494741E,,bungebah airfield,New South Wales,,small_airport
airports,AU-0231,Australia,,,,,,,,291508S,1475248E,,Narrandool Bush Strip,New South Wales,,small_airport
airports,AU-0232,Australia,,,,,,,,301507S,1492704E,,WeeWaa 2nd Airstrip,New South Wales,,small_airport
airports,AU-0233,Australia,,,,,,,,290651S,1502431E,,Croppa Creek airstrip,New South Wales,,small_airport
airports,AU-0234,Australia,,,,,,,,285004S,1510907E,,Texas Airstrip,Queensland,,small_airport
airports,AU-0235,Australia,,,,,,,,280317S,1515552E,,Ellinthorp Airstrip,Queensland,,small_airport
airports,AU-0236,Australia,,,,,,,,241628S,1514644E,,private airstrip agnes waters,Queensland,,small_airport
airports,AU-0237,Australia,,,,,,,,241417S,1515144E,,private airfield agnes waters,Queensland,,small_airport
airports,AU-0238,Australia,,,,,,,,241755S,1514707E,,private runway agnes waters,Queensland,,small_airport
airports,AU-0239,Australia,120,,,,,,,224425S,1503914E,,Samuel Hill Airfield ( Danger Zone RAAF Shoal water bay),Queensland,,small_airport
airports,AU-0240,Australia,,,,,,,,224541S,1502047E,,The Plains Airfield Shoal water bay RAAF,Queensland,,small_airport
airports,AU-0241,Australia,,,,,,,,222230S,1492735E,,Saint Lawrence,Queensland,,small_airport
airports,AU-0242,Australia,,,,,,,,231432S,1482119E,,Oaky Creek Airfield,Queensland,,small_airport
airports,AU-0243,Australia,,,,,,,,203731S,1484037E,,Midge Point,Queensland,,small_airport
airports,AU-0244,Australia,,,,,,,,213604S,1492930E,,temple island airstrip,Queensland,,small_airport
airports,AU-0245,Australia,,,,,,,,281745S,1531934E,,Nobbys Creek private Strip,New South Wales,,small_airport
airports,AU-0246,Australia,381,,,,,,,262528S,1525432E,,Cooroy School Oval HLS,Queensland,,heliport
airports,AU-0247,Australia,99,,,,,,,294426S,1530350E,,Clarence Valley Correctional Centre Heliport,New South Wales,,heliport
airports,AU-0248,Australia,1273,,,,,,,313007S,1504024E,,Quirindi Fire Station/Emergency Services Heliport,New South Wales,,heliport
airports,AU-0249,Australia,,,,,,,,123211S,1304159E,,Belyuen Oval Helicopter Landing Site,Northern Territory,,heliport
airports,AU-0250,Australia,1248,,,,,,,324502S,1483847E,,Yeoval Oval Helicopter Landing Site,New South Wales,,heliport
airports,AU-0251,Australia,1234,121,CTAF,,,,,341519S,1504822E,,Cataract Dam Heliport,New South Wales,,heliport
airports,AU-0252,Australia,,,,,,,,333539S,1493241E,,airlie private strip,New South Wales,,small_airport
airports,AU-0253,Australia,,,,,,,,270251S,1530304E,,Hazelton Private Airstrip,Queensland,,small_airport
airports,AU-0254,Australia,,,,,,,,280039S,1530406E,,Tabragalba Homestead private strip,Queensland,,small_airport
airports,AU-0255,Australia,1443,,,,,,,321755S,1493334E,,Gulgong Aero Park Airport,New South Wales,,small_airport
airports,AU-0256,Australia,1442,,,,,,,321745S,1493305E,,Wyaldra Airstrip,New South Wales,,small_airport
airports,AU-0257,Australia,,,,,,,,200606S,1465431E,,Ravenswood Gold mine,Queensland,,small_airport
airports,AU-0258,Australia,,,,,,,,304016S,1512917E,,Uralla Private strip?,New South Wales,,small_airport
airports,AU-0259,Australia,,,,,,,,351219S,1464343E,,Lockhart Airstrip,New South Wales,,small_airport
airports,AU-0260,Australia,,,,,,,,354103S,1454853E,,Berrigan Airstrip,New South Wales,,small_airport
airports,AU-0261,Australia,,,,,,,,141812S,1431839E,,Yarraden station airstrip,Queensland,,small_airport
airports,AU-0262,Australia,,,,,,,,135723S,1431055E,,Coen airstrip,Queensland,,small_airport
airports,AU-0263,Australia,,,,,,,,120259S,1415422E,,Mapoon Airstrip,Queensland,,small_airport
airports,AU-0264,Australia,,,,,,,,115158S,1420031E,,Skardon River Airport,Queensland,,small_airport
airports,AU-0265,Australia,,,,,,,,341125S,1413655E,,Cullulleraine airstrip private,Victoria,,small_airport
airports,AU-0266,Australia,,,,,,,,340847S,1412005E,,Neds Corner Airport,Victoria,,small_airport
airports,AU-0267,Australia,,,,,,,,353014S,1385102E,,Hindmarsh Island private strip,South Australia,,small_airport
airports,AU-0268,Australia,,,,,,,,353144S,1385151E,,Hindmarsh International Airport,South Australia,,small_airport
airports,AU-0269,Australia,,,,,,,,120822S,1423651E,,Bramwell Tourist Park airstrip,Queensland,,small_airport
airports,AU-0270,Australia,,,,,,,,121114S,1423101E,,WENLOCK AIRSTRIP,Queensland,,small_airport
airports,AU-0271,Australia,,,,,,,,264531S,1410137E,,Arrabury Homestead,Queensland,,small_airport
airports,AU-0272,Australia,,,,,,,,255221S,1410700E,,Planet Downs OS,Queensland,,small_airport
airports,AU-0273,Australia,,,,,,,,284349S,1515129E,,Glen Aplin private strip,Queensland,,small_airport
airports,AU-0274,Australia,,,,,,,,264923S,1525839E,,Landsborough Airport,Queensland,,small_airport
airports,AU-0275,Australia,,,,,,,,230403S,1494306E,,Glenroy private strip,Queensland,,small_airport
airports,AU-0276,Australia,,,,,,,,200531S,1482636E,,cape cloucester airstrip    300m length,Queensland,,small_airport
airports,AU-0277,Australia,,,,,,,,335701S,1493352E,,Burraga Airstrip no.1,New South Wales,,small_airport
airports,AU-0278,Australia,,,,,,,,335622S,1492942E,,Burraga Airstrip no.2,New South Wales,,small_airport
airports,AU-0279,Australia,,,,,,,,145526S,1330342E,,Mataranka township airport,Northern Territory,,small_airport
airports,AU-0280,Australia,,,,,,,,142555S,1321414E,,Emungalan airstrip,Northern Territory,,small_airport
airports,AU-0281,Australia,,,,,,,,142646S,1321622E,,Katherine North Airstrip,Northern Territory,,small_airport
airports,AU-0282,Australia,,,,,,,,143336S,1321348E,,Manbulloo Airstrip,Northern Territory,,small_airport
airports,AU-0283,Australia,,,,,,,,143434S,1323019E,,Venn airstrip,Northern Territory,,small_airport
airports,AU-0284,Australia,,,,,,,,145445S,1330709E,,Elsey private airstrip,Northern Territory,,small_airport
airports,AU-0285,Australia,,,,,,,,145908S,1330506E,,Elsey private airstrip no. 2,Northern Territory,,small_airport
airports,AU-0286,Australia,,,,,,,,143659S,1352922E,,Wuyagiba Airport,Northern Territory,,small_airport
airports,AU-0287,Australia,,,,,,,,142308S,1351956E,,Mumpumampu Airport,Northern Territory,,small_airport
airports,AU-0288,Australia,,,,,,,,132921S,1353235E,,Ngilipitji  Airport,Northern Territory,,small_airport
airports,AU-0289,Australia,,,,,,,,130315S,1361013E,,Dhuruputjpl Airport,Northern Territory,,small_airport
airports,AU-0290,Australia,,,,,,,,121322S,1364219E,,Gunyangara Airstrip,Northern Territory,,small_airport
airports,AU-0291,Australia,,,,,,,,124123S,1363755E,,Buymarr Airport,Northern Territory,,small_airport
airports,AU-0292,Australia,,,,,,,,121244S,1361405E,,Yinyikay airport,Northern Territory,,small_airport
airports,AU-0293,Australia,,,,,,,,121134S,1361736E,,Rorruwuy airport,Northern Territory,,small_airport
airports,AU-0294,Australia,,,,,,,,120438S,1361613E,,Matamata airport,Northern Territory,,small_airport
airports,AU-0295,Australia,,,,,,,,120030S,1362809E,,Barrkira Airport,Northern Territory,,small_airport
airports,AU-0296,Australia,,,,,,,,181042S,1455700E,,Dallachy(Cardwell) Aerodrome,Queensland,,small_airport
airports,AU-0297,Australia,,,,,,,,164936S,1453115E,,Koah Airport,Queensland,,small_airport
airports,AU-0298,Australia,276,,,,,,,193506S,1464647E,,Ace Aerodrome Starke Field,Queensland,,small_airport
airports,AU-0299,Australia,,,,,,,,194334S,1472102E,,Home Hill Aerodrome,Queensland,,small_airport
airports,AU-0300,Australia,,,,,,,,201532S,1471928E,,Johnnycake Homestead,Queensland,,small_airport
airports,AU-0301,Australia,,,,,,,,210532S,1465157E,,Mount Coolon Homestead Airfield,Queensland,,small_airport
airports,AU-0302,Australia,,,,,,,,211020S,1475431E,,Newlands Coalmine Airport,Queensland,,small_airport
airports,AU-0303,Australia,,,,,,,,212018S,1475405E,,Newlands Coalmine Airport no.2,Queensland,,small_airport
airports,AU-0304,Australia,,,,,,,,215346S,1482215E,,Coppabella Airport,Queensland,,small_airport
airports,AU-0305,Australia,,,,,,,,215118S,1490157E,,Tierawoomba Homestead Airport,Queensland,,small_airport
airports,AU-0306,Australia,,,,,,,,240655S,1492834E,,Woorabinda Airport,Queensland,,small_airport
airports,AU-0307,Australia,1019,,,,,,,261511S,1515548E,,Murgon Airport,Queensland,,small_airport
airports,AU-0308,Australia,,,,,,,,120937S,1361028E,,Mudhamul Airport,Northern Territory,,small_airport
airports,AU-0309,Australia,,,,,,,,353024S,1465949E,,Henty Airport,New South Wales,,small_airport
airports,AU-0310,Australia,,,,,,,,353025S,1470634E,,HentyField Days Site Airport,New South Wales,,small_airport
airports,AU-0311,Australia,1686,,,,,,,351008S,1485744E,,Wallaroo Private Airstrip,New South Wales,,small_airport
airports,AU-0312,Australia,,,,,,,,344118S,1495333E,,Southern tablelands gliding club,New South Wales,,small_airport
airports,AU-0313,Australia,,,,,,,,283658S,1491520E,,Worral Creek private strip,Queensland,,small_airport
airports,AU-0314,Australia,,,,,,,,283519S,1493442E,,Boomi airport,New South Wales,,small_airport
airports,AU-0315,Australia,,,,,,,,282939S,1492723E,,North Talwood Airfield,New South Wales,,small_airport
airports,AU-0316,Australia,,,,,,,,325903S,1481442E,,Parkes private strip,New South Wales,,small_airport
airports,AU-0317,Australia,,,,,,,,322621S,1485303E,,Grange View homestead airfield,New South Wales,,small_airport
airports,AU-0318,Australia,,,,,,,,310236S,1501704E,,Gunnedah Airfield   SES Only,New South Wales,,small_airport
airports,AU-0319,Australia,,,,,,,,305540S,1504806E,,Attunga Private airstrp,New South Wales,,small_airport
airports,AU-0320,Australia,,,,,,,,304041S,1503858E,,Manilla Paragliding,New South Wales,,small_airport
airports,AU-0321,Australia,110,,,,,,,191114S,1462941E,,Bluewater park Airstrip,Queensland,,small_airport
airports,AU-0322,Australia,,,,,,,,375609S,1442214E,,Wooloomanata Airfield,Victoria,,small_airport
airports,AU-0323,Australia,,,,,,,,410146S,1472459E,,Bridport 2nd Airstrip,Tasmania,,small_airport
airports,AU-0324,Australia,40,126.7,MISC,,,,,405955S,1472914E,,Lost Farm Golf Course (Barnbougle),Tasmania,,small_airport
airports,AU-0325,Australia,135,,,,,,,405148S,1480852E,,Musselroe Bay Private Airstrip,Tasmania,,small_airport
airports,AU-0326,Australia,,,,,,,,415345S,1472840E,,North Campbell Town Airfield,Tasmania,,small_airport
airports,AU-0327,Australia,,,,,,,,332240S,1420802E,,Pooncarie Airstrip,New South Wales,,small_airport
airports,AU-0328,Australia,,,,,,,,214338S,1192337E,,Hillside Station Airfield,Western Australia,,small_airport
airports,AU-0329,Australia,912,,,,,,,213732S,1185748E,,Woodstock Airport (Marble Bar),Western Australia,,small_airport
airports,AU-0330,Australia,2248,,,,,,,180816S,1452541E,,Goshen Station Airport,Queensland,,small_airport
airports,AU-0331,Australia,110,,,,,,,323147S,1375109E,,Stirling North/Flinders Field Airport,South Australia,,small_airport
airports,AU-0332,Australia,,,,,,,,370305S,1425113E,,Concongella private airfield,Victoria,,small_airport
airports,AU-0333,Australia,,,,,,,,372837S,1451559E,,Ling Lake Airfield,Victoria,,small_airport
airports,AU-0334,Australia,,,,,,,,373147S,1444456E,,Sunbury East Airport,Victoria,,small_airport
airports,AU-0336,Australia,197,,,,,,,383619S,1460315E,,Stony Creek (Buffalo) Airfield,Victoria,,small_airport
airports,AU-0337,Australia,,,,,,,,381719S,1470824E,,Gleneagles Park Station,Victoria,,small_airport
airports,AU-0338,Australia,,,,,,,,375332S,1464620E,,Lake Glen Maggie Airfield (Coongulla),Victoria,,small_airport
airports,AU-0339,Australia,,,,,,,,285848S,1474853E,,Hebel airstrip,Queensland,,small_airport
airports,AU-0340,Australia,,,,,,,,323709S,1511051E,,Singleton Military Area airstrip,New South Wales,,small_airport
airports,AU-0341,Australia,558,,,,,,,363553S,1454323E,,Violet Town Airfield,Victoria,,small_airport
airports,AU-0342,Australia,,,,,,,,300202S,1490109E,,Burren Junction Airstrip,Victoria,,small_airport
airports,AU-0343,Australia,,,,,,,,345436S,1455334E,,Coleambally Airport No.2,New South Wales,,small_airport
airports,AU-0344,Australia,,,,,,,,375756S,1405330E,,Caroline Airstrip,South Australia,,small_airport
airports,AU-0345,Australia,,,,,,,,233026S,1331538E,,Hamilton Downs Airstrip,Northern Territory,,small_airport
airports,AU-0346,Australia,,,,,,,,273321S,1520513E,,Emu Gully (Toowoomba) Airfield,Queensland,,small_airport
airports,AU-0347,Australia,,,,,,,,273254S,1522331E,,Crowley Vale private airfield,Queensland,,small_airport
airports,AU-0348,Australia,,,,,,,,270549S,1523612E,,Mccarons private strip,Queensland,,small_airport
airports,AU-0349,Australia,,,,,,,,270539S,1523119E,,Cooeeimbardi airstrip Private?,Queensland,,small_airport
airports,AU-0350,Australia,,,,,,,,245717S,1520510E,,Bully Yard private Airfield,Queensland,,small_airport
airports,AU-0351,Australia,122,119.55,FIA,,,,,234902S,1504905E,,Old Station Airfield,Queensland,,small_airport
airports,AU-0352,Australia,72,,,,,,,220750S,1495950E,,Quail Island Airstrip,Queensland,,small_airport
airports,AU-0353,Australia,75,,,,,,,220859S,1495505E,,Long Island Airstrip,Queensland,,small_airport
airports,AU-0354,Australia,,,,,,,,220020S,1495112E,,Wild Duck Island Airstrip,Queensland,,small_airport
airports,AU-0355,Australia,,,,,,,,190726S,1455007E,,Paluma Airstrip,Queensland,,small_airport
airports,AU-0356,Australia,,,,,,,,202244S,1435715E,,Dutton River Homestead airstrip,Queensland,,small_airport
airports,AU-0357,Australia,,,,,,,,340706S,1501306E,,Yerranderie Airfield,New South Wales,,small_airport
airports,AU-0358,Australia,,,,,,,,310158S,1475322E,,Marthaguy airstrip private,New South Wales,,small_airport
airports,AU-0359,Australia,2,,,,,,,344857S,1503942E,,Jaspers Brush Airfield,New South Wales,,small_airport
airports,AU-0360,Australia,,,,,,,,344951S,1503442E,,Cambewarra Airstrip,New South Wales,,small_airport
airports,AU-0361,Australia,,,,,,,,281654S,1411551E,,Cameron Corner airstrip,Queensland,,small_airport
airports,AU-0362,Australia,,,,,,,,305046S,1431351E,,Polpah White Cliffs Airstrip,New South Wales,,small_airport
airports,AU-0363,Australia,,,,,,,,301128S,1442555E,,Salt lake Airstrip,New South Wales,,small_airport
airports,AU-0364,Australia,,,,,,,,304036S,1441758E,,Keelameara Airport,New South Wales,,small_airport
airports,AU-0365,Australia,,,,,,,,304230S,1440217E,,Myall Airstrip,New South Wales,,small_airport
airports,AU-0366,Australia,,,,,,,,300425S,1443411E,,Conlea,New South Wales,,small_airport
airports,AU-0367,Australia,,,,,,,,300807S,1445402E,,Unknown airstrip,New South Wales,,small_airport
airports,AU-0368,Australia,,,,,,,,280908S,1410757E,,Cameron Corner bush strip,Queensland,,small_airport
airports,AU-0369,Australia,,,,,,,,285740S,1443815E,,Ningaling homestead,New South Wales,,small_airport
airports,AU-0370,Australia,453,,,,,,,285507S,1444559E,,Wombah Homestead Airfield,Queensland,,small_airport
airports,AU-0371,Australia,,,,,,,,285833S,1471234E,,Byra Airefield,Queensland,,small_airport
airports,AU-0372,Australia,,,,,,,,313647S,1515431E,,Cooplacurripa,New South Wales,,small_airport
airports,AU-0373,Australia,,,,,,,,312420S,1431117E,,Wilcannia airstrip,New South Wales,,small_airport
airports,AU-0374,Australia,482,,,,,,,283135S,1143758E,,Taylors Private Airfield,Western Australia,,small_airport
airports,AU-0375,Australia,,,,,,,,324333S,1420629E,,Menindee airfield,New South Wales,,small_airport
airports,AU-0376,Australia,365,,,,,,,313949S,1403719E,,Yarramba Station Airfield,South Australia,,small_airport
airports,AU-0377,Australia,885,,,,,,,321731S,1402425E,,Wiawera Station Airstrip,South Australia,,small_airport
airports,AU-0378,Australia,,,,,,,,330125S,1422050E,,Whurlie Station Airport,New South Wales,,small_airport
airports,AU-0379,Australia,,,,,,,,325638S,1422333E,,Menindee Airport,New South Wales,,small_airport
airports,AU-0380,Australia,214,,,,,,,325050S,1422833E,,Menindee Number 2 Airport,New South Wales,,small_airport
airports,AU-0381,Australia,,,,,,,,324412S,1422121E,,Bindara Airstrip,New South Wales,,small_airport
airports,AU-0382,Australia,,,,,,,,320515S,1425341E,,four mile lake airstrip,New South Wales,,small_airport
airports,AU-0383,Australia,,,,,,,,352028S,1461706E,,Urana Aerodrome,New South Wales,,small_airport
airports,AU-0384,Australia,300,,,,,,,331858S,1401141E,,Pine Valley Airstrip,South Australia,,small_airport
airports,AU-0385,Australia,,,,,,,,323355S,1422407E,,Bono Station Airport,New South Wales,,small_airport
airports,AU-0386,Australia,595,,,,,,,364623S,1453507E,,Euroa Wingnells Airfield,Victoria,,closed
airports,AU-0387,Australia,,,,,,,,313435S,1432945E,,Murtee Station,New South Wales,,small_airport
airports,AU-0388,Australia,,,,,,,,320703S,1425855E,,Barraroo Airstrip,New South Wales,,small_airport
airports,AU-0389,Australia,200,,,,,,,323726S,1422628E,,Menindee Number 3 Airport,New South Wales,,small_airport
airports,AU-0390,Australia,,,,,,,,322802S,1425430E,,Menindee airfield no 4,New South Wales,,small_airport
airports,AU-0391,Australia,,,,,,,,361745S,1455558E,,St James Private airfield,Victoria,,small_airport
airports,AU-0392,Australia,,,,,,,,371528S,1435805E,,Smeaton airfield private,Victoria,,small_airport
airports,AU-0393,Australia,,,,,,,,344600S,1415628E,,Murray-Sunset Airport,Victoria,,small_airport
airports,AU-0394,Australia,,,,,,,,341402S,1421604E,,Trentham Cliffs airstrip,New South Wales,,small_airport
airports,AU-0395,Australia,659,,,,,,,350353S,1474115E,,Oura Private Airstrip,New South Wales,,small_airport
airports,AU-0396,Australia,,,,,,,,375127S,1465502E,,Newry Airfield,Victoria,,small_airport
airports,AU-0397,Australia,,,,,,,,380216S,1471124E,,Clydebank private Airstrip,Victoria,,small_airport
airports,AU-0398,Australia,,,,,,,,341613S,1151138E,,Kudardup Airfield,Western Australia,,small_airport
airports,AU-0399,Australia,,,,,,,,333542S,1153417E,,Ellendale Chalets Accomodation airfield,Western Australia,,small_airport
airports,AU-0400,Australia,,,,,,,,224201S,1161416E,,Wyloo Station airfield,Western Australia,,small_airport
airports,AU-0401,Australia,,,,,,,,240158S,1154143E,,West Lyons River Airstrip,Western Australia,,small_airport
airports,AU-0402,Australia,,,,,,,,230903S,1143257E,,Lyndon homestead airfield,Western Australia,,small_airport
airports,AU-0403,Australia,,,,,,,,260414S,1160909E,,Byro Station arstrip,Western Australia,,small_airport
airports,AU-0404,Australia,410,,,,,,,364052S,1451432E,,Wahring Field,Victoria,,small_airport
airports,AU-0405,Australia,450,,,,,,,363213S,1441428E,,Raywood Airfield,Victoria,,small_airport
airports,AU-0406,Australia,,,,,,,,371059S,1422026E,,Victoria Valley Airbase,Victoria,,small_airport
airports,AU-0407,Australia,,,,,,,,335340S,1495618E,,Gingkin Airfield,New South Wales,,small_airport
airports,AU-0408,Australia,,,,,,,,292915S,1420413E,,Tibooburra Homestead airstrip,New South Wales,,small_airport
airports,AU-0409,Australia,,,,,,,,301109S,1450331E,,Ballycastle homestead airstrip,New South Wales,,small_airport
airports,AU-0410,Australia,,,,,,,,330425S,1463434E,,Euabalong private airstrip,New South Wales,,small_airport
airports,AU-0411,Australia,2182,,,,,,,343040S,1502526E,,Bowral Private Airfield,New South Wales,,small_airport
airports,AU-0412,Australia,,,,,,,,334954S,1504444E,,St Mary's / Kennetts Airfield,New South Wales,,small_airport
airports,AU-0413,Australia,,,,,,,,375309S,1475602E,,Fraser Island (Gippsland reserve) airstrip,Victoria,,small_airport
airports,AU-0414,Australia,,,,,,,,375347S,1475607E,,Kelly head airstrip,Victoria,,small_airport
airports,AU-0415,Australia,420,,,,,,,381536S,1440533E,,lake Modewarre Private airstrip,Victoria,,small_airport
airports,AU-0416,Australia,,,,,,,,381538S,1440558E,,lake Modewarre Private airstrip no.2,Victoria,,small_airport
airports,AU-0417,Australia,,,,,,,,381937S,1441410E,,Bellbrae private airstrip,Victoria,,small_airport
airports,AU-0418,Australia,,,,,,,,375856S,1430849E,,Derrinallum (Poligolet Station) airstrip,Victoria,,small_airport
airports,AU-0419,Australia,,,,,,,,173730S,1411108E,,Normanton homestead airstrip,Queensland,,small_airport
airports,AU-0420,Australia,,,,,,,,303504S,1432051E,,Glendara Road Airstrip,New South Wales,,small_airport
airports,AU-0421,Australia,,,,,,,,133714S,1312018E,,Fenton Airfield (RAAF),Northern Territory,,small_airport
airports,AU-0422,Australia,,,,,,,,131357S,1310814E,,Adelaide River Airfield,Northern Territory,,small_airport
airports,AU-0423,Australia,,,,,,,,130037S,1310748E,,Coomalie Creek Airfield,Northern Territory,,small_airport
airports,AU-0424,Australia,,,,,,,,124120S,1310521E,,Lachlan E Purkis Memoral Airfield,Northern Territory,,small_airport
airports,AU-0425,Australia,1600,,,,,,,314613S,1505002E,,Murrurundi Hospital Heliport,New South Wales,,heliport
airports,AU-0426,Australia,300,,,,,,,251355S,1521630E,,Childers Showground Helicopter Landing Site,Queensland,,heliport
airports,AU-0427,Australia,,,,,,,,250329S,1150713E,,The junction race club airport,Western Australia,,small_airport
airports,AU-0428,Australia,,126.7,CTAF,119.5,MISC,,,320900S,1522858E,,Tuncurry Airport,New South Wales,,closed
airports,AU-0429,Australia,,127.1,CTAF,120.2,MISC,135.5,MISC,311900S,1503100E,,Breeza Airport,New South Wales,,closed
airports,AU-0430,Australia,,120.7,CTAF,122.4,MISC,122.6,MISC,335859S,1482501E,,Greenthorpe Airport,New South Wales,,closed
airports,AU-0431,Australia,56,,,,,,,153825S,1414938E,,Rutland Plains Station Airport,Queensland,,small_airport
airports,AU-0432,Australia,,,,,,,,322042S,1191113E,,Nyonger Farm Airstrip,Western Australia,,small_airport
airports,AU-0433,Australia,,,,,,,,342801S,1403018E,,Loxton private strip,South Australia,,small_airport
airports,AU-0434,Australia,,,,,,,,335311S,1380613E,,Lochiel Airfield,South Australia,,small_airport
airports,AU-0435,Australia,,,,,,,,350529S,1383940E,,Cherry Gardens Airstrip,South Australia,,small_airport
airports,AU-0436,Australia,,,,,,,,351738S,1382838E,,Aldinga private airstrip,South Australia,,small_airport
airports,AU-0437,Australia,,,,,,,,250737S,1190904E,,Three Rivers Airstrip,Western Australia,,small_airport
airports,AU-0438,Australia,,,,,,,,233254S,1190926E,,Prairie Downs Airstrip,Western Australia,,small_airport
airports,AU-0439,Australia,,,,,,,,232719S,1194809E,,Capricorn Village Airstrip,Western Australia,,small_airport
airports,AU-0440,Australia,780,,,,,,,303115S,1495401E,,Narrabri Mine Heliport.,New South Wales,,heliport
airports,AU-0441,Australia,960,,,,,,,303346S,1500713E,,Maules Creek Mine Heliport,New South Wales,,heliport
airports,AU-0442,Australia,160,,,,,,,324534S,1513615E,,New Maitland Hospital Helipad,New South Wales,,heliport
airports,AU-0443,Australia,300,,,,,,,284126S,1522231E,,Clarence Wilderness Lodge HLS,New South Wales,,heliport
airports,AU-0444,Australia,450,,,,,,,233918S,1492003E,,Dingo Hospital Helicopter Landing Site,Queensland,,heliport
airports,AU-0445,Australia,40,,,,,,,291148S,1532301E,,Evans Head RAAF Bombing Range HLS,New South Wales,,heliport
airports,AU-0446,Australia,3200,,,,,,,293109S,1521840E,,Gibraltar House HLS,New South Wales,,heliport
airports,AU-0447,Australia,30,,,,,,,344634S,1504718E,,Gerroa Sand Mine HLS,New South Wales,,heliport
airports,AU-0448,Australia,5350,,,,,,,362238S,1482232E,,Guthega Helicopter Landing Site,New South Wales,,heliport
airports,AU-0449,Australia,720,,,,,,,341049S,1510217E,,Garrawarra Farm Carpark HLS,New South Wales,,heliport
airports,AU-0450,Australia,121,,,,,,,402959S,1482017E,,Passage Island Airport,Tasmania,,small_airport
airports,AU-0451,Australia,41,,,,,,,401907S,1475322E,,Badger Island Airport,Tasmania,,small_airport
airports,AU-0452,Australia,110,,,,,,,401603S,1475544E,,Mount Chappell Island Airfield,Tasmania,,small_airport
airports,AU-0453,Australia,53,,,,,,,394142S,1475451E,,Inner Sister Island Aerodrome,Tasmania,,small_airport
airports,AU-0454,Australia,39,,,,,,,203520S,1483917E,,Laguna Quays 3 Airport,Queensland,,closed
airports,AU-0455,Australia,,,,,,,,220239S,1461656E,,Laglan airstrip,Queensland,,small_airport
airports,AU-0456,Australia,1542,,,,,,,280204S,1234854E,,Gruyere Airport,Western Australia,,small_airport
airports,AU-0458,Australia,1880,,,,,,,224843S,1323624E,,Tilmouth Airstrip,Northern Territory,,small_airport
airports,AU-0459,Australia,332,,,,,,,160332S,1291221E,,Newry (RFDS) Airstrip,Northern Territory,,small_airport
airports,AU-0460,Australia,460,,,,,,,162702S,1290026E,,Rosewood Airport,Northern Territory,,small_airport
airports,AU-0461,Australia,110,,,,,,,270336S,1464254E,,Rundalua Station Airstrip,Queensland,,small_airport
airports,AU-0462,Australia,2500,,,,,,,353112S,1480913E,,Batlow Showground Helicopter Landing Site,New South Wales,,heliport
airports,AU-0463,Australia,485,,,,,,,311505S,1420541E,,Tirlta Station Airstrip,New South Wales,,small_airport
airports,AU-0464,Australia,,,,,,,,311441S,1421657E,,Mutawintji Historic Site airstrip,New South Wales,,small_airport
airports,AU-0465,Australia,583,,,,,,,312508S,1423730E,,Grassmere Airfield,New South Wales,,small_airport
airports,AU-0466,Australia,20,,,,,,,292619S,1532130E,,Yamba Oval Helicopter Landing Site,New South Wales,,heliport
airports,AU-0467,Australia,17,,,,,,,284936S,1522851E,,Emu Creek Extreme Retreat HLS,New South Wales,,heliport
airports,AU-0468,Australia,26,,,,,,,292424S,1532110E,,Iluka Sports Oval HLS,New South Wales,,heliport
airports,AU-0469,Australia,195,,,,,,,261545S,1525234E,,Kin Kin Oval Helicopter Landing Site,Queensland,,heliport
airports,AU-0470,Australia,600,,,,,,,285427S,1524314E,,Mallanganee Oval Helicopter Landing Site,New South Wales,,heliport
airports,AU-0471,Australia,207,,,,,,,283550S,1531332E,,Nimbin Soccer Grounds HLS,New South Wales,,heliport
airports,AU-0472,Australia,958,,,,,,,325425S,1504451E,,Halfway House HLS,New South Wales,,heliport
airports,AU-0473,Australia,1685,,,,,,,263946S,1522743E,,Jimna Cricket Oval HLS,Queensland,,heliport
airports,AU-0474,Australia,13,,,,,,,231924S,1504724E,,Keppel Sands Helicopter Landing Site,Queensland,,heliport
airports,AU-0475,Australia,10,,,,,,,252325S,1530144E,,Kingfisher Resort Heliport,Queensland,,heliport
airports,AU-0476,Australia,39,,,,,,,272057S,1532521E,,Kooringal Emergency Centre HLS,Queensland,,heliport
airports,AU-0477,Australia,16,,,,,,,273810S,1532211E,,Karragarra Island Helicopter Landing Site,Queensland,,heliport
airports,AU-0478,Australia,15,,,,,,,255302S,1133350E,,Former Shark Bay Airport,Western Australia,,closed
airports,AU-0479,Australia,366,,,,,,,290011S,1405939E,,Cameron Corner Airstrip,Queensland,,small_airport
airports,AU-0480,Australia,1506,,,,,,,271717S,1230018E,,Lake Wells Station Airport,Western Australia,,small_airport
airports,AU-0481,Australia,1700,,,,,,,252014S,1310304E,,Former Ayers Rock Connellan Airport,Northern Territory,,closed
airports,AU-0482,Australia,914,,,,,,,275836S,1340844E,,Mount Willoughby South Airport,South Australia,,closed
airports,AU-0483,Australia,899,,,,,,,275715S,1340916E,,Painted Rock Road Airport,South Australia,,closed
airports,AU-0484,Australia,200,,,,,,,324650S,1422529E,,Tolarno Station Airport,New South Wales,,closed
airports,AU-0485,Australia,194,,,,,,,324950S,1422336E,,Tolarno Station South Airport,New South Wales,,small_airport
airports,AU-0486,Australia,223,,,,,,,321620S,1421847E,,Sunset Strip Airport,New South Wales,,closed
airports,AU-0487,Australia,1014,,,,,,,210323S,1441203E,,Tangorin Airport,Queensland,,small_airport
airports,AU-0488,Australia,,,,,,,,302353S,1434304E,,Tongo Woolshed Airport,New South Wales,,small_airport
airports,AU-0489,Australia,,,,,,,,305843S,1433003E,,Momba Airport,New South Wales,,small_airport
airports,AU-0490,Australia,342,,,,,,,301739S,1420815E,,Packsaddle Airport,New South Wales,,small_airport
airports,AU-0491,Australia,,,,,,,,302534S,1414326E,,Pimpara Lake Station Airport,New South Wales,,small_airport
airports,AU-0492,Australia,,,,,,,,305312S,1414201E,,Nundooka Station Airport,New South Wales,,small_airport
airports,AU-0493,Australia,,,,,,,,305505S,1411607E,,Broughams Gate Airport,New South Wales,,small_airport
airports,AU-0494,Australia,,,,,,,,302313S,1223117E,,Rough Gap Airport,Western Australia,,small_airport
airports,AU-0495,Australia,,,,,,,,304518S,1214508E,,Bulong Airport,Western Australia,,small_airport
airports,AU-0496,Australia,230,,,,,,,253830S,1404727E,,Five Mile Tank Airfield,Queensland,,closed
airports,AU-0497,Australia,1276,,,,,,,243431S,1470448E,,Albeni Station Airport,Queensland,,small_airport
airports,AU-0498,Australia,,,,,,,,113305S,1303505E,,Mark Posa Memorial Airfield,Northern Territory,,small_airport
airports,AU-0499,Australia,,,,,,,,123626S,1310313E,,Sandford Airstrip,Northern Territory,,small_airport
airports,AU-0500,Australia,,,,,,,,130832S,1310625E,,Pell Airstrip,Northern Territory,,closed
airports,AU-0501,Australia,,,,,,,,124300S,1310514E,,Livingstone Airstrip,Northern Territory,,closed
airports,AU-0502,Australia,,,,,,,,123917S,1310437E,,Strauss Airstrip,Northern Territory,,closed
airports,AU-0503,Australia,,,,,,,,134438S,1303017E,,Elizabeth Downs Airport,Northern Territory,,small_airport
airports,AU-0504,Australia,1770,,,,,,,273608S,1222008E,,Duketon Gold Airport,Western Australia,,small_airport
airports,AU-0505,Australia,,,,,,,,292223S,1222657E,,Second Fortune Gold Mine Airport,Western Australia,,small_airport
airports,AU-0506,Australia,174,,,,,,,334558S,1510657E,,Macquarie University Hospital HLS,New South Wales,,heliport
airports,AU-0507,Australia,1473,,,,,,,271537S,1231813E,,Blaxland Range Airstrip,Western Australia,,small_airport
airports,AU-0508,Australia,984,,,,,,,200312S,1430947E,,Burleigh North Airstrip,Queensland,,small_airport
airports,AU-0509,Australia,882,,,,,,,201546S,1430707E,,Burleigh Homestead Airstrip,Queensland,,small_airport
airports,AU-0510,Australia,613,,,,,,,305412S,1465008E,,Bunyarra Airstrip,New South Wales,,small_airport
airports,AU-0511,Australia,332,,,,,,,283114S,1425735E,,Bulloo Downs Airport,Queensland,,small_airport
airports,AU-0512,Australia,3,,,,,,,103519S,1421234E,,Thursday Island Hospital Heliport,Queensland,,heliport
airports,AU-0513,Australia,,,,,,,,105720S,1424214E,,OK Village Airport,Queensland,,small_airport
airports,AU-0514,Australia,,,,,,,,125414S,1414154E,,Beagle Bay Airport,Queensland,,small_airport
airports,AU-0515,Australia,,,,,,,,162234S,1435926E,,Mount Mulgrave Airport,Queensland,,small_airport
airports,AU-0516,Australia,,,,,,,,163046S,1441101E,,Bellevue Airport,Queensland,,small_airport
airports,AU-0517,Australia,,,,,,,,165609S,1441518E,,King Vol Mine Heliport,Queensland,,heliport
airports,AU-0518,Australia,,,,,,,,165343S,1441310E,,King Vol Mine Airport,Queensland,,small_airport
airports,AU-0519,Australia,,,,,,,,142918S,1264546E,,Carson River Airport,Western Australia,,small_airport
airports,AU-0520,Australia,,,,,,,,164154S,1234959E,,Kimbolton Airport,Western Australia,,small_airport
airports,AU-0521,Australia,,,,,,,,164549S,1235911E,,Robinson River Airport,Western Australia,,small_airport
airports,AU-0522,Australia,,,,,,,,175043S,1223010E,,Roebuck Plains Roadhouse Airport,Western Australia,,small_airport
airports,AU-0523,Australia,161,,,,,,,342453S,1383016E,,RAAF Base Mallala,South Australia,,closed
airports,AU-0524,Australia,764,,,,,,,283747S,1503224E,,Koarlo Airport,Queensland,,small_airport
airports,AU-0525,Australia,,,,,,,,382913S,1472238E,,Dolphin Platform Helipad,Victoria,,heliport
airports,AU-0526,Australia,2986,,,,,,,333210S,1491457E,,Blayney MPS Alternate HLS,Queensland,,heliport
airports,AU-0527,Australia,3949,,,,,,,332312S,1485919E,,Canobolas Training Area HLS,New South Wales,,heliport
airports,AU-0528,Australia,1220,,,,,,,341429S,1504917E,,Cataract Scout Park Heliport,New South Wales,,heliport
airports,AU-0529,Australia,75,,,,,,,340612S,1510326E,,Chinaman's Pad Royal National Park HLS,New South Wales,,heliport
airports,AU-0530,Australia,135,,,,,,,321428S,1522815E,,Coomba Park Helicopter Landing Site,New South Wales,,heliport
airports,AU-0531,Australia,150,,,,,,,335127S,1511239E,,Dawn Princess - Cruise Ship Helipad,New South Wales,,closed
airports,AU-0532,Australia,200,,,,,,,334814S,1505202E,,Eastern Creek Raceway HLS,New South Wales,,heliport
airports,AU-0533,Australia,950,,,,,,,332546S,1482211E,,Eugowra Sports Oval Helicopter Landing Site.,New South Wales,,heliport
airports,AU-0534,Australia,2088,,,,,,,344411S,1494342E,,Goulburn Police Academy Heliport,New South Wales,,heliport
airports,AU-0535,Australia,10,,,,,,,332532S,1510209E,,Dr Fox Airstrip,New South Wales,,small_airport
airports,AU-0536,Australia,26,,,,,,,332655S,1510423E,,Muskoka Helicopter Landing Site,New South Wales,,heliport
airports,AU-0537,Australia,1385,,,,,,,343321S,1482204E,,McLean Oval Helicopter Landing Site,New South Wales,,heliport
airports,AU-0538,Australia,,,,,,,,262440S,1525746E,,Tinbeerwah Airstrip (private),Queensland,,small_airport
airports,AU-0539,Australia,,,,,,,,335310S,1504256E,,Western Sydney International Airport (under construction),Western Australia,,closed
airports,AU-0540,Australia,49,,,,,,,334248S,1505215E,,RAAF Station Schofields,New South Wales,,closed
airports,AU-0541,Australia,138,,,,,,,335147S,1504627E,,Fleurs Aerodrome,New South Wales,,closed
airports,AU-0542,Australia,151,,,,,,,334036S,1504115E,,Castlereagh Aerodrome,New South Wales,,closed
airports,AU-0543,Australia,,,,,,,,274723S,1435206E,,norley airstrip,Queensland,,small_airport
airports,AU-0544,Australia,,,,,,,,274623S,1435705E,,Private airstrip,Queensland,,small_airport
airports,AU-0545,Australia,,,,,,,,253748S,1494633E,,Taroom airstrip,Queensland,,small_airport
airports,AU-0546,Australia,,,,,,,,253801S,1494603E,,Taroom airstrip #2 private,Queensland,,small_airport
airports,AU-0547,Australia,,,,,,,,252139S,1510632E,,Eidsvold airpstrip,Queensland,,small_airport
airports,AU-0549,Australia,,,,,,,,203517S,1392020E,,May Downs Station,Queensland,,small_airport
airports,AU-0550,Australia,,,,,,,,230146S,1422557E,,Lark Quarry Airport,Queensland,,small_airport
airports,AU-0551,Australia,,,,,,,,245334S,1440341E,,Yaraka Airport,Queensland,,small_airport
airports,AU-0552,Australia,,,,,,,,252358S,1452053E,,Caranna Station Airstrip,Queensland,,small_airport
airports,AU-0553,Australia,,,,,,,,251438S,1472252E,,Attica State Forest Airstrip,Queensland,,small_airport
airports,AU-0554,Australia,,,,,,,,230344S,1424932E,,Weona Station Airstrip,Queensland,,small_airport
airports,AU-0555,Australia,,,,,,,,234302S,1472248E,,Willows airstrip,Queensland,,small_airport
airports,AU-0556,Australia,,,,,,,,240728S,1463810E,,Drummondslope Airstrip,Queensland,,small_airport
airports,AU-0557,Australia,,,,,,,,250841S,1412052E,,Farrars Creek station Airstrip,Queensland,,small_airport
airports,AU-0558,Australia,,,,,,,,222245S,1413143E,,Middleton Racecourse Airstrip,Queensland,,small_airport
airports,AU-0559,Australia,,,,,,,,274744S,1441531E,,Wiralla Airstrip,Queensland,,small_airport
airports,AU-0560,Australia,,,,,,,,275144S,1441617E,,Thargo station airstrip,Queensland,,small_airport
airports,AU-0561,Australia,,,,,,,,212007S,1395253E,,Duchess airstrip,Queensland,,small_airport
airports,AU-0562,Australia,,,,,,,,250141S,1452626E,,Brides Creek station airstrip,Queensland,,small_airport
airports,AU-0563,Australia,,,,,,,,162223S,1412936E,,Yagoonya airstrip,Queensland,,small_airport
airports,AU-0564,Australia,,,,,,,,132610S,1425543E,,Archer River  airstrip,Queensland,,small_airport
airports,AU-0565,Australia,659,,,,,,,304105S,1155855E,,Moora Airport,Western Australia,,small_airport
airports,AU-0566,Australia,,,,,,,,205046S,1200359E,,Marble Bar  airstrip,Western Australia,,small_airport
airports,AU-0567,Australia,,,,,,,,331727S,1472242E,,Fairholme airstrip,New South Wales,,small_airport
airports,AU-0568,Australia,,,,,,,,144957S,1351147E,,Limmen Airstrip,Northern Territory,,small_airport
airports,AU-0569,Australia,,,,,,,,240114S,1140842E,,Manberry Station airstrip,Western Australia,,small_airport
airports,AU-0570,Australia,,,,,,,,123509S,1311831E,,Middle Point Airstrip,Northern Territory,,small_airport
airports,AU-0571,Australia,,,,,,,,234014S,1295834E,,Lake MacKay Airstrip,Northern Territory,,small_airport
airports,AU-0572,Australia,,,,,,,,264131S,1352355E,,Eringa airstrip,South Australia,,small_airport
airports,AU-0573,Australia,,,,,,,,294707S,1410120E,,Hawker gate House airstrip (Milparinka),New South Wales,,small_airport
airports,AU-0574,Australia,,,,,,,,282031S,1165556E,,Wagga Wagga Station airstrip,Western Australia,,small_airport
airports,AU-0575,Australia,,,,,,,,291643S,1244100E,,Plumridge Lakes airstrip,Western Australia,,small_airport
airports,AU-0576,Australia,,,,,,,,235913S,1470419E,,Port Wine Airstrip,Queensland,,small_airport
airports,AU-0577,Australia,,,,,,,,301050S,1465855E,,Brewarrina airstrip,New South Wales,,small_airport
airports,AU-0578,Australia,,,,,,,,424547S,1463340E,,YDNA,Tasmania,,small_airport
airports,AU-0579,Australia,324,,,,,,,133746S,1310514E,,Honeymoon Airstrip,Northern Territory,,small_airport
airports,AU-0580,Australia,,,,,,,,222204S,1430136E,,dont know if this is an airport,Queensland,,closed
airports,AU-0581,Australia,,,,,,,,222204S,1430136E,,dont know if this is an airport,Queensland,,closed
airports,AU-0582,Australia,1200,,,,,,,200046S,1465949E,,Hillsborough Airstrip,Queensland,,small_airport
airports,AU-0583,Australia,170,,,,,,,324811S,1412441E,,Harriedale Airfield,South Australia,,small_airport
airports,AU-0584,Australia,,,,,,,,155518S,1322319E,,Sturt Plateau airstrip,Northern Territory,,small_airport
airports,AU-0585,Australia,,,,,,,,152337S,1291525E,,Marralum Airport,Northern Territory,,small_airport
airports,AU-0586,Australia,,,,,,,,231901S,1383515E,,homestead,Northern Territory,,small_airport
airports,AU-0587,Australia,,,,,,,,251207S,1193632E,,Battle Mountain Airport,Western Australia,,small_airport
airports,AU-0588,Australia,,,,,,,,284201S,1475556E,,Cubbie station airport,Queensland,,small_airport
airports,AU-0589,Australia,,,,,,,,195020S,1432115E,,Woolgar airstrip,Queensland,,small_airport
airports,AU-0590,Australia,,,,,,,,294146S,1180259E,,Bimbijy station airstrip,Western Australia,,small_airport
airports,AU-0591,Australia,315,,,,,,,264153S,1141829E,,Coburn Station Airstrip,Western Australia,,small_airport
airports,AU-0592,Australia,,,,,,,,212942S,1415735E,,Mimong Airstrip,Queensland,,small_airport
airports,AU-0593,Australia,,,,,,,,172111S,1312526E,,bore 22 airstrip,Queensland,,small_airport
airports,AU-0594,Australia,,,,,,,,201826S,1421158E,,Beeantha station airstrip,Queensland,,small_airport
airports,AU-0595,Australia,,,,,,,,203549S,1401440E,,Corella park Station Airstrip,Queensland,,small_airport
airports,AU-0596,Australia,,,,,,,,275838S,1464140E,,Rollo Station Airstrip,Queensland,,small_airport
airports,AU-0597,Australia,,,,,,,,303620S,1434031E,,Wilcannia airstrip,New South Wales,,small_airport
airports,AU-0598,Australia,,,,,,,,293711S,1423340E,,clifton downs station airstrip,New South Wales,,small_airport
airports,AU-0599,Australia,,,,,,,,310503S,1502920E,,the airstrip,New South Wales,,small_airport
airports,AU-0600,Australia,,,,,,,,303834S,1470453E,,Branglebar station airstrip,New South Wales,,small_airport
airports,AU-0601,Australia,,,,,,,,212639S,1155648E,,Compressor station airfield,Western Australia,,small_airport
airports,AU-0602,Australia,,,,,,,,271138S,1510657E,,Darling Downs Airspray Airstrip,Queensland,,small_airport
airports,AU-0603,Australia,,,,,,,,290409S,1455955E,,Enngonia station,New South Wales,,small_airport
airports,AU-0604,Australia,,,,,,,,290205S,1461651E,,Enngonia,New South Wales,,small_airport
airports,AU-0605,Australia,,,,,,,,293719S,1460416E,,North Bourke airstrip,New South Wales,,small_airport
airports,AU-0606,Australia,,,,,,,,244140S,1473005E,,Buckland station,Queensland,,small_airport
airports,AU-0607,Australia,,,,,,,,300053S,1454936E,,Bourke no.2,New South Wales,,small_airport
airports,AU-0608,Australia,,,,,,,,292105S,1450020E,,Yantabulla Arstrip,New South Wales,,small_airport
airports,AU-0609,Australia,332,,,,,,,295904S,1444200E,,Janina homestead,New South Wales,,small_airport
airports,AU-0610,Australia,,,,,,,,294935S,1443827E,,Rainbar Airstrip,New South Wales,,small_airport
airports,AU-0611,Australia,1736,,,,,,,172101S,1443801E,,Almaden (Spring Valley) Airstrip,Queensland,,small_airport
airports,AU-0612,Australia,460,,,,,,,260458S,1521434E,,Kilkivan Helicopter Landing Site,Queensland,,heliport
airports,AU-0613,Australia,980,,,,,,,260127S,1512301E,,Manar 4WD/Motor Cross Park Heliport,Queensland,,heliport
airports,AU-0614,Australia,700,,,,,,,283701S,1501955E,,Boggabilla Airstrip (AIRCAIR),Queensland,,small_airport
airports,AU-0615,Australia,975,,,,,,,260616S,1512657E,,Boondooma Heliport,Queensland,,heliport
airports,AU-0616,Australia,650,,,,,,,293117S,1355123E,,Painted Hills Aerodrome,South Australia,,small_airport
airports,AU-0617,Australia,30,,,,,,,270058S,1530353E,,Donnybrook Airstrip,Queensland,,small_airport
airports,AU-0618,Australia,1162,,,,,,,272746S,1511233E,,Cecil Plains Airfield,Queensland,,closed
airports,AU-0619,Australia,242,,,,,,,121150S,1341709E,,Djinkar (Nangak) Airstrip,Northern Territory,,small_airport
airports,AU-0620,Australia,164,,,,,,,381153S,1443719E,,Drysdale Airstrip,Victoria,,small_airport
airports,AU-0621,Australia,1506,,,,,,,270242S,1173852E,,Glen Station Airstrip,Western Australia,,small_airport
airports,AU-0622,Australia,,,,,,,,265645S,1523928E,,Driftn-in Airstrip,Queensland,,small_airport
airports,AU-0623,Australia,292,,,,,,,303644S,1441313E,,Napunyah Airport,New South Wales,,small_airport
airports,AU-0624,Australia,322,,,,,,,301737S,1440709E,,Bimpero Airport,New South Wales,,small_airport
airports,AU-0625,Australia,270,,,,,,,341846S,1392005E,,Steinfeld Airfield,South Australia,,small_airport
airports,AU-0626,Australia,23,,,,,,,410029S,1472517E,,Original Barnbougle Airstrip,Tasmania,,small_airport
airports,AU-0627,Australia,300,126.7,MISC,,,,,410940S,1470054E,,Cranbourn Airfield,Tasmania,,small_airport
airports,AU-0628,Australia,656,,,,,,,411019S,1473031E,,Eagles Nest (Scottsdale),Tasmania,,small_airport
airports,AU-0629,Australia,,,,,,,,272509S,1530538E,,Eagle Farm Airport,Queensland,,closed
airports,AU-0630,Australia,30,,,,,,,320753S,1522603E,,RAAF Base Nabiac,New South Wales,,closed
airports,AU-0631,Australia,351,,,,,,,374042S,1442603E,,Bacchus Marsh and Melton Regional Hospital Heliport,Victoria,,heliport
airports,AU-0632,Australia,,,,,,,,331516S,1510921E,,Unknown Airfield,New South Wales,,closed
airports,AU-0633,Australia,,,,,,,,133501S,1312522E,,Long Airfield (RAAF),Northern Territory,,closed
airports,AU-0634,Australia,675,,,,,,,134504S,1314309E,,MacDonald Airfield (RAAF),Northern Territory,,closed
airports,AU-0635,Australia,,,,,,,,152909S,1331045E,,Gorrie Airfield (RAAF),Northern Territory,,small_airport
airports,AU-0636,Australia,,,,,,,,153838S,1331246E,,Birdum Airstrip (RAAF),Northern Territory,,closed
airports,AU-0637,Australia,,,,,,,,212743S,1195113E,,Corunna Downs Airport,Western Australia,,small_airport
airports,AU-0638,Australia,,,,,,,,153310S,1331322E,,Larrimah Airstrip,Northern Territory,,small_airport
airports,AU-0639,Australia,,,,,,,,260025S,1130932E,,Dirk Hartog Island Airstrip,Western Australia,,small_airport
airports,AU-0640,Australia,,,,,,,,130512S,1310213E,,Gould Airfield (RAAF),Northern Territory,,closed
airports,AU-0641,Australia,,,,,,,,143557S,1321123E,,Manbullo Airfield (RAAF),Northern Territory,,closed
airports,AU-0642,Australia,,,,,,,,271729S,1530349E,,RAAF Station Sandgate,Queensland,,closed
airports,AU-0643,Australia,,,,,,,,271658S,1525953E,,Petrie Airfield (A1),Queensland,,closed
airports,AU-0644,Australia,,,,,,,,271726S,1525930E,,Petrie Airfield (A2),Queensland,,closed
airports,AU-0645,Australia,,,,,,,,271922S,1525933E,,Petrie Airfield (A3),Queensland,,closed
airports,AU-0646,Australia,,,,,,,,430920S,1470032E,,Windrush International Airport,Tasmania,,small_airport
airports,AU-0647,Australia,25,,,,,,,250659S,1523412E,,Woodgate Helicopter Landing Site,Queensland,,heliport
airports,AU-0648,Australia,2323,,,,,,,250228S,1475615E,,Mount Moffatt Airstrip,Queensland,,small_airport
airports,AU-0649,Australia,848,,,,,,,224233S,1463359E,,Albro Station Airstrip,Queensland,,small_airport
airports,AU-0650,Australia,,,,,,,,383718S,1454008E,,Bunurong Field,Victoria,,small_airport
airports,AU-0651,Australia,75,,,,,,,354250S,1501055E,,Batemans Bay District Hospital Helipad,New South Wales,,heliport
airports,AU-0652,Australia,88,,,,,,,331406S,1512934E,,Wyong/Charmhaven Rural Fire Service Heliport,New South Wales,,heliport
airports,AU-0653,Australia,1272,,,,,,,282323S,1523622E,,Woodenbong Oval Helicopter Landing Site,New South Wales,,heliport
airports,AU-0654,Australia,7,,,,,,,290426S,1532017E,,Woodburn SES Helicopter Landing Site,New South Wales,,heliport
airports,AU-0655,Australia,452,,,,,,,145517S,1330350E,,Mataranka School Oval HLS,Northern Territory,,heliport
airports,AU-0656,Australia,1511,,,,,,,265024S,1515833E,,Yarraman Helicopter Landing Site,Queensland,,heliport
airports,AU-0657,Australia,928,,,,,,,273323S,1520054E,,Toowoomba Range Heliport,Queensland,,heliport
airports,AU-0658,Australia,75,,,,,,,185909S,1214247E,,Shelamar Station Airport,Western Australia,,small_airport
airports,AU-0659,Australia,108,,,,,,,190456S,1213950E,,Nita Downs Airport,Western Australia,,small_airport
airports,AU-0660,Australia,658,,,,,,,341350S,1503932E,,Tadji Park Airstrip,New South Wales,,small_airport
airports,AU-0661,Australia,636,,,,,,,340714S,1504946E,,Aberfoyle Airstrip,New South Wales,,small_airport
airports,AU-0662,Australia,659,,,,,,,340606S,1505238E,,Tucker Creek Airstrip,New South Wales,,small_airport
airports,AU-0663,Australia,30,,,,,,,335024S,1511253E,,Anderson Park Aerodrome,New South Wales,,closed
airports,AU-0664,Australia,135,127,CTAF,124.55,FSS,,,335434S,1505107E,,Hoxton Park Airport,New South Wales,,closed
airports,AU-0665,Australia,,126.7,CTAF,120,MISC,,,380223S,1452009E,,Berwick Airport,Victoria,,closed
airports,AU-0666,Australia,,122,CTAF,132.1,MISC,,,341000S,1500600E,,Bindook NDB,New South Wales,,closed
airports,AU-0667,Australia,,,,,,,,275805S,1525359E,,Bromelton Airport,Queensland,,closed
airports,AU-0668,Australia,,,,,,,,332411S,1511243E,,Calga NDB,New South Wales,,closed
airports,AU-0669,Australia,,,,,,,,365530S,1423017E,,Dadswells Bridge Airport,Victoria,,closed
airports,AU-0670,Australia,,,,,,,,383029S,1451246E,,Cowes Airport,Victoria,,closed
airports,AU-0671,Australia,,124.95,CTAF,126.8,MISC,,,375259S,1440458E,,Meredith Airport,Victoria,,closed
airports,AU-0672,Australia,,121.2,CTAF,122.8,MISC,126.8,MISC,154159S,1450559E,,Elderslie Airport,Queensland,,closed
airports,AU-0673,Australia,,121.2,CTAF,119.6,MISC,126.5,MISC,273337S,1522025E,,Gatton Campus Airport,Queensland,,closed
airports,AU-0674,Australia,,,,,,,,310100S,1151959E,,Lancelin Airport,Western Australia,,closed
airports,AU-0675,Australia,18,,,,,,,375148S,1444445E,,"RAAF Williams, Laverton Base",Victoria,,closed
airports,AU-0676,Australia,,,,,,,,330636S,1510816E,,Mount Mcquoid NDB,New South Wales,,closed
airports,AU-0677,Australia,,126,CTAF,125.7,MISC,,,330336S,1512742E,,Cooranbong Airport,New South Wales,,closed
airports,AU-0678,Australia,,120,CTAF,121.3,MISC,124,MISC,380518S,1452851E,,Pakenham Airport,Victoria,,closed
airports,AU-0679,Australia,290,126.7,CTAF,135.7,MISC,,,372559S,1445916E,,Wallan Airport,Victoria,,closed
airports,AU-0680,Australia,,126.7,CTAF,126.8,ML CEN,,,362549S,1432915E,,Wedderburn Airport,Victoria,,closed
airports,AU-0681,Australia,,122.4,CTAF,122.2,MISC,123.9,MISC,204032S,1170730E,,Wickham Airport,Western Australia,,closed
airports,AU-0682,Australia,2345,,,,,,,353333S,1490748E,,Williamsdale Airport,Australian Capital Territory,,closed
airports,AU-0683,Australia,,,,,,,,324524S,1513147E,,West Maitland Airport,New South Wales,,closed
airports,AU-0684,Australia,,,,,,,,374424S,1434510E,,Yarrowee Airport,Victoria,,closed
airports,AU-0685,Australia,2274,124.1,CTAF,125.7,MISC,,,345620S,1492436E,,Winderadeen ALA,New South Wales,,closed
airports,AU-0686,Australia,,126.7,CTAF,120,MISC,125.1,MISC,334826S,1150602E,,Butch Airport,Western Australia,,closed
airports,AU-0687,Australia,,122.1,CTAF,119.6,MISC,,,135047S,1413525E,,Kencherang Airport,Queensland,,closed
airports,AU-0688,Australia,,126.7,CTAF,126,MISC,,,430259S,1461958E,,Lake Pedder Airport,Tasmania,,closed
airports,AU-0689,Australia,1752,124.1,CTAF,124.8,MISC,,,255750S,1331230E,,Mount Cavenagh Airport,Northern Territory,,closed
airports,AU-0690,Australia,46,119.1,CTAF,,,,,383128S,1451939E,,Newhaven Airport,Victoria,,closed
airports,AU-0691,Australia,,126.5,CTAF,125.8,MISC,,,380700S,1470429E,,Sale Airport,Victoria,,closed
airports,AU-0692,Australia,,120.7,CTAF,122.6,MISC,,,210830S,1184131E,,Wodgina Airport,Western Australia,,closed
airports,AU-0693,Australia,,124.8,CTAF,119.6,MISC,122.4,MISC,224534S,1191337E,,Yandicoogina Airport,Western Australia,,closed
airports,AU-0694,Australia,12,,,,,,,411406S,1462346E,,Latrobe Airport,Tasmania,,closed
airports,AU-0695,Australia,68,,,,,,,310401S,1524916E,,Kempsey Hospital Helicopter Landing Site,New South Wales,,closed
airports,AU-0696,Australia,389,,,,,,,354526S,1374633E,,American River Airport,South Australia,,closed
airports,AU-0697,Australia,856,,,,,,,212610S,1194726E,,Corunna Downs (WW II),Western Australia,,closed
airports,AU-0698,Australia,312,,,,,,,334910S,1511110E,,ABC TV Studios Helipad,New South Wales,,closed
airports,AU-0699,Australia,,,,,,,,232423S,1170503E,,Ashburton Downs Homestead Airstrip,Western Australia,,closed
airports,AU-0700,Australia,729,,,,,,,295506S,1494652E,,Bellata Airstrip,New South Wales,,closed
airports,AU-0701,Australia,50,,,,,,,120759S,1250100E,,FPSO Challis Venture Helideck,(FPSOs),,closed
airports,AU-0702,Australia,1899,,,,,,,240050S,1193320E,,Bulloo Downs Station Airport,Western Australia,,small_airport
airports,AU-0703,Australia,670,122.1,CTAF,122.4,MISC,123.9,MISC,245115S,1434010E,,Navarra Airport,Queensland,,small_airport
airports,AU-0704,Australia,3,,,,,,,354246S,1501113E,,Batemans Bay Helipad,New South Wales,,heliport
airports,AU-0705,Australia,63,,,,,,,293521S,1524623E,,Copmanhurst Oval Helipad,New South Wales,,heliport
airports,AU-0706,Australia,1604,,,,,,,285532S,1522234E,,Drake Oval Helicopter Landing Site,New South Wales,,heliport
airports,AU-0707,Australia,13,,,,,,,322359S,1521159E,,Bulahdelah Helicopter Landing Site,New South Wales,,heliport
airports,AU-0708,Australia,1194,,,,,,,322540S,1400022E,,Manna Hill Airport,South Australia,,small_airport
airports,AU-0709,Australia,66,,,,,,,430616S,1475133E,,Port Arthur Heliport,Tasmania,,heliport
airports,AU-0710,Australia,177,,,,,,,410201S,1465944E,,Stony Head Military Area Airstrip,Tasmania,,small_airport
airports,AU-0711,Australia,20,,,,,,,405255S,1474350E,,Tomahawk Airstrip,Tasmania,,small_airport
airports,AU-0712,Australia,,,,,,,,401208S,1481402E,,Lady Barron Grass Airstrip,Tasmania,,small_airport
airports,AU-0713,Australia,121,,,,,,,395449S,1475713E,,Five Mile Jim Airstrip,Tasmania,,small_airport
airports,AU-0714,Australia,151,,,,,,,394654S,1475556E,,Withers Hall Airstrip,Tasmania,,small_airport
airports,AU-0715,Australia,141,,,,,,,394558S,1475404E,,Sheiling Airstrip,Tasmania,,small_airport
airports,AU-0716,Australia,479,,,,,,,394507S,1475528E,,North East River Airstrip,Tasmania,,small_airport
airports,AU-0717,Australia,203,,,,,,,392813S,1471904E,,Deal Island Airfield,Tasmania,,small_airport
airports,AU-0718,Australia,318,,,,,,,391328S,1465911E,,Madge's Island Airfield,Tasmania,,small_airport
airports,AU-0719,Australia,148,,,,,,,390735S,1462525E,,South East Point Emergency Heliport,Victoria,,heliport
airports,AU-0720,Australia,896,,,,,,,390553S,1462255E,,Telegraph Track Emergency Heliport,Victoria,,heliport
airports,AU-0721,Australia,62,,,,,,,384824S,1461135E,,Yanakie Airstrip,Victoria,,small_airport
airports,AU-0722,Australia,52,,,,,,,381248S,1453359E,,Monomeith Park Airfield,Victoria,,closed
airports,AU-0723,Australia,1138,,,,,,,372842S,1444310E,,Flying Circus Airfield,Victoria,,small_airport
airports,AU-0724,Australia,1106,,,,,,,372855S,1444401E,,Legate Airfield,Victoria,,small_airport
airports,AU-0725,Australia,1106,,,,,,,372856S,1444405E,,Marshall Airfield,Victoria,,small_airport
airports,AU-0726,Australia,1106,,,,,,,372816S,1444605E,,Emu Creek Airfield,Victoria,,small_airport
airports,AU-0727,Australia,1476,,,,,,,372330S,1444537E,,Valken Farm Airstrip,Victoria,,small_airport
airports,AU-0728,Australia,1886,,,,,,,371806S,1444014E,,Rochford Airstrip,Victoria,,small_airport
airports,AU-0729,Australia,1158,,,,,,,372607S,1444926E,,The Boreen Airstrip,Victoria,,small_airport
airports,AU-0730,Australia,1220,,,,,,,372550S,1444834E,,Blue Tongue Airfield,Victoria,,small_airport
airports,AU-0731,Australia,1362,,,,,,,372209S,1445624E,,Arkells Airfield,Victoria,,small_airport
airports,AU-0732,Australia,594,,,,,,,363120S,1460519E,,Winton Motor Raceway Heliport,Victoria,,heliport
airports,AU-0733,Australia,545,,,,,,,362442S,1462925E,,Everton (Tarrawingee) Airport,Victoria,,small_airport
airports,AU-0734,Australia,810,,,,,,,351503S,1471429E,,Bullawa Airstrip,New South Wales,,small_airport
airports,AU-0735,Australia,,,,,,,,350708S,1472125E,,Wagga Wagga Base Hospital Heliport,New South Wales,,heliport
airports,AU-0736,Australia,856,,,,,,,351009S,1474821E,,Deltroit Station Airstrip,New South Wales,,small_airport
airports,AU-0737,Australia,2703,,,,,,,351453S,1482801E,,Bondo Airstrip,New South Wales,,small_airport
airports,AU-0738,Australia,2100,,,,,,,352400S,1490956E,,Tralee Airport,New South Wales,,closed
airports,AU-0739,Australia,,,,,,,,352048S,1493027E,,Winters Helicopter Landing Paddock,New South Wales,,heliport
airports,AU-0740,Australia,95,,,,,,,155001S,1420110E,,Rutland Plains Homestead Airport,Queensland,,small_airport
airports,AU-0741,Australia,1191,,,,,,,170732S,1442336E,,Mungana Mine Airport,Queensland,,small_airport
airports,AU-0742,Australia,2329,,,,,,,172327S,1451041E,,Mont Albion Station Airstrip,Queensland,,small_airport
airports,AU-0743,Australia,1342,,,,,,,305831S,1210450E,,Bullabulling Airfield,Western Australia,,small_airport
airports,AU-0744,Australia,118,,,,,,,193450S,1211944E,,Anna Plains South Airstrip,Western Australia,,small_airport
airports,AU-0745,Australia,180,,,,,,,240533S,1513752E,,Rodds Bay Airstrip,Queensland,,small_airport
airports,AU-0746,Australia,,,,,,,,261042S,1301309E,,Former Nyapari Airstrip,South Australia,,closed
airports,AU-0747,Australia,,,,,,,,260630S,1290912E,,Kalka Airstrip,South Australia,,closed
airports,AU-0748,Australia,308,,,,,,,313957S,1370209E,,Oakden Hills Airstrip,South Australia,,small_airport
airports,AU-0749,Australia,318,,,,,,,313954S,1370318E,,Mahanewo Road Airstrip,South Australia,,small_airport
airports,AU-0750,Australia,30,,,,,,,221420S,1501806E,,Collins Island Airfield,Queensland,,small_airport
airports,AU-0751,Australia,249,,,,,,,311604S,1155019E,,Beermullah Airstrip,Western Australia,,small_airport
airports,AU-0752,Australia,706,,,,,,,303143S,1153004E,,Waddi Bush Camp Airstrip,Western Australia,,small_airport
airports,AU-0753,Australia,413,,,,,,,283157S,1143803E,,Howatharra Airstrip,Western Australia,,small_airport
airports,AU-0754,Australia,39,,,,,,,281246S,1141823E,,Lynton Airfield,Western Australia,,small_airport
airports,AU-0755,Australia,105,,,,,,,262518S,1141239E,,Hamelin Airstrip,Western Australia,,small_airport
airports,AU-0756,Australia,3,,,,,,,262708S,1133042E,,Carrarang Airstrip,Western Australia,,small_airport
airports,AU-0757,Australia,,,,,,,,261221S,1134207E,,Whale Bone Point Airfield,Western Australia,,closed
airports,AU-0758,Australia,98,,,,,,,255907S,1133425E,,Ocean Park Airstrip,Western Australia,,closed
airports,AU-0759,Australia,36,,,,,,,242415S,1132931E,,Lake MacLeod Airstrip,Western Australia,,small_airport
airports,AU-0760,Australia,,,,,,,,224037S,1134126E,,Ningaloo Station Airfield,Western Australia,,closed
airports,AU-0761,Australia,16,,,,,,,220402S,1143134E,,Wilderness Island Airstrip,Western Australia,,small_airport
airports,AU-0762,Australia,135,,,,,,,335300S,1415921E,,Rongold Station Airstrip,New South Wales,,small_airport
airports,AU-0763,Australia,33,,,,,,,140303S,1414054E,,Knox Creek Airstrip,Queensland,,small_airport
airports,AU-0764,Australia,217,,,,,,,334021S,1422508E,,Lelma Airstrip,New South Wales,,small_airport
airports,AU-0765,Australia,177,,,,,,,230719S,1504306E,,Yeppoon Aerodrome,Queensland,,small_airport
airports,AU-0766,Australia,886,,,,,,,282758S,1341125E,,Pootnoura Airfield,South Australia,,small_airport
airports,AU-0767,Australia,180,,,,,,,341543S,1420325E,,Mildura (Sunraysia Gliding Club) Airfield,Victoria,,small_airport
airports,AU-0768,Australia,1585,,,,,,,242215S,1332616E,,Orange Creek Airstrip,Northern Territory,,small_airport
airports,AU-0769,Australia,353,,,,,,,301446S,1420611E,,Shannon's Creek Emergency Airstrip,New South Wales,,small_airport
airports,AU-AGW,Australia,160,,,,,,,120844S,1420857E,,Agnew Airport,Queensland,,small_airport
airports,AU-AYD,Australia,711,,,,,,,191726S,1360444E,,Alroy Downs Airport,Northern Territory,,small_airport
airports,AU-BYX,Australia,20,,,,,,,131153S,1361337E,,Baniyala Airport,Northern Territory,,small_airport
airports,AU-COB,Australia,,,,,,,,153253S,1305743E,,Coolibah Airport,Northern Territory,,small_airport
airports,AU-CRJ,Australia,,,,,,,,315339S,1321745E,,Coorabie Airport,South Australia,,small_airport
airports,AU-CRY,Australia,,,,,,,,153006S,1283202E,,Carlton Hill Airport,Western Australia,,small_airport
airports,AU-CSD,Australia,,,,,,,,175652S,1355457E,,Cresswell Downs Airport,Northern Territory,,small_airport
airports,AU-DYM,Australia,,,,,,,,234542S,1410842E,,Diamantina Lakes Airport,Queensland,,small_airport
airports,AU-HIS,Australia,,,,,,,,200335S,1485251E,,Hayman Island Resort Seaplane Base,Queensland,,seaplane_base
airports,AU-HLV,Australia,,,,,,,,154108S,1451253E,,Helenvale Airport,Queensland,,small_airport
airports,AU-KBD,Australia,,,,,,,,172352S,1242118E,,Kimberley Downs Airport,Western Australia,,small_airport
airports,AU-KGR,Australia,,,,,,,,255034S,1331731E,,Kulgera Airport,Northern Territory,,small_airport
airports,AU-MYO,Australia,,,,,,,,175911S,1240943E,,Camballin Airport,Western Australia,,small_airport
airports,AU-PEP,Australia,83,,,,,,,140839S,1300527E,,Peppimenarti Airport,Northern Territory,,small_airport
airports,AU-RDA,Australia,,,,,,,,185711S,1351203E,,Rockhampton Downs Airport,Northern Territory,,small_airport
airports,AU-SSK,Australia,,,,,,,,190959S,1281026E,,Sturt Creek Airport,Western Australia,,small_airport
airports,AU-SWB,Australia,,,,,,,,213037S,1192143E,,Shaw River Airport,Western Australia,,small_airport
airports,AU-TWP,Australia,,,,,,,,172147S,1434500E,,Torwood Airport,Queensland,,small_airport
airports,AU-ZVG,Australia,,,,,,,,174712S,1274011E,,Springvale Airport,Western Australia,,small_airport
airports,BCZ,Australia,85,,,,,,,134650S,1361206E,,Milyakburra Airport,Northern Territory,,small_airport
airports,BHT,Australia,390,,,,,,,232147S,1413346E,,Brighton Downs Airport,Queensland,,small_airport
airports,CBC,Australia,540,,,,,,,185504S,1253216E,,Cherrabun Airport,Western Australia,,small_airport
airports,DALH,Australia,,126.7,CTAF,120.7,Melbourne Centre,,,262522S,1353033E,,Dalhousie Airport,South Australia,,small_airport
airports,FSL,Australia,414,,,,,,,180755S,1254714E,,Fossil Downs Airport,Western Australia,,small_airport
airports,HRN,Australia,8,,,,,,,232630S,1515441E,,Heron Island Helipad,Queensland,,heliport
airports,KDS,Australia,322,,,,,,,242019S,1391642E,,Kamaran Downs Airport,Queensland,,small_airport
airports,LBH,Australia,,,,,,,,333513S,1511924E,,Palm Beach Seaplane Base,New South Wales,,seaplane_base
airports,LDW,Australia,1190,,,,,,,173646S,1264434E,,Lansdowne Airport,Western Australia,,small_airport
airports,LGE,Australia,978,,,,,,,200632S,1273708E,,Mulan Airport,Western Australia,,small_airport
airports,LGRS,Australia,,,,,,,,274221S,1530635E,,Logan Reserve Airport,Queensland,,small_airport
airports,LLL,Australia,374,,,,,,,163939S,1283538E,,Lissadell Airport,Western Australia,,small_airport
airports,MIZ,Australia,365,,,,,,,140311S,1340539E,,Mainoru Airstrip,Northern Territory,,small_airport
airports,MRT,Australia,227,,,,,,,144905S,1334202E,,Moroak Airport,Northern Territory,,small_airport
airports,NRY,Australia,304,,,,,,,160239S,1291549E,,Newry Airport,Northern Territory,,small_airport
airports,NYA,Australia,,,,,,,,350946S,1432204E,,Natya Airport,Victoria,,small_airport
airports,OXO,Australia,375,,,,,,,280335S,1413209E,,Orientos Airport,Queensland,,small_airport
airports,OZKL,Australia,400,,,,,,,313729S,1421746E,,Koralta Station Airpirt,New South Wales,,small_airport
airports,RKY,Australia,362,,,,,,,133836S,1423827E,,Rokeby Airport,Queensland,,small_airport
airports,RLP,Australia,1855,,,,,,,182531S,1442731E,,Rosella Plains Airport,Queensland,,small_airport
airports,RPV,Australia,237,,,,,,,145517S,1340300E,,Roper Valley Airport,Northern Territory,,small_airport
airports,RSE,Australia,,,,,,,,335208S,1511543E,,Rose Bay Seaplane Base,New South Wales,,seaplane_base
airports,SRM,Australia,313,,,,,,,240324S,1390455E,,Sandringham Airport,Queensland,,small_airport
airports,SWZ,Australia,228,,,,,,,335245S,1504422E,,Western Sydney International (Nancy Bird Walton) Airport,New South Wales,,heliport
airports,TCYT,Australia,,,,,,,,172300S,1442703E,,Crystal Brook Airport,Queensland,,small_airport
airports,WAN,Australia,570,,,,,,,252122S,1415531E,,Waverney Airport,Queensland,,small_airport
airports,WHL,Australia,35,,,,,,,384056S,1462643E,,Welshpool Airport,Victoria,,small_airport
airports,WYIM,Australia,1010,,,,,,,265626S,1502732E,,Kenya Heliport,Queensland,,heliport
airports,YAAL,Australia,,134.2,CTAF,119.6,MISC,122.4,MISC,162635S,1305243E,,Yarralin Airport,Northern Territory,,small_airport
airports,YABA,Australia,233,127.85,CTAF,123.9,FSS,,,345635S,1174832E,,Albany Airport,Western Australia,,medium_airport
airports,YABB,Australia,1696,,,,,,,251139S,1470833E,,Upper Warrego Airstrip,Queensland,,small_airport
airports,YABD,Australia,971,,,,,,,280403S,1503829E,,Aberdeen Airport,Queensland,,small_airport
airports,YABF,Australia,900,,,,,,,214014S,1451557E,,Aberfoyle Airport,Queensland,,small_airport
airports,YABG,Australia,869,,,,,,,271454S,1473440E,,Abbieglassie Airstrip,Northern Territory,,small_airport
airports,YABI,Australia,573,118.6,CTAF,119.6,MISC,122.4,MISC,173631S,1431100E,,Abingdon Downs Airport,Queensland,,small_airport
airports,YABL,Australia,1966,,,,,,,232106S,1344356E,,Ambalindum Airport,Northern Territory,,small_airport
airports,YABP,Australia,1356,,,,,,,261931S,1485547E,,Mooga/Brindley Park Airstrip,Queensland,,small_airport
airports,YABR,Australia,1725,,,,,,,243743S,1183852E,,Abra Mine Camp Airport,Western Australia,,small_airport
airports,YABS,Australia,,118.4,CTAF,119.6,MISC,123.9,MISC,271659S,1202258E,,Albion Downs Airport,Western Australia,,small_airport
airports,YABU,Australia,,120.5,CTAF,115.9,MISC,119.8,MISC,232023S,1331020E,,Amburla Airport,Northern Territory,,small_airport
airports,YACD,Australia,991,,,,,,,241610S,1452918E,,Alice Downs Station Airport,Queensland,,small_airport
airports,YACI,Australia,,122.3,CTAF,121.2,MISC,,,251239S,1484006E,,Arcadia Airport,Queensland,,small_airport
airports,YACR,Australia,594,,,,,,,222823S,1490922E,,Lotus Creek/Croyden Airstrip,Queensland,,small_airport
airports,YACS,Australia,,122.6,CTAF,119.6,MISC,122.4,MISC,312500S,1415359E,,Acacia Downs Airport,New South Wales,,small_airport
airports,YADA,Australia,814,,,,,,,255341S,1443411E,,Adavale Airfield,Queensland,,small_airport
airports,YADD,Australia,,134.2,CTAF,113.9,MISC,122.4,MISC,314849S,1255511E,,Arubiddy Airport,Western Australia,,small_airport
airports,YADE,Australia,853,,,,,,,215635S,1481703E,,Annandale Airstrip,Queensland,,small_airport
airports,YADG,Australia,110,127.15,CTAF,130.45,ATC,,,351719S,1382939E,,Aldinga Airport,South Australia,,small_airport
airports,YADL,Australia,16,,,,,,,153058S,1230914E,,Adele Island Airstrip,Western Australia,,small_airport
airports,YADM,Australia,,128.55,CTAF,115.8,MISC,119.6,MISC,211629S,1465922E,,Yandan Mine Airport,Queensland,,small_airport
airports,YADO,Australia,549,120.5,CTAF,115.9,MISC,119.8,MISC,252427S,1351726E,,Andado Airport,Northern Territory,,small_airport
airports,YADR,Australia,1001,,,,,,,263947S,1501139E,,Aldersyde Airstrip,Queensland,,small_airport
airports,YADS,Australia,,118.3,CTAF,115.9,MISC,119.8,MISC,262920S,1391535E,,Alton Downs Airport,South Australia,,small_airport
airports,YADU,Australia,1657,,,,,,,313908S,1500225E,,Ardgour Airstrip,New South Wales,,small_airport
airports,YADY,Australia,3346,118.8,CTAF,119.6,MISC,122.4,MISC,355952S,1484745E,,Adaminaby Airport,New South Wales,,small_airport
airports,YAFD,Australia,80,,,,,,,375042S,1445852E,,Alfred Hospital Helipad,Victoria,,heliport
airports,YAGD,Australia,46,125.7,CTAF,120.15,MISC,,,183053S,1395240E,,Augustus Downs Airport,Queensland,,small_airport
airports,YAGL,Australia,,,,,,,,272853S,1514745E,,Argyle Airstrip,Queensland,,small_airport
airports,YAGP,Australia,100,,,,,,,192954S,1163553E,,Angel Platform Oil Rig Helipad,Western Australia,,heliport
airports,YAHD,Australia,,134.2,CTAF,113.9,MISC,122.4,MISC,232250S,1170132E,,Ashburton Downs Airport,Western Australia,,small_airport
airports,YAIN,Australia,0,,,,,,,155851S,1454912E,,Agincourt North Helicopter Landing Site,Queensland,,heliport
airports,YAIR,Australia,664,,,,,,,292346S,1495211E,,Beela Airstrip,New South Wales,,small_airport
airports,YAIS,Australia,,,,,,,,160208S,1455004E,,Agincourt South Helicopter Landing Site,Queensland,,heliport
airports,YAIW,Australia,43,,,,,,,344148S,1383353E,,Adelaide International Raceway Helicopter Landing Site,South Australia,,heliport
airports,YAKG,Australia,,134.4,CTAF,122.4,MISC,,,275648S,1344441E,,Arckaringa Airport,South Australia,,small_airport
airports,YALA,Australia,328,120.2,MISC,,,,,272003S,1333739E,,Marla Airport,South Australia,,small_airport
airports,YALC,Australia,,118.4,CTAF,119.6,MISC,123.9,MISC,224959S,1342659E,,Alcoota Station Airport,Northern Territory,,small_airport
airports,YALG,Australia,,125.7,CTAF,119.6,MISC,122.4,MISC,184141S,1383139E,,Adels Grove Airport,Queensland,,small_airport
airports,YALH,Australia,,122.1,CTAF,125.7,MISC,,,244244S,1441727E,,Albilbah Airport,Queensland,,small_airport
airports,YALM,Australia,,118.3,CTAF,115.9,MISC,119.8,MISC,241555S,1342410E,,Allambie Airport,Northern Territory,,small_airport
airports,YALN,Australia,,124.2,CTAF,115.6,MISC,120.6,MISC,302318S,1423730E,,Allandy Airport,New South Wales,,small_airport
airports,YALP,Australia,651,,,,,,,205905S,1374958E,,Alpurrurulam Airport,Northern Territory,,small_airport
airports,YALT,Australia,278,,,,,,,352214S,1365141E,,Althorpe Island Airstrip,South Australia,,small_airport
airports,YALX,Australia,,122.1,CTAF,130.449,MISC,,,190336S,1364236E,,Alexandria Homestead Airport,Northern Territory,,small_airport
airports,YALY,Australia,,124.2,CTAF,115.6,MISC,120.6,MISC,222859S,1393758E,,Alderley Airport,Queensland,,small_airport
airports,YAMA,Australia,16,,,,,,,292639S,1532043E,,Yamba Heliport,New South Wales,,heliport
airports,YAMB,Australia,91,31.62,ATIS,118.3,CTAF,33.58,APP,273827S,1524249E,,RAAF Base Amberley,Queensland,,medium_airport
airports,YAMC,Australia,232,126.7,CTAF,122.1,MISC,,,225728S,1451458E,,Aramac Airport,Queensland,,small_airport
airports,YAMJ,Australia,1290,120.5,CTAF,115.9,MISC,119.8,MISC,213917S,1351351E,,Ampilatwatja Airport,Northern Territory,,small_airport
airports,YAMK,Australia,76,126.7,CTAF,122,MISC,,,302617S,1370813E,,Andamooka Airport,South Australia,,small_airport
airports,YAML,Australia,,125.7,CTAF,120.6,MISC,125.75,MISC,175717S,1394535E,,Armraynald Airport,Queensland,,small_airport
airports,YAMM,Australia,,120.5,CTAF,115.9,MISC,119.8,MISC,214417S,1351431E,,Ammaroo Airport,Northern Territory,,small_airport
airports,YAMN,Australia,175,,,,,,,323215S,1374135E,,El Alamein Landing,South Australia,,small_airport
airports,YAMO,Australia,689,,,,,,,215636S,1463759E,,Belyando Airstrip,Queensland,,small_airport
airports,YAMT,Australia,695,,,,,,,260550S,1311209E,,Amata Airport,South Australia,,small_airport
airports,YAND,Australia,,135.5,CTAF,121.2,MISC,,,214000S,1405858E,,Answer Downs Airport,Queensland,,small_airport
airports,YANG,Australia,2340,,,,,,,230808S,1184225E,,West Angelas Airport,Western Australia,,small_airport
airports,YANJ,Australia,,126.7,CTAF,122,MISC,,,260600S,1302359E,,Angatja Airport,South Australia,,small_airport
airports,YANK,Australia,300,127.8,CTAF,120.7,Melbourne Centre,,,285348S,1361014E,,Anna Creek Airport,South Australia,,small_airport
airports,YANL,Australia,,134.4,CTAF,122.4,MISC,,,180105S,1353206E,,Anthony Lagoon Airport,Northern Territory,,small_airport
airports,YANN,Australia,,,,,,,,214954S,1330730E,,Anningie Airport,Northern Territory,,small_airport
airports,YANW,Australia,901,126.7,CTAF,122.4,MISC,,,211200S,1362704E,,Annitowa Airport,Northern Territory,,small_airport
airports,YAOD,Australia,899,,,,,,,222848S,1431057E,,Australian Age of Dinosaurs Helicopter Landing Site,Queensland,,heliport
airports,YAOR,Australia,,122.4,CTAF,125.1,MISC,125.7,MISC,213859S,1391058E,,Ardmore Airport,Queensland,,small_airport
airports,YAPA,Australia,66,123.9,CTAF,122,MISC,,,191605S,1213040E,,Anna Plains Airport,Western Australia,,small_airport
airports,YAPH,Australia,1255,,,,,,,233910S,1463457E,,Alpha Airport,Queensland,,small_airport
airports,YAPO,Australia,,120,CTAF,121.2,MISC,,,384629S,1433940E,,Apollo Bay Airport,Victoria,,small_airport
airports,YAQA,Australia,170,,,,,,,253144S,1523412E,,Aquila Airfield,Queensland,,small_airport
airports,YARA,Australia,1008,126.7,CTAF,126.8,FSS,,,371835S,1425919E,,Ararat Airport,Victoria,,medium_airport
airports,YARD,Australia,,122.4,CTAF,122.4,MISC,,,214036S,1364040E,,Argadargada Airport,Northern Territory,,small_airport
airports,YARG,Australia,522,127.3,CTAF,122.4,FSS,,,163812S,1282703E,,Argyle Airport,Western Australia,,small_airport
airports,YARI,Australia,,118.6,CTAF,125.1,MISC,125.7,MISC,214000S,1413401E,,Arizona 1 Airport,Queensland,,small_airport
airports,YARK,Australia,,121.2,CTAF,,,,,302424S,1392045E,,Arkaroola Airport,South Australia,,small_airport
airports,YARL,Australia,,126,CTAF,125.1,MISC,125.7,MISC,342440S,1465131E,,Ardlethan Airport,New South Wales,,small_airport
airports,YARM,Australia,3556,127.5,CTAF,125.75,FSS,,,303141S,1513701E,,Armidale Airport,New South Wales,,medium_airport
airports,YARN,Australia,,134.4,CTAF,122.4,MISC,,,240529S,1321616E,,Areyonga Airport,Northern Territory,,small_airport
airports,YARP,Australia,,134.4,CTAF,122.4,MISC,,,221900S,1354159E,,Arapunya Airport,Northern Territory,,small_airport
airports,YARS,Australia,92,134.4,CTAF,122.4,MISC,,,342649S,1375317E,,Ardrossan Airport,South Australia,,small_airport
airports,YARY,Australia,334,118.8,CTAF,,,,,264147S,1410255E,,Arrabury Airport,Queensland,,small_airport
airports,YASF,Australia,,127.1,CTAF,120.6,MISC,125.75,MISC,291901S,1510322E,,Ashford Airport,New South Wales,,small_airport
airports,YASS,Australia,1624,,,,,,,345312S,1490053E,,Bakblok Airport,New South Wales,,small_airport
airports,YATL,Australia,915,124.8,CTAF,113.9,MISC,122.4,MISC,231519S,1362320E,,Atula Airport,Northern Territory,,small_airport
airports,YATN,Australia,2450,126.7,CTAF,126.1,MISC,,,171542S,1453053E,,Atherton Airport,Queensland,,small_airport
airports,YATR,Australia,,125.8,CTAF,121.2,MISC,,,371059S,1432359E,,Amphitheatre Airport,Victoria,,small_airport
airports,YATY,Australia,,124.8,CTAF,113.9,MISC,122.4,MISC,281300S,1191500E,,Atley Airport,Western Australia,,small_airport
airports,YAUA,Australia,,124.8,CTAF,120.15,MISC,,,254517S,1463513E,,Augathella Airport,Queensland,,small_airport
airports,YAUG,Australia,103,,,,,,,341942S,1150925E,,Tallinup-Augusta Airport,Western Australia,,small_airport
airports,YAUL,Australia,465,,,,,,,275839S,1523349E,,Aratula Airstrip,Queensland,,small_airport
airports,YAUR,Australia,31,126.7,CTAF,122.1,FSS,,,132114S,1414312E,,Aurukun Airport,Queensland,,small_airport
airports,YAUS,Australia,,122.4,CTAF,113.9,MISC,122.4,MISC,203000S,1374500E,,Austral Downs Airport,Northern Territory,,small_airport
airports,YAUV,Australia,,122.4,CTAF,113.9,MISC,122.4,MISC,154159S,1300000E,,Auvergne Airport,Northern Territory,,small_airport
airports,YAVD,Australia,,122.4,CTAF,113.9,MISC,122.4,MISC,200159S,1373101E,,Avon Downs Airport,Northern Territory,,small_airport
airports,YAVM,Australia,,,,,,,,363400S,1443300E,,Avonmore Airport,Victoria,,small_airport
airports,YAWT,Australia,60,124.1,CTAF,125.7,MISC,,,241208S,1515333E,,Agnes Water private Airport,Queensland,,small_airport
airports,YAXA,Australia,787,,,,,,,371143S,1454302E,,Alexandra Hospital Heliport,Victoria,,heliport
airports,YAYE,Australia,1626,126.55,ATIS,126.9,CTAF,121.85,FSS,251109S,1305837E,,Ayers Rock Connellan Airport,Northern Territory,,medium_airport
airports,YAYR,Australia,41,126.7,CTAF,120.55,FSS,,,193544S,1471928E,,Ayr Airport,Queensland,,small_airport
airports,YBAB,Australia,340,,,,,,,241136S,1495035E,,Baralaba,Queensland,,small_airport
airports,YBAD,Australia,,126.7,CTAF,127.1,MISC,,,305717S,1490531E,,Baradine Airport,New South Wales,,small_airport
airports,YBAF,Australia,63,120.9,ATIS,118.1,CTAF,125.7,FSS,273420S,1530015E,,Brisbane Archerfield Airport,Queensland,,small_airport
airports,YBAH,Australia,,,,,,,,160759S,1352801E,,Bauhinia Downs Airport,Northern Territory,,small_airport
airports,YBAL,Australia,,119.82,CTAF,132.1,MISC,,,322048S,1233653E,,Balladonia Airport,Western Australia,,small_airport
airports,YBAN,Australia,1339,122.1,CTAF,124.8,MISC,,,164429S,1255420E,,Mount Barnett Airport,Western Australia,,small_airport
airports,YBAO,Australia,2221,121.2,CTAF,120.2,MISC,135.5,MISC,352616S,1495039E,,Braidwood Airport,New South Wales,,small_airport
airports,YBAR,Australia,878,126.7,CTAF,122.1,FSS,,,233358S,1451807E,,Barcaldine Airport,Queensland,,medium_airport
airports,YBAS,Australia,1789,115.9,ATIS,118.3,CTAF,119.8,FSS,234823S,1335412E,,Alice Springs Airport,Northern Territory,,medium_airport
airports,YBAU,Australia,14,120.3,CTAF,116.1,MISC,119.6,MISC,100858S,1421025E,,Badu Island Airport,Queensland,,small_airport
airports,YBAW,Australia,810,122.4,CTAF,119.6,MISC,122.1,MISC,202944S,1382828E,,Barkly Downs Airport,Queensland,,small_airport
airports,YBBA,Australia,,127.1,CTAF,119.6,MISC,122.1,MISC,302337S,1503551E,,Barraba Airport,New South Wales,,small_airport
airports,YBBC,Australia,,114.3,CTAF,124.8,MISC,132.1,MISC,205640S,1200954E,,Bamboo Creek Airport,Western Australia,,small_airport
airports,YBBE,Australia,1404,124.1,CTAF,122.6,MISC,132.1,MISC,271942S,1174018E,,Big Bell Airport,Western Australia,,small_airport
airports,YBBL,Australia,,124.8,CTAF,132.1,MISC,,,272503S,1155003E,,Billabalong Airport,Western Australia,,small_airport
airports,YBBN,Australia,13,113.2,ATIS,124.35,A/D,118.6,CLD,272303S,1530701E,,Brisbane International Airport,Queensland,,large_airport
airports,YBBO,Australia,,119.5,CTAF,132.1,MISC,,,302424S,1352847E,,Bon Bon Airport,South Australia,,small_airport
airports,YBBT,Australia,298,125.8,CTAF,130.4,MISC,,,360819S,1434322E,,Boort Airport,Victoria,,small_airport
airports,YBCB,Australia,,123.4,CTAF,132.1,MISC,,,304917S,1175201E,,Bencubbin Airport,Western Australia,,small_airport
airports,YBCG,Australia,21,134.5,ATIS,118.7,CTAF,123.5,APP,280957S,1533023E,,Gold Coast Airport,Queensland,,medium_airport
airports,YBCH,Australia,2000,119.6,CTAF,120.6,MISC,125.4,MISC,362335S,1464147E,,Beechworth Airstrip,Victoria,,small_airport
airports,YBCK,Australia,928,126.7,CTAF,122.1,FSS,,,242554S,1452546E,,Blackall Airport,Queensland,,medium_airport
airports,YBCL,Australia,,127.1,CTAF,120.6,MISC,122.1,MISC,300207S,1492223E,,Boolcarrol Station Airport,New South Wales,,small_airport
airports,YBCM,Australia,340,,,,,,,272326S,1522759E,,Coominya,Queensland,,small_airport
airports,YBCR,Australia,,118.152,CTAF,132.1,MISC,,,130323S,1310143E,,Batchelor Airport,Northern Territory,,small_airport
airports,YBCS,Australia,10,113,ATIS,118.4,A/D,121.7,CLD,165308S,1454518E,,Cairns International Airport,Queensland,,medium_airport
airports,YBCV,Australia,1003,126.7,CTAF,124.8,FSS,126.7,UNIC,262447S,1461543E,,Charleville Airport,Queensland,,medium_airport
airports,YBDF,Australia,1750,122.1,CTAF,132.1,MISC,,,171712S,1272746E,,Bedford Downs Airport,Western Australia,,small_airport
airports,YBDG,Australia,705,119.3,CTAF,128.15,AWIS,126.8,FSS,364421S,1441948E,,Bendigo Airport,Victoria,,small_airport
airports,YBDP,Australia,,126.5,CTAF,125.8,MISC,,,410125S,1472500E,,Flinders Island Aviation (Bridport),Tasmania,,small_airport
airports,YBDS,Australia,,,,,,,,301719S,1343141E,,Birthday Siding Airport,South Australia,,small_airport
airports,YBDU,Australia,,,,,,,,182304S,1292615E,,Birrindudu Airport,Northern Territory,,small_airport
airports,YBDV,Australia,159,126.7,CTAF,125.4,FSS,,,255350S,1392052E,,Birdsville Airport,Queensland,,medium_airport
airports,YBDX,Australia,,122.1,CTAF,132.1,MISC,,,225147S,1145746E,,Barradale Airport,Western Australia,,small_airport
airports,YBEB,Australia,810,,,,,,,173242S,1281818E,,Bellburn Airstrip,Western Australia,,small_airport
airports,YBEC,Australia,,124.8,CTAF,132.1,MISC,,,302829S,1175247E,,Beacon Airport,Western Australia,,small_airport
airports,YBEE,Australia,116,134.4,CTAF,132.1,MISC,,,301112S,1393328E,,Beverley Airport,South Australia,,small_airport
airports,YBEF,Australia,,124.8,CTAF,120.6,MISC,,,372700S,1431500E,,Beaufort Airport,Victoria,,small_airport
airports,YBEG,Australia,1014,,,,,,,193912S,1461737E,,Bening Field Airport,Queensland,,small_airport
airports,YBEL,Australia,1194,125.8,CTAF,130.4,MISC,,,422210S,1470146E,,Bothwell Airport,Tasmania,,small_airport
airports,YBEO,Australia,91,125.4,CTAF,120,MISC,,,254141S,1404418E,,Betoota Airport,Queensland,,small_airport
airports,YBEU,Australia,,125.4,CTAF,120,MISC,,,355700S,1422501E,,Beulah 1 Airport,Victoria,,small_airport
airports,YBEV,Australia,,120.7,CTAF,132.1,MISC,,,320759S,1165659E,,Beverley Airport,Western Australia,,small_airport
airports,YBEW,Australia,,119.6,CTAF,120.6,MISC,125.4,MISC,315500S,1443843E,,Beechworth Airstrip,New South Wales,,small_airport
airports,YBFR,Australia,,122.6,CTAF,123.9,MISC,124,MISC,411532S,1445309E,,Balfour Airport,Tasmania,,small_airport
airports,YBFT,Australia,1300,,,,,,,372941S,1432548E,,Beaufort,Victoria,,small_airport
airports,YBGB,Australia,124,122.1,CTAF,132.1,MISC,,,170059S,1223847E,,Beagle Bay Airport,Western Australia,,small_airport
airports,YBGD,Australia,1871,,,,,,,223223S,1171630E,,Boolgeeda,Western Australia,,small_airport
airports,YBGI,Australia,,134.2,CTAF,120.6,MISC,121.85,MISC,310400S,1254001E,,Balgair Airport,Western Australia,,small_airport
airports,YBGO,Australia,1440,126.7,CTAF,132.1,MISC,,,200853S,1275822E,,Balgo Hill Airport,Western Australia,,small_airport
airports,YBGR,Australia,91,119.3,CTAF,125.8,MISC,,,363710S,1435707E,,Bridgewater Airport,Victoria,,small_airport
airports,YBGT,Australia,,122.1,CTAF,114.2,MISC,119.6,MISC,252212S,1434622E,,Budgerygar Airport,Queensland,,small_airport
airports,YBGY,Australia,785,127.1,CTAF,120,MISC,,,293017S,1501131E,,Biniguy Airport,New South Wales,,small_airport
airports,YBHB,Australia,,125.55,CTAF,120.6,MISC,,,432516S,1460943E,,Bathurst Harbour Airport,Tasmania,,small_airport
airports,YBHI,Australia,958,126.7,CTAF,122.6,FSS,,,320005S,1412819E,,Broken Hill Airport,New South Wales,,medium_airport
airports,YBHK,Australia,,122.4,CTAF,115.8,MISC,119.6,MISC,211600S,1394301E,,Bushy Park Airport,Queensland,,small_airport
airports,YBHL,Australia,935,,,,,,,312025S,1161116E,,Bindoon Hill Airstrip,Western Australia,,small_airport
airports,YBHM,Australia,15,114.4,ATIS,126.7,CTAF,135.5,FSS,202129S,1485707E,,Hamilton Island Airport,Queensland,,medium_airport
airports,YBHN,Australia,513,,,,,,,273913S,1521827E,,Blenheim Airstrip,Queensland,,small_airport
airports,YBIA,Australia,970,127.1,CTAF,120,MISC,,,294854S,1503203E,,Bingara Airport,New South Wales,,small_airport
airports,YBID,Australia,2450,,,,,,,341809S,1492127E,,Binda,New South Wales,,small_airport
airports,YBIE,Australia,300,126.7,CTAF,125.4,FSS,,,242045S,1392736E,,Bedourie Airport,Queensland,,medium_airport
airports,YBII,Australia,254,,,,,,,164325S,1354412E,,Balbirini Airfield,Northern Territory,,small_airport
airports,YBIL,Australia,1000,124.1,CTAF,132.1,MISC,,,193400S,1274001E,,Billiluna Airport,Western Australia,,small_airport
airports,YBIN,Australia,,124.1,CTAF,120,MISC,,,253116S,1520246E,,Biggenden Airport,Queensland,,small_airport
airports,YBIR,Australia,340,126.7,CTAF,125.8,FSS,,,355958S,1425501E,,Birchip Airport,Victoria,,small_airport
airports,YBIU,Australia,,122.4,CTAF,114.3,MISC,,,303535S,1164647E,,Ballidu Airport,Western Australia,,small_airport
airports,YBIZ,Australia,65,118.2,CTAF,119.6,MISC,125.4,MISC,144425S,1440709E,,Bizant Airport,Queensland,,small_airport
airports,YBJW,Australia,,118.4,CTAF,132.1,MISC,,,274000S,1213559E,,Banjawarn Airport,Western Australia,,small_airport
airports,YBKE,Australia,352,126.7,CTAF,120,FSS,,,300221S,1455707E,,Bourke Airport,New South Wales,,medium_airport
airports,YBKS,Australia,,122.1,CTAF,132.1,MISC,,,194233S,1354908E,,Barkly Wayside Inn Airport,Northern Territory,,small_airport
airports,YBKT,Australia,21,126.7,CTAF,125.7,FSS,,,174454S,1393202E,,Burketown Airport,Queensland,,small_airport
airports,YBLA,Australia,569,125.6,CTAF,125.2,FSS,123.4,PAL,363306S,1460025E,,Benalla Airport,Victoria,,medium_airport
airports,YBLB,Australia,443,124.1,CTAF,132.1,MISC,,,264917S,1143640E,,Billabong Road House Airport,Western Australia,,small_airport
airports,YBLC,Australia,144,122.6,CTAF,120.6,MISC,121.85,MISC,303206S,1392013E,,Balcanoona Airport,South Australia,,small_airport
airports,YBLD,Australia,,120.7,CTAF,134.4,MISC,,,314923S,1164757E,,Brooklands Airport,Western Australia,,small_airport
airports,YBLE,Australia,643,,,,,,,241914S,1503034E,,Biloela Airport,Queensland,,small_airport
airports,YBLG,Australia,,119.5,CTAF,132.1,MISC,,,285854S,1405127E,,Bollards Lagoon Airport,South Australia,,small_airport
airports,YBLH,Australia,,118.8,CTAF,120.6,MISC,,,270040S,1425729E,,Bellalie Airport,Queensland,,small_airport
airports,YBLI,Australia,4042,,,,,,,301950S,1522729E,,Bald Hills Airport,New South Wales,,small_airport
airports,YBLL,Australia,182,124.8,CTAF,120.6,MISC,122.1,MISC,280304S,1472854E,,Bollon Airport,Queensland,,small_airport
airports,YBLM,Australia,1991,121.2,CTAF,132.1,MISC,,,310706S,1384333E,,Blinman Airport,South Australia,,small_airport
airports,YBLN,Australia,55,126.7,CTAF,124.9,FSS,,,334118S,1152405E,,Busselton Margaret River Regional Airport,Western Australia,,small_airport
airports,YBLO,Australia,2133,,,,,,,342127S,1500959E,,Bullio Airport,New South Wales,,small_airport
airports,YBLT,Australia,1433,126,CTAF,126.8,FSS,,,373042S,1434727E,,Ballarat Airport,Victoria,,small_airport
airports,YBLU,Australia,1555,118.4,CTAF,132.1,MISC,,,273644S,1203539E,,Bellevue Airport,Western Australia,,small_airport
airports,YBMA,Australia,1121,126.5,CTAF,122.4,FSS,,,203950S,1392920E,,Mount Isa Airport,Queensland,,medium_airport
airports,YBMD,Australia,,122.3,CTAF,120.6,MISC,122.1,MISC,155224S,1451948E,,Bloomfield River Airport,Queensland,,small_airport
airports,YBMG,Australia,10,,,,,,,362535S,1500434E,,Bermagui - Dickinson Oval HLS,New South Wales,,heliport
airports,YBMI,Australia,618,123.9,CTAF,120.6,MISC,122.1,MISC,284342S,1493542E,,Boomi Airport,New South Wales,,small_airport
airports,YBMK,Australia,19,112.7,ATIS,124.5,CTAF,135.5,FSS,211014S,1491057E,,Mackay Airport,Queensland,,medium_airport
airports,YBMM,Australia,,126.8,CTAF,120.3,MISC,,,361500S,1443758E,,Bamawm Airport,Victoria,,small_airport
airports,YBMR,Australia,,122.1,CTAF,132.1,MISC,,,341404S,1402836E,,Barmera Airport,South Australia,,small_airport
airports,YBMY,Australia,215,122.6,CTAF,132.1,MISC,,,143112S,1325258E,,Bamyili Airport,Northern Territory,,small_airport
airports,YBNA,Australia,7,124.2,CTAF,120.3,FSS,,,284959S,1533341E,,Ballina Byron Gateway Airport,New South Wales,,medium_airport
airports,YBNC,Australia,,118.4,CTAF,132.1,MISC,,,214759S,1450458E,,Bannockburn Airport,Queensland,,small_airport
airports,YBND,Australia,1194,,,,,,,341027S,1482818E,,Bendick Murrell Airstrip,New South Wales,,small_airport
airports,YBNM,Australia,,134.4,CTAF,132.1,MISC,,,175507S,1365351E,,Benmara Airport,Northern Territory,,small_airport
airports,YBNR,Australia,1466,,,,,,,185344S,1285630E,,Browns Range Airport,Western Australia,,small_airport
airports,YBNS,Australia,165,126.7,CTAF,124,FSS,,,375315S,1473409E,,Bairnsdale Airport,Victoria,,medium_airport
airports,YBNY,Australia,,122.1,CTAF,119.6,MISC,123.9,MISC,185210S,1342941E,,Brunchilly Airport,Northern Territory,,small_airport
airports,YBOA,Australia,318,122.75,CTAF,119.5,Brisbane Centre,,,280102S,1524035E,,Boonah Airport,Queensland,,small_airport
airports,YBOC,Australia,418,123.4,CTAF,132.1,MISC,,,325323S,1382158E,,Booleroo Centre Airport,South Australia,,small_airport
airports,YBOD,Australia,,118.8,CTAF,120.6,MISC,122.1,MISC,261759S,1432258E,,Bodalla Airport,Queensland,,small_airport
airports,YBOG,Australia,,127.1,CTAF,120.6,MISC,122.1,MISC,304300S,1500300E,,Boggabri Airport,New South Wales,,small_airport
airports,YBOI,Australia,23,127.1,CTAF,120.6,MISC,122.1,MISC,091358S,1421304E,,Boigu Island Airport,Queensland,,small_airport
airports,YBOK,Australia,1335,112.9,ATIS,127.65,CTAF,125.4,APP,272433S,1514412E,,Oakey Army Aviation Centre,Queensland,,medium_airport
airports,YBOM,Australia,2415,118.8,CTAF,120.6,MISC,122.1,MISC,365417S,1491055E,,Bombala Airport,New South Wales,,small_airport
airports,YBOP,Australia,,120.021,CTAF,134.4,MISC,,,335400S,1162801E,,Boyup Brook Airport,Western Australia,,small_airport
airports,YBOR,Australia,265,126.7,CTAF,135.45,ML CEN,,,361605S,1404319E,,Bordertown Airport,South Australia,,small_airport
airports,YBOT,Australia,,124.8,CTAF,120.6,MISC,122.1,MISC,271609S,1465406E,,Boatman Airport,Queensland,,small_airport
airports,YBOU,Australia,542,126.7,CTAF,122.4,FSS,,,225447S,1395359E,,Boulia Airport,Queensland,,medium_airport
airports,YBOV,Australia,308,,,,,,,313821S,1290043E,,Border Village Airport,South Australia,,small_airport
airports,YBOW,Australia,4275,,,,,,,412239S,1472459E,,Mount Barrow Helicopter Landing Site,Tasmania,,heliport
airports,YBOY,Australia,,123.4,CTAF,132.1,MISC,,,274500S,1195400E,,Booylgoo Springs Airport,Western Australia,,small_airport
airports,YBPI,Australia,11,135.5,CTAF,,,,,204816S,1491647E,,Brampton Island Airport,Queensland,,small_airport
airports,YBPK,Australia,10,,,,,,,374920S,1445724E,,"Melbourne Heliport, Batman Park",Victoria,,heliport
airports,YBPN,Australia,82,126.7,CTAF,135.5,FSS,,,202939S,1483312E,,Proserpine Whitsunday Coast Airport,Queensland,,medium_airport
airports,YBRA,Australia,2200,122.5,CTAF,123.4,MISC,125.2,MISC,365800S,1474156E,,Benambra Airport,Victoria,,small_airport
airports,YBRC,Australia,,,,,,,,213231S,1335219E,,Barrow Creek Airport,Northern Territory,,small_airport
airports,YBRJ,Australia,547,127.1,CTAF,115.8,MISC,119.6,MISC,300932S,1485828E,,Burren Junction Airport,New South Wales,,small_airport
airports,YBRK,Australia,34,116.9,ATIS,118.1,CTAF,119.55,FSS,232248S,1502831E,,Rockhampton Airport,Queensland,,medium_airport
airports,YBRL,Australia,55,126.7,CTAF,128.5,FSS,,,160431S,1361807E,,Borroloola Airport,Northern Territory,,small_airport
airports,YBRM,Australia,56,126.55,ATIS,126,CTAF,123.9,FSS,175655S,1221338E,,Broome International Airport,Western Australia,,medium_airport
airports,YBRN,Australia,210,126.7,CTAF,118.6,FSS,,,343729S,1433437E,,Balranald Airport,New South Wales,,medium_airport
airports,YBRO,Australia,,,,,,,,315314S,1180654E,,Bruce Rock Airport,Western Australia,,small_airport
airports,YBRS,Australia,50,119,CTAF,133.75,Avalon Approach,120,Melbourne Centre,381522S,1442540E,,Barwon Heads Airport,Victoria,,small_airport
airports,YBRU,Australia,700,122.1,CTAF,119.6,MISC,123.9,MISC,183814S,1355618E,,Brunette Downs Airport,Northern Territory,,small_airport
airports,YBRW,Australia,414,126.7,CTAF,120,FSS,,,295832S,1464851E,,Brewarrina Airport,New South Wales,,medium_airport
airports,YBRY,Australia,2082,126.7,CTAF,123.4,FSS,,,224026S,1190957E,,Barimunya Airport,Western Australia,,small_airport
airports,YBSG,Australia,145,126.7,CTAF,122.1,FSS,,,123726S,1420513E,,RAAF Base Scherger,Queensland,,small_airport
airports,YBSP,Australia,,119.8,CTAF,132.1,MISC,,,233100S,1335058E,,Bond Springs Airport,Northern Territory,,small_airport
airports,YBSR,Australia,,120.5,CTAF,121.85,MISC,132.1,MISC,255912S,1281716E,,Blackstone Airport,Western Australia,,small_airport
airports,YBSS,Australia,520,132.25,CTAF,135.7,FIA,116.1,MISC,374359S,1442518E,,Bacchus Marsh Airport,Victoria,,small_airport
airports,YBSU,Australia,15,114.2,ATIS,124.4,CTAF,129,FSS,263535S,1530459E,,Sunshine Coast Airport,Queensland,,medium_airport
airports,YBTH,Australia,2435,127.35,CTAF,135.25,FSS,,,332424S,1493904E,,Bathurst Airport,New South Wales,,medium_airport
airports,YBTI,Australia,67,126.7,CTAF,118.15,FSS,,,114553S,1303656E,,Bathurst Island Airport,Northern Territory,,medium_airport
airports,YBTK,Australia,45,,,,,,,170512S,1393356E,,Bentinck Island Airport,Queensland,,small_airport
airports,YBTL,Australia,18,133.5,ATIS,118.3,CTAF,126.8,A/D,191510S,1464559E,,Townsville Airport / RAAF Base Townsville,Queensland,,medium_airport
airports,YBTN,Australia,,120.1,CTAF,122.4,MISC,132.1,MISC,303128S,1324030E,,Barton Siding Airport,South Australia,,small_airport
airports,YBTR,Australia,657,126.7,CTAF,122.3,FSS,,,233611S,1484825E,,Blackwater Airport,Queensland,,medium_airport
airports,YBTS,Australia,,119.4,CTAF,120.6,MISC,,,192559S,1455100E,,Battery Downs Airport,Queensland,,small_airport
airports,YBTT,Australia,577,120,CTAF,115.8,MISC,119.6,MISC,312235S,1473624E,,Buttabone Airport,New South Wales,,small_airport
airports,YBTV,Australia,,122.1,CTAF,126.8,MISC,,,123933S,1424030E,,Batavia Downs Airport,Queensland,,small_airport
airports,YBUA,Australia,,,,,,,,215800S,1483158E,,Bundarra Airport,Queensland,,small_airport
airports,YBUD,Australia,107,126.9,CTAF,124.1,FSS,,,245418S,1521921E,,Bundaberg Airport,Queensland,,medium_airport
airports,YBUG,Australia,,118.4,CTAF,119.6,MISC,123.9,MISC,283000S,1194358E,,Bulga Downs Station Airport,Western Australia,,small_airport
airports,YBUI,Australia,248,126.7,CTAF,115.8,MISC,119.6,MISC,410249S,1455249E,,Northwest Regional Hospital Helipad,Tasmania,,heliport
airports,YBUL,Australia,,118.4,CTAF,119.6,MISC,123.9,MISC,301104S,1345418E,,Bulgunnia Airport,South Australia,,small_airport
airports,YBUN,Australia,53,126.7,CTAF,124.9,FSS,,,332241S,1154037E,,Bunbury Airport,Western Australia,,small_airport
airports,YBUP,Australia,,120,CTAF,119.6,MISC,124.1,MISC,380100S,1454500E,,Bunyip Airport,Victoria,,small_airport
airports,YBUT,Australia,1389,,,,,,,314552S,1492527E,,Butheroo Station Airport,New South Wales,,small_airport
airports,YBUU,Australia,,,,,,,,173240S,1281827E,,Bungle Heliport,Western Australia,,heliport
airports,YBUX,Australia,,120.15,CTAF,114.2,MISC,119.6,MISC,173859S,1434800E,,Bulleringa Airport,Queensland,,small_airport
airports,YBUY,Australia,2540,122.7,Gliding Frequenc,,,,,360803S,1490755E,,Bunyan Airfield,New South Wales,,small_airport
airports,YBVA,Australia,,122.423,CTAF,120.6,MISC,121.85,MISC,340527S,1382023E,,Balaklava Airport,South Australia,,small_airport
airports,YBVL,Australia,,127.1,CTAF,120.6,MISC,122.1,MISC,313511S,1501028E,,Blackville Airport,New South Wales,,small_airport
airports,YBVY,Australia,,122.4,CTAF,119.6,MISC,123.9,MISC,152800S,1294601E,,Bullo River Valley Airport,Northern Territory,,small_airport
airports,YBWG,Australia,1645,126.5,CTAF,118.95,FSS,,,272156S,1210209E,,Bronzewing Airport,Western Australia,,small_airport
airports,YBWI,Australia,,120,CTAF,119.6,MISC,124.1,MISC,203544S,1470543E,,Burdekin Falls Dam Airport,Queensland,,small_airport
airports,YBWM,Australia,470,122.1,CTAF,114.2,MISC,119.6,MISC,165250S,1432844E,,Bulimba Airport,Queensland,,small_airport
airports,YBWN,Australia,8,126.7,CTAF,120.2,MISC,135.5,MISC,200104S,1481254E,,Bowen Airport,Queensland,,small_airport
airports,YBWO,Australia,768,,,,,,,222750S,1445952E,,Bowen Downs Airport,Queensland,,small_airport
airports,YBWP,Australia,63,126.7,CTAF,122.1,RDO,,,124038S,1415521E,,Weipa Airport,Queensland,,medium_airport
airports,YBWR,Australia,,120.15,CTAF,120.6,MISC,122.1,MISC,172317S,1441008E,,Bolwarra Airport,Queensland,,small_airport
airports,YBWS,Australia,10,,,,,,,140638S,1233258E,,Browse Island Heliport,Western Australia,,heliport
airports,YBWT,Australia,,125.7,CTAF,120.2,MISC,135.5,MISC,180459S,1381629E,,Bowthorn Airport,Queensland,,small_airport
airports,YBWW,Australia,1509,,,,,,,273329S,1514736E,,Toowoomba Wellcamp Airport,Queensland,,medium_airport
airports,YBWX,Australia,26,120.1,CTAF,122.4,FSS,,,205151S,1152421E,,Barrow Island Airport,Western Australia,,small_airport
airports,YBXH,Australia,,125.8,CTAF,120.2,MISC,135.5,MISC,375202S,1414207E,,Branxholme Airport,Victoria,,small_airport
airports,YBYA,Australia,,122.6,CTAF,119.6,MISC,123.9,MISC,253159S,1184358E,,Bryah Airport,Western Australia,,small_airport
airports,YBYD,Australia,,123.4,CTAF,132.1,MISC,,,221600S,1195258E,,Bonney Downs Station Airport,Western Australia,,small_airport
airports,YBYI,Australia,,125.55,CTAF,114.2,MISC,119.6,MISC,431403S,1472248E,,Bruny Island Airport,Tasmania,,small_airport
airports,YBYL,Australia,422,,,,,,,291305S,1523657E,,Baryulgil Airstrip,New South Wales,,small_airport
airports,YBYO,Australia,,,,,,,,271346S,1513654E,,Brymaroo Airfield,Queensland,,heliport
airports,YBYR,Australia,480,120,CTAF,115.8,MISC,119.6,MISC,303929S,1462340E,,Byrock Airport,New South Wales,,small_airport
airports,YBYS,Australia,385,122.1,CTAF,132.1,MISC,,,164357S,1252620E,,Beverley Springs Airport,Western Australia,,small_airport
airports,YBYW,Australia,,124.8,CTAF,120.6,MISC,,,252700S,1453458E,,Bayswater Airport,Queensland,,small_airport
airports,YCAB,Australia,12,125.85,CTAF,125.7,MISC,,,270433S,1525914E,,Caboolture Airport,Queensland,,small_airport
airports,YCAC,Australia,,118.1,CTAF,113,MISC,119.6,MISC,173625S,1313256E,,Cattle Creek Airport,Northern Territory,,small_airport
airports,YCAE,Australia,710,126.5,CTAF,120.6,MISC,124.55,MISC,415802S,1473149E,,Campbell Town Airport,Tasmania,,small_airport
airports,YCAG,Australia,87,134.2,CTAF,112.5,MISC,,,321649S,1252840E,,Caiguna Airport,Western Australia,,small_airport
airports,YCAH,Australia,504,126.7,CTAF,121.2,MISC,123.9,MISC,314625S,1493655E,,Coolah Airport,New South Wales,,small_airport
airports,YCAI,Australia,,122.1,CTAF,120.7,MISC,,,300713S,1203416E,,Callion Airport,Western Australia,,small_airport
airports,YCAJ,Australia,,126.7,CTAF,120,MISC,125.1,MISC,184200S,1255400E,,Cadjebut Airport,Western Australia,,small_airport
airports,YCAL,Australia,,126.8,CTAF,120.3,MISC,122.3,MISC,370759S,1441001E,,Castlemaine Airport,Victoria,,small_airport
airports,YCAM,Australia,,120,CTAF,116.7,MISC,125.9,MISC,215230S,1405359E,,Cannington Station Airport,Queensland,,small_airport
airports,YCAN,Australia,61,124.1,CTAF,120.7,MISC,,,122117S,1325641E,,Cannon Hill Community Airport,Northern Territory,,small_airport
airports,YCAR,Australia,13,126.7,CTAF,122.1,FSS,,,245248S,1134014E,,Carnarvon Airport,Western Australia,,medium_airport
airports,YCAS,Australia,86,124.2,CTAF,120.3,FSS,,,285252S,1530338E,,Casino Airport,New South Wales,,small_airport
airports,YCBA,Australia,724,126.7,CTAF,124.9,FSS,,,313217S,1454738E,,Cobar Airport,New South Wales,,medium_airport
airports,YCBB,Australia,2117,126.7,CTAF,127.1,FSS,,,311956S,1491601E,,Coonabarabran Airport,New South Wales,,medium_airport
airports,YCBE,Australia,,,,,,,,192845S,1405537E,,Canobie Airport,Queensland,,small_airport
airports,YCBG,Australia,67,128.45,ATIS,118.1,CTAF,125.55,FSS,424938S,1472842E,,Cambridge Aerodrome,Tasmania,,small_airport
airports,YCBH,Australia,10,,,,,,,165441S,1454608E,,Cairns Base Hospital Heliport.,Queensland,,heliport
airports,YCBN,Australia,154,126.5,CTAF,116.7,MISC,125.9,MISC,402325S,1480100E,,Cape Barren Island Airport,Tasmania,,small_airport
airports,YCBO,Australia,,,,,,,,354524S,1363552E,,Cape Borda Airport,South Australia,,small_airport
airports,YCBP,Australia,740,126.7,CTAF,120.7,FSS,,,290217S,1344319E,,Coober Pedy Airport,South Australia,,medium_airport
airports,YCBR,Australia,152,120.5,CTAF,123,MISC,125.8,MISC,293123S,1483441E,,Collarenebri Airport,New South Wales,,small_airport
airports,YCBY,Australia,,121.2,CTAF,119.5,MISC,,,161309S,1452529E,,Daintree Airport,Queensland,,small_airport
airports,YCCA,Australia,1028,126.7,CTAF,123.9,FSS,,,264619S,1503703E,,Chinchilla Airport,Queensland,,medium_airport
airports,YCCF,Australia,,124.1,CTAF,120.7,MISC,,,164115S,1354348E,,Cape Crawford Airport,Northern Territory,,small_airport
airports,YCCK,Australia,,124.1,CTAF,120.7,MISC,,,203902S,1353506E,,Canteen Creek Airport,Northern Territory,,small_airport
airports,YCCT,Australia,3,126.7,CTAF,122.2,MISC,125.8,MISC,100300S,1430412E,,Coconut Island Airport,Queensland,,small_airport
airports,YCCY,Australia,616,126.7,CTAF,122.4,FSS,,,204006S,1403014E,,Cloncurry Airport,Queensland,,medium_airport
airports,YCDB,Australia,,122.1,CTAF,124.1,MISC,,,310312S,1355151E,,Coondambo Airport,South Australia,,small_airport
airports,YCDE,Australia,460,126.7,CTAF,122.2,MISC,125.8,MISC,381924S,1430323E,,Cobden airport,Victoria,,small_airport
airports,YCDH,Australia,287,126.7,CTAF,120.7,MISC,,,275426S,1340322E,,Cadney Homestead Airport,South Australia,,small_airport
airports,YCDL,Australia,,124.1,CTAF,119.5,MISC,,,413438S,1455628E,,Cradle Mountain Helipad,Tasmania,,heliport
airports,YCDO,Australia,650,126.7,CTAF,126,FSS,,,330356S,1471247E,,Condobolin Airport,New South Wales,,small_airport
airports,YCDR,Australia,12,127.85,CTAF,119.6,MISC,125.7,MISC,264812S,1530617E,,Caloundra Airport,Queensland,,small_airport
airports,YCDS,Australia,,124.1,CTAF,119.4,MISC,125.3,MISC,251511S,1522007E,,Childers Airport,Queensland,,small_airport
airports,YCDT,Australia,,122.4,CTAF,116.7,MISC,125.9,MISC,215800S,1383701E,,Carandotta Airport,Queensland,,small_airport
airports,YCDU,Australia,77,126.7,CTAF,122.1,FSS,,,320750S,1334236E,,Ceduna Airport,South Australia,,medium_airport
airports,YCDV,Australia,,124.8,CTAF,125,MISC,,,250629S,1464958E,,Caldervale Station Airport,Queensland,,small_airport
airports,YCEE,Australia,589,126.7,CTAF,125.9,FSS,,,334234S,1363018E,,Cleve Airport,South Australia,,medium_airport
airports,YCEL,Australia,826,,,,,,,230542S,1480022E,,Capella Airport,Queensland,,small_airport
airports,YCEM,Australia,76,125.8,CTAF,,,,,374339S,1452430E,,Coldstream Airport,Victoria,,small_airport
airports,YCES,Australia,,119.6,CTAF,120.3,MISC,122.3,MISC,380853S,1441528E,,Ceres Airport,Victoria,,small_airport
airports,YCFD,Australia,,134.2,CTAF,120.7,MISC,,,170118S,1311937E,,Camfield Airport,Northern Territory,,small_airport
airports,YCFH,Australia,105,126.7,CTAF,122.8,MISC,125.9,MISC,270105S,1385331E,,Clifton Hills Airport,South Australia,,small_airport
airports,YCFL,Australia,3609,118.2,CTAF,116.7,MISC,125.9,MISC,145814S,1451842E,,Cape Flattery Airport,Queensland,,small_airport
airports,YCFN,Australia,1450,121.2,CTAF,126.7,Multicom,,,275539S,1515053E,,Clifton Airport,Queensland,,small_airport
airports,YCFS,Australia,18,117,ATIS,118.2,CTAF,122.6,FSS,301914S,1530657E,,Coffs Harbour Airport,New South Wales,,medium_airport
airports,YCGH,Australia,,,,,,,,200759S,1404058E,,Clonagh Airport,Queensland,,small_airport
airports,YCGI,Australia,,130.9,CTAF,113,MISC,119.6,MISC,254750S,1225631E,,Carnegie Station Airport,Western Australia,,small_airport
airports,YCGL,Australia,1302,,,,,,,244107S,1470925E,,Cungelella Airport,Queensland,,small_airport
airports,YCGO,Australia,1110,126.7,CTAF,120.15,FSS,,,170818S,1443142E,,Chillagoe Airport,Queensland,,small_airport
airports,YCHB,Australia,2228,121.2,CTAF,119.4,MISC,125.3,MISC,282548S,1520520E,,Cherrabah Airport,Queensland,,small_airport
airports,YCHI,Australia,30,,,,,,,131715S,1362117E,,Cape Shield (Djarrakpi) Airport,Northern Territory,,small_airport
airports,YCHK,Australia,1462,,,,,,,222115S,1193833E,,Christmas Creek Airport,Western Australia,,small_airport
airports,YCHL,Australia,458,125.8,CTAF,114.3,MISC,119.6,MISC,361500S,1431800E,,Charlton Airport,Victoria,,small_airport
airports,YCHR,Australia,,122.4,CTAF,122.1,MISC,122.4,MISC,314200S,1344958E,,Childra Airport,South Australia,,small_airport
airports,YCHT,Australia,955,126.7,CTAF,120.55,FSS,,,200235S,1461622E,,Charters Towers Airport,Queensland,,small_airport
airports,YCIG,Australia,,,,,,,,322016S,1174938E,,Corrigin Airport,Western Australia,,small_airport
airports,YCIN,Australia,300,31.63,ATIS,126.7,CTAF,26.14,APP,173449S,1234942E,,RAAF Base Curtin,Western Australia,,medium_airport
airports,YCJU,Australia,,119.8,CTAF,120.6,MISC,123.9,MISC,184106S,1444453E,,Conjuboy Airport,Queensland,,small_airport
airports,YCKA,Australia,,121.2,CTAF,120.7,MISC,126.7,MISC,292836S,1370516E,,Curdimurka Airport,South Australia,,small_airport
airports,YCKD,Australia,197,126.7,CTAF,121.3,MISC,123.9,MISC,403107S,1480733E,,Clarke Island Airport,Tasmania,,small_airport
airports,YCKI,Australia,16,126.7,CTAF,118.15,MISC,,,110953S,1322858E,,Croker Island Airport,Northern Territory,,small_airport
airports,YCKN,Australia,26,126.7,CTAF,134.65,FSS,,,152637S,1451059E,,Cooktown Airport,Queensland,,medium_airport
airports,YCKY,Australia,290,,,,,,,320233S,1260528E,,Cocklebiddy Airport,Western Australia,,small_airport
airports,YCLA,Australia,266,,,,,,,332424S,1435624E,,Clare Station Airport,New South Wales,,small_airport
airports,YCLB,Australia,1494,,,,,,,345933S,1385537E,,Claremont Airbase,South Australia,,small_airport
airports,YCLE,Australia,,112.5,CTAF,120.7,MISC,134.2,MISC,371435S,1402642E,,Callendale Airport,South Australia,,small_airport
airports,YCLG,Australia,1319,126.7,CTAF,,,,,305350S,1211142E,,Coolgardie Airport,Western Australia,,small_airport
airports,YCLM,Australia,,112.2,CTAF,123,MISC,125.8,MISC,292842S,1484711E,,Collymongle Airport,New South Wales,,small_airport
airports,YCLQ,Australia,,122.1,CTAF,120.7,MISC,,,162404S,1225555E,,Cape Leveque Airport,Western Australia,,small_airport
airports,YCLT,Australia,,124.1,CTAF,123,MISC,125.8,MISC,345259S,1492501E,,Collector Airport,New South Wales,,small_airport
airports,YCLY,Australia,,126,CTAF,123,MISC,125.8,MISC,344807S,1455047E,,Coleambally Airport,New South Wales,,small_airport
airports,YCMB,Australia,1628,,,,,,,274312S,1515223E,,Cambooya Airfield,Queensland,,small_airport
airports,YCMH,Australia,2,120.6,CTAF,124.55,MISC,,,313954S,1524431E,,Camden Haven Airport,New South Wales,,small_airport
airports,YCMK,Australia,,119.8,CTAF,120.6,MISC,124.55,MISC,185128S,1452835E,,Camel Creek Airport,Queensland,,small_airport
airports,YCMM,Australia,,125.9,CTAF,122.6,MISC,,,341511S,1354234E,,Cummins Town Airport,South Australia,,small_airport
airports,YCMT,Australia,908,126.7,CTAF,122.3,FSS,,,224623S,1473715E,,Clermont Airport,Queensland,,medium_airport
airports,YCMU,Australia,630,126.7,CTAF,124.8,FSS,,,280148S,1453719E,,Cunnamulla Airport,Queensland,,medium_airport
airports,YCMW,Australia,241,119.8,CTAF,120.6,MISC,124.55,MISC,195442S,1380730E,,Camooweal Airport,Queensland,,small_airport
airports,YCNA,Australia,748,,,,,,,311726S,1412707E,,Corona Station Airport,New South Wales,,small_airport
airports,YCNF,Australia,295,134.2,CTAF,120.7,MISC,,,214018S,1213513E,,Camp Nifty Airport,Western Australia,,small_airport
airports,YCNG,Australia,,118.6,CTAF,124.1,MISC,,,364911S,1401622E,,Cooranga Airport,South Australia,,small_airport
airports,YCNH,Australia,925,124.8,CTAF,120.7,MISC,,,294101S,1155337E,,Carnarmah Airport,Western Australia,,small_airport
airports,YCNK,Australia,210,122.65,CTAF,125.7,FSS,119.6,PAL,324714S,1512031E,,Cessnock Airport,New South Wales,,small_airport
airports,YCNM,Australia,604,126.7,CTAF,127.1,FSS,,,305851S,1482240E,,Coonamble Airport,New South Wales,,medium_airport
airports,YCNN,Australia,,122.1,CTAF,124.1,MISC,,,310100S,1231001E,,Coonana Airport,Western Australia,,small_airport
airports,YCNO,Australia,,112.2,CTAF,123,MISC,125.8,MISC,351849S,1450622E,,Conargo Airport,New South Wales,,small_airport
airports,YCNQ,Australia,,122.1,CTAF,124.1,MISC,,,371637S,1404842E,,Coonawarra Airport,South Australia,,small_airport
airports,YCNR,Australia,,124,CTAF,116.7,MISC,125.9,MISC,373100S,1491001E,,Cann River Airport,Victoria,,small_airport
airports,YCNS,Australia,,122.3,CTAF,114.1,MISC,118.1,MISC,220759S,1323158E,,Coniston Airport,Northern Territory,,small_airport
airports,YCNX,Australia,,127.1,CTAF,125.7,MISC,,,290542S,1504632E,,Cooranga Airport,New South Wales,,small_airport
airports,YCNY,Australia,416,126.7,CTAF,125.7,FSS,,,184533S,1384234E,,Century Mine Airport,Queensland,,small_airport
airports,YCOD,Australia,125,125.9,CTAF,124.1,MISC,,,264443S,1403816E,,Cordillo Downs Airport,South Australia,,small_airport
airports,YCOE,Australia,532,126.7,CTAF,118.2,FSS,,,134540S,1430647E,,Coen Airport,Queensland,,medium_airport
airports,YCOF,Australia,,125.9,CTAF,114.1,MISC,118.1,MISC,343520S,1353032E,,Coffin Bay Airport,South Australia,,small_airport
airports,YCOG,Australia,,118.6,CTAF,124.1,MISC,,,204059S,1194001E,,Coongan Airport,Western Australia,,small_airport
airports,YCOH,Australia,,118.631,CTAF,117,MISC,122.6,MISC,354935S,1441249E,,Cohuna Airport,Victoria,,small_airport
airports,YCOI,Australia,818,126.7,CTAF,114.1,MISC,118.1,MISC,332200S,1161301E,,Collie Airport,Western Australia,,small_airport
airports,YCOL,Australia,,125.8,CTAF,123,MISC,125.8,MISC,373559S,1414159E,,Coleraine Airport,Victoria,,small_airport
airports,YCOM,Australia,3088,118.1,CTAF,119.4,FSS,,,361801S,1485820E,,Cooma Snowy Mountains Airport,New South Wales,,medium_airport
airports,YCOO,Australia,13,126.7,CTAF,124.1,MISC,,,125411S,1323155E,,Cooinda Airport,Northern Territory,,small_airport
airports,YCOR,Australia,469,126.7,CTAF,125.2,FSS,,,355940S,1462125E,,Corowa Airport,New South Wales,,medium_airport
airports,YCOS,Australia,,125.4,CTAF,124.1,MISC,,,275909S,1225417E,,Cosmo Newbery Airport,Western Australia,,small_airport
airports,YCOY,Australia,5,125.9,CTAF,124.1,MISC,,,230743S,1134650E,,Coral Bay Airport,Western Australia,,small_airport
airports,YCPD,Australia,,124.1,CTAF,120.7,MISC,,,111753S,1314937E,,Cape Don Airport,Northern Territory,,small_airport
airports,YCPG,Australia,,123.4,CTAF,124.1,MISC,,,205700S,1200158E,,Coppins Gap Airport,Western Australia,,small_airport
airports,YCPH,Australia,,120.7,CTAF,124.1,MISC,,,275841S,1341901E,,Copper Hills Airport,South Australia,,small_airport
airports,YCPK,Australia,2408,,,,,,,333742S,1490732E,,Coombing Park Airport,New South Wales,,small_airport
airports,YCPN,Australia,1585,119.8,CTAF,127.1,MISC,,,184306S,1441846E,,Carpentaria Downs Airport,Queensland,,small_airport
airports,YCPR,Australia,77,,,,,,,205843S,1161616E,,Cape Preston Airport,Western Australia,,small_airport
airports,YCPT,Australia,672,,,,,,,311829S,1372636E,,Carrapateena Airport,South Australia,,small_airport
airports,YCRA,Australia,131,126.7,CTAF,127.1,MISC,,,302729S,1474228E,,Carinda Airport,New South Wales,,small_airport
airports,YCRD,Australia,2251,,,,,,,351103S,1492908E,,Currandooley Airport,New South Wales,,small_airport
airports,YCRE,Australia,420,,,,,,,380233S,1433900E,,Cressy Aerodrome,Victoria,,small_airport
airports,YCRG,Australia,963,126.7,CTAF,125.2,FSS,,,361058S,1475316E,,Corryong Airport,Victoria,,medium_airport
airports,YCRK,Australia,540,122.4,CTAF,122.1,MISC,122.4,MISC,185222S,1255602E,,Christmas Creek Station Airport,Western Australia,,small_airport
airports,YCRL,Australia,,124.1,CTAF,119.5,MISC,,,342959S,1492740E,,Crookwell Airport,New South Wales,,small_airport
airports,YCRN,Australia,,126.7,CTAF,120.6,MISC,125.9,MISC,341659S,1173300E,,Cranbrook Airport,Western Australia,,small_airport
airports,YCRO,Australia,10,,,,,,,315744S,1155341E,,Crown Towers Heliport,Western Australia,,heliport
airports,YCRT,Australia,,123.9,CTAF,113,MISC,119.6,MISC,322500S,1383101E,,Carrieton Airport,South Australia,,small_airport
airports,YCRY,Australia,107,119.6,CTAF,118.6,MISC,119.5,MISC,181330S,1421528E,,Croydon Airport,Queensland,,small_airport
airports,YCSI,Australia,1545,,,,,,,320007S,1495739E,,Cassilis Rotherw Airport,New South Wales,,small_airport
airports,YCSL,Australia,,122.3,CTAF,120.6,MISC,123.9,MISC,243908S,1482810E,,Consuelo Airport,Queensland,,small_airport
airports,YCSP,Australia,,126.7,CTAF,114.3,MISC,122.1,MISC,252002S,1314533E,,Curtin Springs Airport,Northern Territory,,small_airport
airports,YCST,Australia,203,,,,,,,353742S,1401217E,,Carcuma Airport,South Australia,,small_airport
airports,YCSV,Australia,180,112.2,CTAF,123,MISC,125.8,MISC,203548S,1475136E,,Collinsville Airport,Queensland,,small_airport
airports,YCTA,Australia,1230,,,,,,,290834S,1504323E,,Coolatai Airport,New South Wales,,small_airport
airports,YCTC,Australia,1254,125.4,CTAF,124.1,MISC,,,224905S,1223505E,,Cotten Creek Airport,Western Australia,,small_airport
airports,YCTH,Australia,,120,CTAF,119.4,MISC,125.3,MISC,215800S,1401800E,,Chatsworth Airport,Queensland,,small_airport
airports,YCTI,Australia,372,122.1,CTAF,122.8,MISC,125.9,MISC,160545S,1233638E,,Cockatoo Island Airport,Western Australia,,small_airport
airports,YCTM,Australia,1110,126.7,CTAF,124.1,FSS,,,343727S,1480211E,,Cootamundra Airport,New South Wales,,medium_airport
airports,YCTN,Australia,521,125.8,CTAF,120.3,MISC,122.3,MISC,373648S,1412141E,,Casterton Airport,Victoria,,small_airport
airports,YCTS,Australia,,122.4,CTAF,119.6,MISC,125,MISC,200759S,1392501E,,Calton Hills Airport,Queensland,,small_airport
airports,YCUA,Australia,491,119.5,CTAF,,,,,331640S,1484607E,,Cudal Airport,New South Wales,,small_airport
airports,YCUD,Australia,,119.5,CTAF,,,,,253524S,1413028E,,Cuddapan Airport,Queensland,,small_airport
airports,YCUE,Australia,442,126.7,CTAF,122.6,MISC,,,272702S,1175503E,,Cue Airport,Western Australia,,small_airport
airports,YCUN,Australia,705,126.7,CTAF,120.3,FSS,,,313719S,1171301E,,Cunderdin Airport,Western Australia,,small_airport
airports,YCUR,Australia,,118.8,CTAF,125,MISC,,,355536S,1482333E,,Cabramurra Airport,New South Wales,,small_airport
airports,YCUS,Australia,197,126.7,CTAF,125.9,FSS,,,341254S,1353804E,,Cummins Airport,South Australia,,small_airport
airports,YCUT,Australia,,122.6,CTAF,115.5,MISC,119.6,MISC,325733S,1420319E,,Cuthero Airport,New South Wales,,small_airport
airports,YCVA,Australia,1120,126.7,CTAF,,,,,334237S,1383505E,,Clare Valley Aerodrome,South Australia,,small_airport
airports,YCVB,Australia,197,,,,,,,335306S,1511324E,,St Vincents - Victoria Barracks Helipad,New South Wales,,heliport
airports,YCVG,Australia,,,,,,,,344132S,1383451E,,Calvin Grove Airport,South Australia,,small_airport
airports,YCVS,Australia,,122.429,CTAF,122.1,MISC,122.4,MISC,302907S,1150508E,,Cervantes Airport,Western Australia,,small_airport
airports,YCWA,Australia,2300,,,,,,,225800S,1184846E,,Coondewanna Airport,Western Australia,,small_airport
airports,YCWE,Australia,,125,CTAF,120.7,MISC,,,110011S,1364533E,,Cape Wessels Airport,Northern Territory,,small_airport
airports,YCWH,Australia,,122.3,CTAF,114.1,MISC,118.1,MISC,295726S,1340906E,,Commonwealth Hill Airport,South Australia,,small_airport
airports,YCWI,Australia,52,119.5,CTAF,124.1,MISC,,,274242S,1381940E,,Cowarie Airport,South Australia,,small_airport
airports,YCWL,Australia,39,126.7,CTAF,120.6,MISC,125.9,MISC,334000S,1365331E,,Cowell Airport,South Australia,,small_airport
airports,YCWN,Australia,,118.8,CTAF,119.6,MISC,125.2,MISC,262800S,1432100E,,Corowa Downs Airport,Queensland,,small_airport
airports,YCWO,Australia,,125.8,CTAF,119.4,MISC,125.3,MISC,375109S,1423715E,,Chatsworth Airport,Victoria,,small_airport
airports,YCWR,Australia,966,126.7,CTAF,135.25,FSS,,,335048S,1483852E,,Cowra Airport,New South Wales,,medium_airport
airports,YCWW,Australia,1073,,,,,,,333234S,1483946E,,Canowindra Airport,New South Wales,,small_airport
airports,YCWY,Australia,1195,125.7,CTAF,124.1,MISC,,,214740S,1174517E,,Coolawanyah Airport,Western Australia,,small_airport
airports,YCXA,Australia,9,124.6,CTAF,112.3,MISC,119.5,MISC,255838S,1530013E,,Cooloola Village Airpark,Queensland,,small_airport
airports,YCYT,Australia,,120.15,CTAF,119.5,MISC,,,172259S,1442659E,,Crystal Brook Airport,Queensland,,small_airport
airports,YDAG,Australia,,120,CTAF,115.5,MISC,119.6,MISC,175626S,1433541E,,Dagworth Airport,Queensland,,small_airport
airports,YDAJ,Australia,335,126.7,CTAF,122.4,MISC,,,214229S,1393158E,,Dajarra Airport,Queensland,,small_airport
airports,YDAL,Australia,,126,CTAF,120.6,MISC,121.2,MISC,343400S,1461058E,,Dallas Airport,New South Wales,,small_airport
airports,YDAR,Australia,,126,CTAF,120.6,MISC,121.2,MISC,423418S,1480414E,,Darlington Airport,Tasmania,,small_airport
airports,YDAY,Australia,1137,126.7,CTAF,121.2,FSS,,,270930S,1511548E,,Dalby Airport,Queensland,,small_airport
airports,YDBI,Australia,567,126.7,CTAF,118.95,FSS,,,283516S,1481301E,,Dirranbandi Airport,Queensland,,medium_airport
airports,YDBR,Australia,15,118.2,CTAF,114.4,MISC,121.3,MISC,160250S,1422339E,,Dunbar Airport,Queensland,,small_airport
airports,YDBY,Australia,24,126.7,CTAF,122.1,FSS,,,172218S,1233943E,,Derby Airport,Western Australia,,medium_airport
airports,YDDF,Australia,,118.2,CTAF,118.6,MISC,,,160307S,1430048E,,Drumduff Airport,Queensland,,small_airport
airports,YDDI,Australia,8,,,,,,,201537S,1484848E,,Daydream Island Helipad,Queensland,,heliport
airports,YDDY,Australia,152,,,,,,,135007S,1311109E,,Douglas Daly Airstrip,Northern Territory,,small_airport
airports,YDEA,Australia,488,,,,,,,134007S,1341727E,,Delara Airfield,Northern Territory,,small_airport
airports,YDEG,Australia,2546,118.8,CTAF,120.6,MISC,121.2,MISC,370341S,1485631E,,Delegate Airport,New South Wales,,small_airport
airports,YDEK,Australia,230,127.85,CTAF,,,,,345641S,1172349E,,Denmark Airport,Western Australia,,small_airport
airports,YDER,Australia,600,125.8,CTAF,118.6,MISC,,,375603S,1431340E,,Derrinallum Airport,Victoria,,small_airport
airports,YDEV,Australia,,122.4,CTAF,118.6,MISC,,,211300S,1401358E,,Devoncourt Airport,Queensland,,small_airport
airports,YDFD,Australia,30,,,,,,,312518S,1524529E,,Dexfield Park,New South Wales,,small_airport
airports,YDGA,Australia,1459,,,,,,,274949S,1171859E,,Dalgaranga Gold Mine Airport,Western Australia,,small_airport
airports,YDGI,Australia,,121.2,CTAF,132.9,MISC,,,280759S,1405255E,,Dullingari Airport,South Australia,,small_airport
airports,YDGN,Australia,,132.9,CTAF,122.1,MISC,125.3,MISC,152311S,1261808E,,Doongan Airport,Western Australia,,small_airport
airports,YDGR,Australia,,124.8,CTAF,114.3,MISC,122.1,MISC,274729S,1165935E,,Dalgaranga Airport,Western Australia,,small_airport
airports,YDGT,Australia,,122.6,CTAF,114.3,MISC,122.1,MISC,251603S,1161317E,,Dalgety Downs Station Airport,Western Australia,,small_airport
airports,YDGU,Australia,1823,,,,,,,253330S,1191715E,,DeGrussa Airport,Western Australia,,small_airport
airports,YDGY,Australia,59,112.6,CTAF,114.3,MISC,118.15,MISC,201054S,1191152E,,De Grey Homestead Airport,Western Australia,,small_airport
airports,YDHL,Australia,,125,CTAF,122.1,MISC,125.3,MISC,122446S,1362311E,,Dhalinbuy Airport,Northern Territory,,small_airport
airports,YDIM,Australia,,120.15,CTAF,116.3,MISC,120.7,MISC,170743S,1450544E,,Dimbulah Airport,Queensland,,small_airport
airports,YDIX,Australia,580,118.2,CTAF,116.3,MISC,120.7,MISC,150702S,1431857E,,Dixie Airport,Queensland,,small_airport
airports,YDKI,Australia,6,124.6,CTAF,114.4,MISC,121.3,MISC,175620S,1460829E,,Dunk Island Airport,Queensland,,small_airport
airports,YDLC,Australia,,,,,,,,263831S,1494348E,,Dulacca Airport,Queensland,,small_airport
airports,YDLD,Australia,,118.15,CTAF,114.3,MISC,122.1,MISC,222730S,1345302E,,Delmore Downs Airport,Northern Territory,,small_airport
airports,YDLH,Australia,397,120.7,CTAF,114.3,MISC,122.1,MISC,262522S,1353033E,,Dalhousie Airport,South Australia,,small_airport
airports,YDLK,Australia,,121.2,CTAF,132.9,MISC,,,290047S,1382851E,,Dulkaninna Airport,South Australia,,small_airport
airports,YDLL,Australia,,124.6,CTAF,114.4,MISC,121.3,MISC,365059S,1434159E,,Dunolly Airport,Victoria,,small_airport
airports,YDLO,Australia,1513,118.4,CTAF,114.3,MISC,122.1,MISC,275224S,1211617E,,Darlot Airport,Western Australia,,small_airport
airports,YDLQ,Australia,316,119,CTAF,118.6,FSS,,,353333S,1445645E,,Deniliquin Airport,New South Wales,,medium_airport
airports,YDLT,Australia,15,126.5,CTAF,120.6,MISC,121.2,MISC,165930S,1411901E,,Delta Downs Airport,Queensland,,small_airport
airports,YDLV,Australia,34,118.15,CTAF,114.3,MISC,122.1,MISC,123300S,1304105E,,Delissaville Airport,Northern Territory,,small_airport
airports,YDLW,Australia,700,118.1,CTAF,114.3,MISC,122.1,MISC,161552S,1332300E,,Daly Waters Airport,Northern Territory,,small_airport
airports,YDME,Australia,,119.8,CTAF,124.8,MISC,,,302406S,1194948E,,Mount Dimer Airport,Western Australia,,small_airport
airports,YDMF,Australia,,125,CTAF,122.1,MISC,125.3,MISC,294002S,1191731E,,Diemal Find Airport,Western Australia,,small_airport
airports,YDMG,Australia,153,126.7,CTAF,125.7,FSS,,,175625S,1384919E,,Doomadgee Airport,Queensland,,small_airport
airports,YDMN,Australia,,122.635,CTAF,114.3,MISC,122.1,MISC,134459S,1304137E,,Daly River Airport,Northern Territory,,small_airport
airports,YDMR,Australia,,122.6,CTAF,114.3,MISC,122.1,MISC,153711S,1313813E,,Delamere Station Airport,Northern Territory,,small_airport
airports,YDNB,Australia,,122.3,CTAF,125.7,MISC,,,220357S,1461438E,,Doongmabulla Airport,Queensland,,small_airport
airports,YDNI,Australia,,126,CTAF,120.6,MISC,121.2,MISC,093445S,1434648E,,Darnley Island Airport,Queensland,,small_airport
airports,YDNK,Australia,,,,,,,,325259S,1433458E,,Darnick Airport,New South Wales,,small_airport
airports,YDNR,Australia,1391,,,,,,,303929S,1505230E,,Dunmore Manila Airport,New South Wales,,small_airport
airports,YDNV,Australia,,118.8,CTAF,114.4,MISC,121.3,MISC,280538S,1442153E,,Dynevor Downs Airport,Queensland,,small_airport
airports,YDOC,Australia,185,118.2,CTAF,116.3,MISC,120.7,MISC,323900S,1511232E,,Dochra Airfield,New South Wales,,small_airport
airports,YDOD,Australia,409,126.7,CTAF,125.8,FSS,,,362137S,1430028E,,Donald Airport,Victoria,,small_airport
airports,YDON,Australia,,120.7,CTAF,122.1,MISC,125.3,MISC,311011S,1170249E,,Dowerin Airport,Western Australia,,small_airport
airports,YDOO,Australia,,118.6,CTAF,116.3,MISC,120.7,MISC,184231S,1403313E,,Donors Hill Airport,Queensland,,small_airport
airports,YDOP,Australia,76,119.4,CTAF,116.3,MISC,120.7,MISC,193607S,1465035E,,Donnington Airpark,Queensland,,small_airport
airports,YDOR,Australia,58,126.7,CTAF,118.6,MISC,,,163313S,1414925E,,Dorunda Airport,Queensland,,small_airport
airports,YDPD,Australia,95,126,CTAF,120.6,MISC,121.2,MISC,240859S,1410628E,,Davenport Downs Airport,Queensland,,small_airport
airports,YDPO,Australia,33,126.9,CTAF,120.7,FSS,,,411010S,1462547E,,Devonport Airport,Tasmania,,medium_airport
airports,YDPR,Australia,,125,CTAF,122.1,MISC,125.3,MISC,223700S,1351159E,,Dneiper Airport,Northern Territory,,small_airport
airports,YDPS,Australia,,118.4,CTAF,114.3,MISC,122.1,MISC,275259S,1200458E,,Depot Springs Airport,Western Australia,,small_airport
airports,YDPT,Australia,,134.2,CTAF,114.3,MISC,122.1,MISC,313419S,1251113E,,Depot Outcamp Airport,Western Australia,,small_airport
airports,YDPW,Australia,,120.7,CTAF,114.3,MISC,122.1,MISC,241752S,1340835E,,Deep Well Airport,Northern Territory,,small_airport
airports,YDRA,Australia,,121.233,CTAF,122.1,MISC,125.3,MISC,291753S,1145538E,,Dongara Airport,Western Australia,,small_airport
airports,YDRC,Australia,,122.6,CTAF,114.3,MISC,122.1,MISC,251608S,1155202E,,Dairy Creek Homestead Airport,Western Australia,,small_airport
airports,YDRD,Australia,360,128,CTAF,132.9,MISC,,,154248S,1262251E,,Drysdale River Airport,Western Australia,,small_airport
airports,YDRG,Australia,495,,,,,,,234413S,1493952E,,Duaringa Airstrip,Queensland,,small_airport
airports,YDRH,Australia,116,125.7,CTAF,114.4,MISC,121.3,MISC,270430S,1415359E,,Durham Downs Airport,Queensland,,small_airport
airports,YDRI,Australia,58,125.7,CTAF,114.4,MISC,121.3,MISC,254105S,1401340E,,Durrie Airport,Queensland,,small_airport
airports,YDRL,Australia,,120.7,CTAF,114.3,MISC,122.1,MISC,262609S,1331535E,,De Rose Hill Airport,South Australia,,small_airport
airports,YDRN,Australia,330,,,,,,,381232S,1454951E,,Drouin Airport,Victoria,,small_airport
airports,YDUK,Australia,,,,,,,,275840S,1221743E,,Duketon Airport,Western Australia,,small_airport
airports,YDUM,Australia,,,,,,,,331959S,1174500E,,Dumbleyung Airport,Western Australia,,small_airport
airports,YDUN,Australia,260,125.7,CTAF,114.4,MISC,121.3,MISC,273108S,1532539E,,Dunwich Airport,Queensland,,small_airport
airports,YDVE,Australia,,120.735,CTAF,114.3,MISC,122.1,MISC,321659S,1163300E,,Dale River Airport,Western Australia,,small_airport
airports,YDVR,Australia,589,125,CTAF,122.1,MISC,125.3,MISC,245134S,1290719E,,Docker River Airport,Northern Territory,,small_airport
airports,YDWF,Australia,223,120.7,CTAF,114.3,MISC,122.1,MISC,154448S,1315511E,,Delamere Range Facility Airport,Northern Territory,,small_airport
airports,YDWU,Australia,,125.3,CTAF,,,,,301159S,1163919E,,Dalwallinu Airport,Western Australia,,small_airport
airports,YDYD,Australia,,126.7,CTAF,122.1,MISC,125.3,MISC,220459S,1351958E,,Derry Downs Airport,Northern Territory,,small_airport
airports,YDYS,Australia,670,126.7,CTAF,128.55,FSS,,,223719S,1482150E,,Dysart Airport,Queensland,,medium_airport
airports,YEAB,Australia,,126,CTAF,125.7,MISC,,,330814S,1462528E,,Euabalong Airport,New South Wales,,small_airport
airports,YEAT,Australia,,122.4,CTAF,125.2,MISC,,,371256S,1462547E,,Yea Airport,Victoria,,small_airport
airports,YECB,Australia,73,,,,,,,181923S,1220741E,,Eco Beach Airport,Western Australia,,small_airport
airports,YECH,Australia,323,119.1,CTAF,126.8,FSS,,,360925S,1444543E,,Echuca Airport,Victoria,,medium_airport
airports,YECL,Australia,22,134.2,CTAF,114.2,MISC,119.8,MISC,314225S,1285238E,,Eucla Airport,Western Australia,,small_airport
airports,YEDA,Australia,,126.7,CTAF,114.2,MISC,119.8,MISC,284426S,1383520E,,Etadunna Airport,South Australia,,small_airport
airports,YEDE,Australia,,125.8,CTAF,122.8,MISC,126.8,MISC,370112S,1411600E,,Edenhope Airport,Victoria,,small_airport
airports,YEDM,Australia,,125.7,CTAF,128.6,MISC,,,234500S,1160559E,,Edmund Station Airport,Western Australia,,small_airport
airports,YEEB,Australia,,127.1,CTAF,118.15,MISC,,,294957S,1151445E,,Eneabba Airport,Western Australia,,small_airport
airports,YEES,Australia,112,124.8,CTAF,122.8,MISC,126.8,MISC,323558S,1512023E,,Elderslie Airport,New South Wales,,small_airport
airports,YEGA,Australia,,120.7,CTAF,120.6,MISC,122.3,MISC,291840S,1455126E,,Engonnia Airport,New South Wales,,small_airport
airports,YEHP,Australia,15,,,,,,,332626S,1512207E,,Erina Heliport,New South Wales,,heliport
airports,YEIN,Australia,,119.8,CTAF,122.8,MISC,126.8,MISC,183011S,1440538E,,Einasleigh Airport,Queensland,,small_airport
airports,YEJI,Australia,1448,,,,,,,304610S,1201843E,,East Jaurdi Airport,Western Australia,,small_airport
airports,YELD,Australia,101,127.15,CTAF,123.4,FSS,,,120109S,1353415E,,Elcho Island Airport,Northern Territory,,medium_airport
airports,YELE,Australia,,122.6,CTAF,132.1,MISC,,,262202S,1180221E,,Belele Airport,Western Australia,,small_airport
airports,YELG,Australia,,,,,,,,315157S,1475840E,,Elengerah Airport,New South Wales,,small_airport
airports,YELK,Australia,,120,CTAF,123.4,MISC,128.6,MISC,211021S,1352638E,,Elkedra Airport,Northern Territory,,small_airport
airports,YELL,Australia,,118.1,CTAF,128.6,MISC,,,173138S,1333147E,,Elliott Airport,Northern Territory,,small_airport
airports,YELM,Australia,,126.8,CTAF,122.8,MISC,126.8,MISC,362924S,1443849E,,Elmore Airport,Victoria,,small_airport
airports,YELN,Australia,20,118.1,CTAF,128.6,MISC,,,333817S,1345359E,,Elliston Airport,South Australia,,small_airport
airports,YELS,Australia,,125.2,CTAF,114.4,MISC,121.3,MISC,363304S,1454818E,,Baddaginnie (Earlston) Airport,Victoria,,small_airport
airports,YELW,Australia,,,,,,,,371229S,1454958E,,Eildon Weir Airport,Victoria,,small_airport
airports,YEMG,Australia,166,118.8,CTAF,120.6,MISC,122.3,MISC,264200S,1431601E,,Eromanga Airport,Queensland,,small_airport
airports,YEMJ,Australia,,127.1,CTAF,118.15,MISC,,,283759S,1321058E,,Emu Junction Airport,South Australia,,small_airport
airports,YEML,Australia,624,126.7,CTAF,122.3,FSS,,,233402S,1481044E,,Emerald Airport,Queensland,,medium_airport
airports,YEMP,Australia,,132.2,CTAF,120.6,MISC,122.3,MISC,231518S,1504851E,,Emu Park Authorised Landing Area,Queensland,,small_airport
airports,YENO,Australia,145,125.7,CTAF,120.6,MISC,122.3,MISC,272539S,1525817E,,Enoggera Barracks,Queensland,,heliport
airports,YEPL,Australia,,119.5,CTAF,120.6,MISC,122.3,MISC,281740S,1411151E,,Epsilon Airport,Queensland,,small_airport
airports,YEPR,Australia,,127.1,CTAF,118.15,MISC,,,202559S,1351601E,,Epenarra Airport,Northern Territory,,small_airport
airports,YEPT,Australia,235,,,,,,,141022S,1301910E,,Emu Point Airstrip,Northern Territory,,small_airport
airports,YEQO,Australia,,122.4,CTAF,128.6,MISC,,,160029S,1275829E,,El Questro Airport,Western Australia,,small_airport
airports,YERA,Australia,,122.6,CTAF,118.15,MISC,,,253000S,1171001E,,Errabiddy Homestead Airport,Western Australia,,small_airport
airports,YERH,Australia,,122.6,CTAF,132.9,MISC,,,253703S,1213442E,,Earaheedy Airport,Western Australia,,small_airport
airports,YERL,Australia,,127.1,CTAF,118.15,MISC,,,251221S,1331514E,,Erldunda Airport,Northern Territory,,small_airport
airports,YERN,Australia,707,127.1,CTAF,118.15,MISC,,,261547S,1321055E,,Ernabella Airport,South Australia,,small_airport
airports,YERO,Australia,,122.6,CTAF,118.15,MISC,,,253337S,1163936E,,Erong Station Airport,Western Australia,,small_airport
airports,YERU,Australia,,122.6,CTAF,118.15,MISC,,,312604S,1392530E,,Erudina Airport,South Australia,,small_airport
airports,YESC,Australia,15,126.7,CTAF,125.7,MISC,,,174330S,1392501E,,Escott Airport,Queensland,,small_airport
airports,YESE,Australia,645,,,,,,,205835S,1410023E,,Elrose Airport,Queensland,,small_airport
airports,YESP,Australia,470,126.7,CTAF,133.2,FSS,,,334103S,1214922E,,Esperance Airport,Western Australia,,medium_airport
airports,YETT,Australia,256,,,,,,,250301S,1521315E,,North Gregory/Elliott Field,Queensland,,small_airport
airports,YEUA,Australia,555,122.4,Melbourne Centre,123.75,Melbourne Centre,,,364437S,1453045E,,Euroa Aerodrome,Victoria,,small_airport
airports,YEUD,Australia,,122.1,CTAF,114.2,MISC,119.8,MISC,242636S,1153635E,,Eudamulla Station Airport,Western Australia,,small_airport
airports,YEUL,Australia,,,,,,,,310153S,1481032E,,Eulalia Airport,New South Wales,,small_airport
airports,YEUO,Australia,152,124.8,CTAF,125.7,MISC,,,281000S,1450231E,,Eulo Airport,Queensland,,small_airport
airports,YEVA,Australia,,,,,,,,180003S,1345146E,,Eva Downs Airport,Northern Territory,,small_airport
airports,YEVD,Australia,20,124.2,CTAF,120.3,FSS,,,290606S,1532509E,,Evans Head Aerodrome,New South Wales,,small_airport
airports,YEVP,Australia,,120.7,CTAF,114.2,MISC,119.8,MISC,270100S,1324301E,,Everard Park Airport,South Australia,,small_airport
airports,YEWA,Australia,1576,,,,,,,222542S,1165316E,,Eliwana,Western Australia,,medium_airport
airports,YEWO,Australia,421,,,,,,,301407S,1473101E,,Brewon Airport,New South Wales,,small_airport
airports,YEXM,Australia,,125.9,CTAF,114.2,MISC,119.8,MISC,220226S,1140609E,,Exmouth Airport,Western Australia,,small_airport
airports,YEYD,Australia,,118.1,CTAF,114.2,MISC,119.8,MISC,281216S,1342916E,,Evelyn Downs Airport,South Australia,,small_airport
airports,YFBS,Australia,760,126.7,CTAF,135.25,FSS,,,332148S,1475605E,,Forbes Airport,New South Wales,,medium_airport
airports,YFCK,Australia,217,125.9,CTAF,125.7,MISC,,,384230S,1460315E,,Fish Creek Airport,Victoria,,small_airport
airports,YFCU,Australia,,125.4,CTAF,119.6,MISC,134.2,MISC,211759S,1160758E,,Fortescue River Airport,Western Australia,,small_airport
airports,YFDF,Australia,1555,,,,,,,221726S,1192613E,,Fortescue - Dave Forrest Aerodrome,Western Australia,,small_airport
airports,YFDN,Australia,709,,,,,,,350042S,1472226E,,Federation Hsd Airport,New South Wales,,small_airport
airports,YFFT,Australia,,122.4,CTAF,114.2,MISC,119.8,MISC,335048S,1384638E,,Farrell Flat Airport,South Australia,,small_airport
airports,YFHO,Australia,154,,,,,,,335132S,1505419E,,Fairfield Hospital Helipad,New South Wales,,heliport
airports,YFIL,Australia,380,118.6,CTAF,125.7,MISC,,,353932S,1453340E,,Finley Airport,New South Wales,,small_airport
airports,YFLI,Australia,10,124.229,CTAF,119.6,MISC,126.5,MISC,400530S,1475934E,,Flinders Island Airport,Tasmania,,small_airport
airports,YFLO,Australia,,125.9,CTAF,124.8,MISC,,,181752S,1282721E,,Flora Valley Airport,Western Australia,,small_airport
airports,YFLS,Australia,,125.9,CTAF,124.8,MISC,,,334351S,1343003E,,Flinders Island Airport,South Australia,,small_airport
airports,YFNE,Australia,,,,,,,,253540S,1343458E,,Finke Airport,Northern Territory,,small_airport
airports,YFOR,Australia,,122.6,CTAF,119.6,MISC,134.2,MISC,251959S,1182201E,,Fortnum Airport,Western Australia,,small_airport
airports,YFRD,Australia,,122.6,CTAF,119.6,MISC,134.2,MISC,311300S,1394500E,,Frome Downs Airport,South Australia,,small_airport
airports,YFRG,Australia,528,123.9,CTAF,119.6,MISC,134.2,MISC,264629S,1320101E,,Fregon Airport,South Australia,,small_airport
airports,YFRI,Australia,,,,,,,,420000S,1481532E,,Friendly Beaches Airport,Tasmania,,small_airport
airports,YFRK,Australia,800,123.9,CTAF,119.6,MISC,134.2,MISC,342529S,1170134E,,Frankland Airport,Western Australia,,small_airport
airports,YFRT,Australia,511,132.7,FSS,126.7,UNIC,,,305011S,1280646E,,Forrest Airport,Western Australia,,medium_airport
airports,YFRV,Australia,22,,,,,,,150952S,1275024E,,Oombulgurri Airport,Western Australia,,small_airport
airports,YFSA,Australia,,118.6,CTAF,119.6,MISC,126.5,MISC,183511S,1433357E,,Forsayth Airport,Queensland,,small_airport
airports,YFSK,Australia,,124.95,CTAF,125.7,MISC,,,374041S,1441314E,,Fiskville Airport,Victoria,,small_airport
airports,YFST,Australia,4,,,,,,,321208S,1522852E,,Forster (Wallis Is) Airport,New South Wales,,small_airport
airports,YFTA,Australia,,,,,,,,323448S,1194210E,,Forrestania Airport,Western Australia,,small_airport
airports,YFTL,Australia,10,,,,,,,320242S,1154358E,,Fremantle Heliport,Western Australia,,heliport
airports,YFTN,Australia,,119.5,CTAF,124.8,MISC,,,295433S,1392826E,,Mount Fitton Talc Airport,South Australia,,small_airport
airports,YFTZ,Australia,368,126.7,CTAF,124.8,FSS,,,181100S,1253335E,,Fitzroy Crossing Airport,Western Australia,,medium_airport
airports,YFVW,Australia,,125.7,CTAF,,,,,324726S,1484325E,,Fairview Airport,New South Wales,,small_airport
airports,YFWY,Australia,,132.9,CTAF,114.2,MISC,119.8,MISC,135850S,1271051E,,Faraway Bay Airport,Western Australia,,small_airport
airports,YGAD,Australia,9,,,,,,,321426S,1154106E,,HMAS Stirling Military Airport,Western Australia,,small_airport
airports,YGAH,Australia,,120.7,CTAF,122.4,MISC,122.6,MISC,300732S,1492604E,,Greenbah Airport,New South Wales,,small_airport
airports,YGAM,Australia,,120.15,CTAF,119.6,MISC,126.5,MISC,163238S,1434005E,,Gamboola Airport,Queensland,,small_airport
airports,YGAN,Australia,,123.4,CTAF,119.6,MISC,134.2,MISC,130252S,1355710E,,Gan Gan Airport,Northern Territory,,small_airport
airports,YGAR,Australia,10,122.1,CTAF,120.7,MISC,,,234729S,1133144E,,Gnaraloo Station Airport,Western Australia,,small_airport
airports,YGAS,Australia,460,,,,,,,273522S,1521525E,,Gatton Airpark,Queensland,,small_airport
airports,YGAW,Australia,70,126.55,CTAF,130.45,AD CEN,118.3,ED TWR,343559S,1384308E,,Gawler Airport,South Australia,,small_airport
airports,YGAY,Australia,369,126.7,CTAF,124.1,FSS,,,253657S,1513713E,,Gayndah Airport,Queensland,,small_airport
airports,YGBI,Australia,19,126.7,CTAF,124.1,MISC,,,113900S,1332255E,,South Goulburn Is Airport,Northern Territory,,small_airport
airports,YGBO,Australia,96,,,,,,,373357S,1495440E,,Gabo Island Airport,Victoria,,small_airport
airports,YGBW,Australia,,118.6,CTAF,126.8,MISC,,,355800S,1442253E,,Gunbower Airport,Victoria,,small_airport
airports,YGCL,Australia,17,,,,,,,280012S,1532145E,,Gold Coast Life Saver Base,Queensland,,heliport
airports,YGCR,Australia,,125.4,CTAF,,,,,320311S,1515834E,,Gloucester Airport,New South Wales,,small_airport
airports,YGDA,Australia,459,126.7,CTAF,124.8,FSS,,,290428S,1472313E,,Goodooga Airport,New South Wales,,small_airport
airports,YGDH,Australia,863,127.4,CTAF,127.1,FSS,,,305727S,1501456E,,Gunnedah Airport,New South Wales,,medium_airport
airports,YGDI,Australia,714,126.7,CTAF,123.9,FSS,,,283117S,1501912E,,Goondiwindi Airport,Queensland,,small_airport
airports,YGDN,Australia,800,120.7,CTAF,124.3,MISC,,,184041S,1283531E,,Gordon Downs Airport,Western Australia,,small_airport
airports,YGDO,Australia,1860,,,,,,,350301S,1491521E,,Gundaroo Airport,New South Wales,,small_airport
airports,YGDR,Australia,,119.8,CTAF,112.9,MISC,120.6,MISC,231712S,1342624E,,The Garden Airport,Northern Territory,,small_airport
airports,YGDS,Australia,52,119.8,CTAF,122.4,MISC,122.6,MISC,183730S,1391358E,,Gregory Downs Airport,Queensland,,small_airport
airports,YGDV,Australia,,120,CTAF,118.6,MISC,,,201457S,1422621E,,Galdeville Airport,Queensland,,small_airport
airports,YGDW,Australia,337,127.8,CTAF,114.1,MISC,119.6,MISC,265653S,1333625E,,Granite Downs Airport,South Australia,,small_airport
airports,YGEL,Australia,121,126.7,CTAF,121.2,FSS,,,284745S,1144225E,,Geraldton Airport,Western Australia,,medium_airport
airports,YGEN,Australia,157,,,,,,,224919S,1501957E,,The Glen Airfield,Queensland,,small_airport
airports,YGFN,Australia,110,126.7,CTAF,122.6,FSS,,,294517S,1530152E,,Clarence Valley Regional Airport,New South Wales,,medium_airport
airports,YGGE,Australia,1180,124.8,CTAF,120.7,MISC,,,284553S,1165821E,,Golden Grove Airport,Western Australia,,small_airport
airports,YGGI,Australia,,124.8,CTAF,125.4,MISC,,,335947S,1454258E,,Goolgowi Airport,New South Wales,,small_airport
airports,YGGL,Australia,,118.2,CTAF,116.3,MISC,120.7,MISC,145200S,1431658E,,Glen Garland Airport,Queensland,,small_airport
airports,YGGO,Australia,,124.8,CTAF,122.4,MISC,123.9,MISC,311755S,1505514E,,Goonoo Goonoo Airport,New South Wales,,small_airport
airports,YGGS,Australia,,119.8,CTAF,122.4,MISC,122.6,MISC,194236S,1442222E,,Gregory Springs Airport,Queensland,,small_airport
airports,YGHG,Australia,,119.8,CTAF,116.3,MISC,120.7,MISC,181454S,1450733E,,Glen Harding Airport,Queensland,,closed
airports,YGHP,Australia,200,,,,,,,383937S,1430621E,,Glenample Heliport,Victoria,,heliport
airports,YGHS,Australia,83,,,,,,,234932S,1133149E,,Gnaraloo Homestead Airfield,Western Australia,,small_airport
airports,YGHT,Australia,6,,,,,,,275809S,1532525E,,Mirage Helipad,Queensland,,heliport
airports,YGIA,Australia,1409,,,,,,,223452S,1200207E,,Ginbata Airport,Western Australia,,small_airport
airports,YGIB,Australia,509,128,CTAF,132.9,MISC,,,162507S,1262644E,,Gibb River Airport,Western Australia,,small_airport
airports,YGID,Australia,,128,CTAF,132.9,MISC,,,271612S,1192417E,,Gidgee Airport,Western Australia,,small_airport
airports,YGIF,Australia,,125.7,CTAF,132.9,MISC,,,240259S,1161301E,,Gifford Creek Station Airport,Western Australia,,small_airport
airports,YGIG,Australia,247,118.5,CTAF,130.2,APP,135.25,FSS,312755S,1155146E,,RAAF Gingin,Western Australia,,small_airport
airports,YGIL,Australia,320,120.6,CTAF,118.6,MISC,127.1,MISC,314149S,1483811E,,Gilgandra Airport,New South Wales,,small_airport
airports,YGIR,Australia,,125.9,CTAF,120.7,MISC,,,224047S,1142215E,,Giralia Airport,Western Australia,,small_airport
airports,YGIS,Australia,1373,,,,,,,372902S,1443508E,,Gisborne Helipad,Victoria,,heliport
airports,YGKL,Australia,21,120.7,CTAF,122.4,MISC,122.6,MISC,231104S,1505629E,,Great Keppel Is Airport,Queensland,,small_airport
airports,YGLA,Australia,64,118.8,CTAF,119.55,FSS,,,235211S,1511331E,,Gladstone Airport,Queensland,,medium_airport
airports,YGLB,Australia,2141,127.15,CTAF,121.2,FSS,,,344837S,1494333E,,Goulburn Airport,New South Wales,,medium_airport
airports,YGLD,Australia,,122.6,CTAF,120.7,MISC,,,305853S,1354639E,,Glendambo Airport,South Australia,,small_airport
airports,YGLE,Australia,91,126.7,CTAF,125.4,MISC,,,244829S,1393600E,,Glengyle Airport,Queensland,,small_airport
airports,YGLI,Australia,3433,126.7,CTAF,134.2,FSS,,,294033S,1514128E,,Glen Innes Airport,New South Wales,,medium_airport
airports,YGLK,Australia,590,,,,,,,334715S,1503630E,,Glenbrook NPWS Heliport,New South Wales,,heliport
airports,YGLN,Australia,728,123.9,CTAF,120.7,MISC,,,313714S,1481155E,,Glencoe Airport,New South Wales,,small_airport
airports,YGLO,Australia,158,122.4,CTAF,125.4,MISC,,,225317S,1384929E,,Glenormiston Airport,Queensland,,small_airport
airports,YGLP,Australia,865,122.4,CTAF,119.6,MISC,134.2,MISC,190830S,1375226E,,Gallipolli Airport,Northern Territory,,small_airport
airports,YGLS,Australia,579,120.5,CTAF,121.85,MISC,132.9,MISC,250237S,1281745E,,Giles Airport,Western Australia,,small_airport
airports,YGLY,Australia,,122.6,CTAF,120.7,MISC,,,251659S,1220300E,,Glenayle Homestead Airport,Western Australia,,small_airport
airports,YGMD,Australia,,123.4,CTAF,124.3,MISC,,,120600S,1334001E,,Goomadeer Airport,Northern Territory,,small_airport
airports,YGMP,Australia,,125.8,CTAF,122.4,MISC,122.6,MISC,370254S,1421613E,,Grampians Airport,Victoria,,small_airport
airports,YGMT,Australia,1770,,,,,,,274548S,1515531E,,Greenmount ALA,Queensland,,small_airport
airports,YGNA,Australia,,122.4,CTAF,122.4,MISC,122.6,MISC,200600S,1402201E,,Granada Airport,Queensland,,small_airport
airports,YGNB,Australia,640,,,,,,,334541S,1503810E,,RAAF Base Glenbrook,New South Wales,,heliport
airports,YGNE,Australia,420,,,,,,,380953S,1440626E,,Gnarwarre Airstrip,Victoria,,small_airport
airports,YGNF,Australia,1080,122.4,CTAF,122.6,MISC,,,340000S,1480758E,,Grenfell Airport,New South Wales,,small_airport
airports,YGNO,Australia,578,,,,,,,234529S,1483209E,,Goonoo Feedlot Airstrip,Queensland,,small_airport
airports,YGNV,Australia,,119.8,CTAF,122.4,MISC,122.6,MISC,185947S,1450048E,,Greenvale Airport,Queensland,,small_airport
airports,YGNW,Australia,,125.4,CTAF,120.7,MISC,,,335841S,1180046E,,Gnowangerup Airport,Western Australia,,small_airport
airports,YGOM,Australia,,120.7,CTAF,124.3,MISC,,,312135S,1165328E,,Goomalling Airport,Western Australia,,small_airport
airports,YGON,Australia,900,,,,,,,194621S,1392415E,,Mount Gordon Airport,Queensland,,small_airport
airports,YGPI,Australia,,123.4,CTAF,132.9,MISC,,,231725S,1190853E,,Giles Point Airport,Western Australia,,small_airport
airports,YGPR,Australia,,122.4,CTAF,122.4,MISC,127.1,MISC,194200S,1392201E,,Gunpowder Airport,Queensland,,small_airport
airports,YGPT,Australia,90,126.7,CTAF,118.15,FSS,,,112358S,1302532E,,Garden Point Airport,Northern Territory,,medium_airport
airports,YGRL,Australia,184,,,,,,,375031S,1480000E,,Great Lakes Vi Airport,Victoria,,small_airport
airports,YGRU,Australia,,120.15,CTAF,125.3,MISC,134.2,MISC,180459S,1452359E,,Glen Ruth Airport,Queensland,,small_airport
airports,YGSC,Australia,499,122.1,CTAF,119.6,MISC,134.2,MISC,250316S,1151209E,,Gascoyne Junction Airport,Western Australia,,small_airport
airports,YGSN,Australia,1205,,,,,,,293624S,1172406E,,Mount Gibson Airstrip,Western Australia,,small_airport
airports,YGTC,Australia,2136,,,,,,,225815S,1341450E,,Gemtree Caravan Park Airstrip,Northern Territory,,small_airport
airports,YGTE,Australia,53,126,CTAF,122.2,FSS,,,135820S,1362730E,,Groote Eylandt Airport,Northern Territory,,medium_airport
airports,YGTH,Australia,439,126.55,CTAF,126,FSS,,,341502S,1460401E,,Griffith Airport,New South Wales,,medium_airport
airports,YGTN,Australia,995,126.7,CTAF,118.6,FSS,,,181809S,1433151E,,Georgetown Airport,Queensland,,small_airport
airports,YGTO,Australia,131,126.7,CTAF,126.5,MISC,,,410446S,1465020E,,George Town Airport,Tasmania,,small_airport
airports,YGUL,Australia,,124.8,CTAF,122.2,MISC,125.1,MISC,283846S,1161836E,,Gullewa Airport,Western Australia,,small_airport
airports,YGUW,Australia,,120.15,CTAF,126.8,MISC,,,175700S,1451001E,,Gunnawarra Airport,Queensland,,small_airport
airports,YGVE,Australia,,120.15,CTAF,125.3,MISC,134.2,MISC,431353S,1470000E,,Glendevie Airport,Tasmania,,small_airport
airports,YGWA,Australia,32,126.7,CTAF,124.3,MISC,,,352848S,1384439E,,Goolwa Airport,South Australia,,small_airport
airports,YGWD,Australia,,118.8,CTAF,119.6,MISC,126.5,MISC,251116S,1424119E,,Galway Downs Airport,Queensland,,small_airport
airports,YGYM,Australia,260,126.7,CTAF,129,FSS,,,261724S,1524210E,,Gympie Airport,Queensland,,small_airport
airports,YHAA,Australia,2269,126.7,CTAF,122.2,MISC,125.1,MISC,232717S,1315110E,,Haasts Bluff Airport,Northern Territory,,small_airport
airports,YHAB,Australia,,135.5,CTAF,122.8,MISC,124.6,MISC,200614S,1482645E,,Hideaway Bay Airport,Queensland,,small_airport
airports,YHAE,Australia,,124.1,CTAF,114.4,MISC,135.5,MISC,343346S,1482333E,,Harden Airport,New South Wales,,small_airport
airports,YHAG,Australia,,134.2,CTAF,122.2,MISC,125.1,MISC,310023S,1260439E,,Haig Airport,Western Australia,,small_airport
airports,YHAW,Australia,321,123.9,CTAF,118.6,MISC,125.3,MISC,315121S,1382805E,,Wilpena Pound Airport,South Australia,,small_airport
airports,YHAY,Australia,305,126.7,CTAF,118.6,FSS,,,343153S,1444948E,,Hay Airport,New South Wales,,medium_airport
airports,YHBA,Australia,60,126.55,CTAF,124.6,FSS,,,251912S,1525250E,,Hervey Bay Airport,Queensland,,medium_airport
airports,YHBK,Australia,267,126.7,CTAF,119.5,MISC,,,354048S,1471920E,,Holbrook Airport,New South Wales,,small_airport
airports,YHBR,Australia,,134.2,CTAF,134.2,MISC,,,162922S,1303749E,,Humbert River Airport,Northern Territory,,small_airport
airports,YHBY,Australia,,123.9,CTAF,118.6,MISC,125.3,MISC,243502S,1331409E,,Henbury Airport,Northern Territory,,small_airport
airports,YHCS,Australia,815,,,,,,,185730S,1380343E,,Herbertvale Cattleyard Airport,Queensland,,small_airport
airports,YHCT,Australia,3537,,,,,,,311425S,1512555E,,Heathcote Emergency Airport,New South Wales,,small_airport
airports,YHDD,Australia,,122.6,CTAF,118.6,MISC,125.3,MISC,151309S,1340416E,,Hodgson Downs Airport,Northern Territory,,small_airport
airports,YHDY,Australia,,122.4,CTAF,118.6,MISC,119.6,MISC,211959S,1381658E,,Headingly Airport,Queensland,,small_airport
airports,YHEC,Australia,,122.1,CTAF,118.6,MISC,119.6,MISC,274602S,1532021E,,Heck Field Airport,Queensland,,small_airport
airports,YHEG,Australia,,125.7,CTAF,118.6,MISC,119.6,MISC,172719S,1382056E,,Hells Gate Airport,Queensland,,small_airport
airports,YHEW,Australia,,,,,,,,231319S,1503611E,,Hedlow Airport,Queensland,,small_airport
airports,YHGR,Australia,,119.8,CTAF,134.2,MISC,,,242657S,1334231E,,Hugh River Airport,Northern Territory,,small_airport
airports,YHGS,Australia,,122.1,CTAF,134.2,MISC,,,304259S,1293029E,,Hughes Siding Airport,South Australia,,small_airport
airports,YHHY,Australia,,118.6,CTAF,122.8,MISC,124.6,MISC,162526S,1430843E,,Highbury Airport,Queensland,,small_airport
airports,YHID,Australia,43,126.5,CTAF,120.3,FSS,,,103508S,1421733E,,Horn Island Airport,Queensland,,medium_airport
airports,YHIL,Australia,935,123.4,CTAF,118.6,MISC,125.3,MISC,214305S,1192625E,,Hillside Airport,Western Australia,,small_airport
airports,YHKT,Australia,,119.8,CTAF,134.2,MISC,,,225635S,1352649E,,Huckitta Airport,Northern Territory,,small_airport
airports,YHLC,Australia,1346,126.7,CTAF,118.2,FSS,,,181402S,1274011E,,Halls Creek Airport,Western Australia,,medium_airport
airports,YHLG,Australia,,,,,,,,193832S,1454749E,,Hillgrove Airport,Queensland,,small_airport
airports,YHLM,Australia,,120,CTAF,118.6,MISC,125.3,MISC,331549S,1164910E,,Hillman Farm Airport,Western Australia,,small_airport
airports,YHLN,Australia,963,,,,,,,182620S,1335242E,,Helen Springs Airstrip,Northern Territory,,small_airport
airports,YHLS,Australia,403,126.7,CTAF,126,FSS,,,332935S,1453122E,,Hillston Airport,New South Wales,,small_airport
airports,YHMB,Australia,593,123.9,CTAF,118.6,MISC,125.3,MISC,235535S,1324828E,,Hermannsburg Airport,Northern Territory,,small_airport
airports,YHMH,Australia,10,,,,,,,314929S,1154404E,,Hillary's Marina Helipad,Western Australia,,heliport
airports,YHML,Australia,803,124.2,CTAF,125.8,FSS,,,373856S,1420354E,,Hamilton Airport,Victoria,,medium_airport
airports,YHMT,Australia,,120.7,CTAF,118.6,MISC,125.3,MISC,264311S,1350422E,,Hamilton Airport,South Australia,,small_airport
airports,YHOA,Australia,,122.6,CTAF,134.2,MISC,,,120542S,1352143E,,Howard Island Airport,Northern Territory,,small_airport
airports,YHON,Australia,419,,,,,,,314513S,1403953E,,Honeymoon Airport,South Australia,,small_airport
airports,YHOO,Australia,320,126.7,CTAF,134.2,MISC,,,182012S,1303816E,,Hooker Creek Airport,Northern Territory,,small_airport
airports,YHOT,Australia,4260,126.75,CTAF,125.2,FSS,,,370251S,1472002E,,Mount Hotham Airport,Victoria,,medium_airport
airports,YHOV,Australia,385,122.6,CTAF,118.6,MISC,125.3,MISC,153245S,1340544E,,Hodgeson River Airfield,Northern Territory,,small_airport
airports,YHOY,Australia,,120.7,CTAF,119.5,MISC,,,221625S,1500225E,,Hollins Bay Airport,Queensland,,small_airport
airports,YHPB,Australia,13,,,,,,,202008S,1485108E,,Happy Bay Helipad,Queensland,,heliport
airports,YHPE,Australia,,119.839,CTAF,134.2,MISC,,,335400S,1200928E,,Hopetoun Airport,Western Australia,,small_airport
airports,YHPN,Australia,256,126.7,CTAF,125.8,FSS,,,354255S,1422136E,,Hopetoun Airport,Victoria,,medium_airport
airports,YHPV,Australia,228,,,,,,,151732S,1450612E,,Hope Vale Airport,Queensland,,small_airport
airports,YHPY,Australia,123,,,,,,,252010S,1531206E,,Happy Valley Heliport,Queensland,,heliport
airports,YHRD,Australia,,126.5,CTAF,112.4,MISC,119.8,MISC,285946S,1442711E,,Hungerford Airport,Queensland,,small_airport
airports,YHRG,Australia,,123.9,CTAF,122.4,MISC,127.1,MISC,312757S,1475343E,,Haddon Rig Airport,New South Wales,,small_airport
airports,YHSB,Australia,,119.8,CTAF,134.2,MISC,,,251300S,1341601E,,Horseshoe Bend Airport,Northern Territory,,small_airport
airports,YHSJ,Australia,16,,,,,,,272623S,1530627E,,Holt Street Jetty Heliport,Queensland,,heliport
airports,YHSL,Australia,,122.6,CTAF,134.2,MISC,,,252100S,1183701E,,Horseshoe Lights Airport,Western Australia,,small_airport
airports,YHSM,Australia,445,125.8,FSS,118.8,UNIC,,,364010S,1421022E,,Horsham Airport,Victoria,,medium_airport
airports,YHTA,Australia,,122.1,CTAF,118.6,MISC,125.3,MISC,320833S,1350556E,,Hiltaba Airport,South Australia,,small_airport
airports,YHTL,Australia,,122.1,CTAF,118.6,MISC,119.6,MISC,114412S,1423437E,,Heathlands Airport,Queensland,,small_airport
airports,YHTN,Australia,,120.15,CTAF,118.6,MISC,119.6,MISC,172559S,1452359E,,Herberton Airport,Queensland,,small_airport
airports,YHTR,Australia,102,122.6,CTAF,112.4,MISC,119.8,MISC,403121S,1444429E,,Hunter Island Airport,Tasmania,,small_airport
airports,YHTS,Australia,,119.8,CTAF,118.6,MISC,125.3,MISC,225906S,1345504E,,Harts Range Airport,Northern Territory,,small_airport
airports,YHUG,Australia,1043,126.7,CTAF,119.8,FSS,,,204854S,1441330E,,Hughenden Airport,Queensland,,small_airport
airports,YHVH,Australia,,128.55,CTAF,114.4,MISC,135.5,MISC,204100S,1463819E,,Harvest Home Airport,Queensland,,small_airport
airports,YHYD,Australia,,,,,,,,322559S,1185201E,,Hyden Airport,Western Australia,,small_airport
airports,YHYL,Australia,545,,,,,,,340145S,1383127E,,Hoyleton Airbase,South Australia,,small_airport
airports,YHYN,Australia,8,,,,,,,200335S,1485300E,,Hayman Island Heliport,Queensland,,heliport
airports,YIBO,Australia,665,,,,,,,211715S,1185257E,,Iron Bridge Mine Airport,Western Australia,,small_airport
airports,YIDK,Australia,401,119.8,CTAF,134.2,MISC,,,265755S,1331919E,,Indulkana Airport,South Australia,,small_airport
airports,YIDR,Australia,,119.8,CTAF,134.2,MISC,,,250347S,1334358E,,Idracowra Airport,Northern Territory,,small_airport
airports,YIFF,Australia,574,,,,,,,221412S,1482559E,,Iffley HS Airstrip,Queensland,,small_airport
airports,YIFL,Australia,46,126.7,CTAF,124.6,FSS,,,173333S,1460043E,,Innisfail Airport,Queensland,,small_airport
airports,YIFY,Australia,43,122.6,CTAF,112.4,MISC,119.8,MISC,185359S,1411301E,,Iffley Airport,Queensland,,small_airport
airports,YIGM,Australia,49,126.7,CTAF,120.55,FSS,,,183950S,1460844E,,Ingham Airport,Queensland,,small_airport
airports,YIGR,Australia,,120.7,CTAF,134.2,MISC,,,293759S,1344734E,,Ingomar Airport,South Australia,,small_airport
airports,YIKL,Australia,,126.9,CTAF,120.6,MISC,121.85,MISC,224547S,1360946E,,Baikal Airport,Northern Territory,,small_airport
airports,YIKM,Australia,6,118.6,CTAF,128.85,MISC,,,161345S,1412604E,,Inkerman Airport,Queensland,,small_airport
airports,YILA,Australia,525,119.1,CTAF,,,,,362722S,1462559E,,Milawa (Brown Brothers) Airport,Victoria,,small_airport
airports,YILF,Australia,720,,,,,,,232832S,1443147E,,Ilfracombe Airport,Queensland,,small_airport
airports,YILT,Australia,181,121.2,CTAF,113.7,MISC,119.6,MISC,351914S,1502621E,,Ulladulla Medical Heliport,New South Wales,,heliport
airports,YILW,Australia,840,123.9,CTAF,128.85,MISC,,,282507S,1510543E,,Inglewood Airport,Queensland,,small_airport
airports,YIMA,Australia,,119.8,CTAF,134.2,MISC,,,250751S,1323356E,,Imanpa Airport,Northern Territory,,small_airport
airports,YIMB,Australia,763,124.1,CTAF,117.3,MISC,122.4,MISC,330535S,1362758E,,Kimba Airport,South Australia,,small_airport
airports,YIMP,Australia,,119.8,CTAF,134.2,MISC,,,250913S,1333446E,,Impadna Airport,Northern Territory,,small_airport
airports,YIMT,Australia,,,,,,,,274430S,1404441E,,Innamincka Township Airport,South Australia,,small_airport
airports,YING,Australia,,122.3,CTAF,112.4,MISC,119.8,MISC,245949S,1481959E,,Ingelara Airport,Queensland,,small_airport
airports,YINJ,Australia,401,126,CTAF,128.85,MISC,,,255103S,1483258E,,Injune Airport,Queensland,,small_airport
airports,YINN,Australia,54,119.5,CTAF,,,,,274151S,1404422E,,Innamincka Airport,South Australia,,small_airport
airports,YINO,Australia,,126.7,CTAF,127.1,MISC,,,294625S,1510957E,,Inverell North Airport,New South Wales,,small_airport
airports,YINV,Australia,,118.6,CTAF,127.1,MISC,,,180018S,1403207E,,Inverleigh Airport,Queensland,,small_airport
airports,YINW,Australia,,,,,,,,175027S,1293834E,,Inverway Airport,Northern Territory,,small_airport
airports,YISD,Australia,,122.1,CTAF,127.1,MISC,,,241258S,1443734E,,Isis Downs Airport,Queensland,,small_airport
airports,YISF,Australia,694,126.7,CTAF,122.1,FSS,,,241529S,1442530E,,Isisford Airport,Queensland,,small_airport
airports,YISV,Australia,,119.5,CTAF,134.2,MISC,,,152259S,1311601E,,Innesvale Airport,Northern Territory,,small_airport
airports,YITT,Australia,820,125.227,CTAF,113.7,MISC,119.6,MISC,363049S,1472132E,,Mitta Mitta Airport,Victoria,,small_airport
airports,YIVE,Australia,100,,,,,,,383645S,1454400E,,Inverloch Airport,Victoria,,small_airport
airports,YIVL,Australia,2667,126.7,CTAF,127.1,FSS,,,295317S,1510838E,,Inverell Airport,New South Wales,,medium_airport
airports,YIVO,Australia,330,126.7,CTAF,124.9,FSS,,,325256S,1441838E,,Ivanhoe Airport,New South Wales,,small_airport
airports,YJAB,Australia,85,126.7,CTAF,124.1,FSS,,,123929S,1325340E,,Jabiru Airport,Northern Territory,,small_airport
airports,YJAC,Australia,419,,,,,,,305403S,1321101E,,Jacinth Ambrosia Airport,South Australia,,small_airport
airports,YJAK,Australia,106,119.6,CTAF,118.8,MISC,124.9,MISC,273817S,1422428E,,Jackson Airport,Queensland,,small_airport
airports,YJAM,Australia,,130.9,CTAF,124.1,MISC,,,255100S,1274058E,,Jameson Airport,Western Australia,,small_airport
airports,YJBY,Australia,200,118.85,CTAF,123.5,APP,132.3,CNTR,350844S,1504146E,,Jervis Bay Airport,Australian Capital Territory,,small_airport
airports,YJCO,Australia,1375,126.5,CTAF,124.9,MISC,125.3,MISC,422205S,1472009E,,Jericho Airport,Tasmania,,small_airport
airports,YJDA,Australia,145,122.1,CTAF,126.7,MISC,,,245016S,1430343E,,Jundah Airport,Queensland,,small_airport
airports,YJEM,Australia,,124.9,CTAF,,,,,323123S,1473447E,,Jemalong Airport,New South Wales,,small_airport
airports,YJER,Australia,110,118.6,CTAF,124.9,MISC,125.3,MISC,352211S,1454330E,,Jerilderie Airport,New South Wales,,small_airport
airports,YJEY,Australia,,118.4,CTAF,122.4,MISC,123.9,MISC,292428S,1211616E,,Jeedamya Airport,Western Australia,,small_airport
airports,YJGP,Australia,,120.6,CTAF,122.4,MISC,123.9,MISC,335505S,1185416E,,Jerramungup Airport,Western Australia,,small_airport
airports,YJIG,Australia,,120.6,CTAF,122.4,MISC,123.9,MISC,232200S,1204658E,,Jiggalong Mission Airport,Western Australia,,small_airport
airports,YJIN,Australia,3400,126.7,CTAF,124.9,MISC,125.3,MISC,362544S,1483558E,,Jindabyne Airport,New South Wales,,small_airport
airports,YJLC,Australia,404,126.7,CTAF,123.95,FSS,,,204005S,1414322E,,Julia Creek Airport,Queensland,,small_airport
airports,YJNB,Australia,15,,,,,,,301809S,1150319E,,Jurien Bay Airport,Western Australia,,small_airport
airports,YJNK,Australia,,120.6,CTAF,122.4,MISC,123.9,MISC,225700S,1354358E,,Jinka Airport,Northern Territory,,small_airport
airports,YJNY,Australia,,120.15,CTAF,124.9,MISC,125.3,MISC,163000S,1442359E,,Jonroy Airport,Queensland,,small_airport
airports,YJRO,Australia,,122.1,CTAF,124.9,MISC,125.3,MISC,233506S,1460758E,,Jericho Airport,Queensland,,small_airport
airports,YJST,Australia,,123.9,CTAF,124.1,MISC,,,331131S,1383655E,,Hubert Wilkins Airstrip,South Australia,,small_airport
airports,YJUK,Australia,,121.85,CTAF,112.3,MISC,120.6,MISC,242214S,1284421E,,Tjukurla Airport,Western Australia,,small_airport
airports,YJUN,Australia,562,126.7,CTAF,118.95,MISC,,,262518S,1203437E,,Jundee Airport,Western Australia,,small_airport
airports,YJVM,Australia,,120.6,CTAF,122.4,MISC,123.9,MISC,223759S,1361601E,,Jervois Mine Airport,Northern Territory,,small_airport
airports,YJVS,Australia,331,120.6,CTAF,122.4,MISC,123.9,MISC,225447S,1360711E,,Jervois Airport,Northern Territory,,small_airport
airports,YJWB,Australia,,121.2,CTAF,124.9,MISC,125.3,MISC,154359S,1441601E,,Jowalbinna Airport,Queensland,,small_airport
airports,YKAE,Australia,,122.6,CTAF,,,,,302136S,1170717E,,Kalannie Airport,Western Australia,,small_airport
airports,YKAJ,Australia,,122.4,CTAF,120,MISC,120.6,MISC,200159S,1400158E,,Kajabbi Airport,Queensland,,small_airport
airports,YKAL,Australia,29,132.9,CTAF,114.1,MISC,120.6,MISC,141716S,1263759E,,Kalumburu Airport,Western Australia,,small_airport
airports,YKAN,Australia,,134.2,CTAF,114.1,MISC,120.6,MISC,305359S,1245143E,,Kanandah Airport,Western Australia,,small_airport
airports,YKAP,Australia,1200,128.6,CTAF,114.1,MISC,120.6,MISC,341449S,1385450E,,Kapunda Airport,South Australia,,small_airport
airports,YKAR,Australia,1011,,,,,,,291302S,1164113E,,Karara Airport,Western Australia,,small_airport
airports,YKAT,Australia,1000,126.7,CTAF,,,,,334005S,1501922E,,Katoomba Airport,New South Wales,,small_airport
airports,YKAY,Australia,,126.5,CTAF,,,,,304045S,1423213E,,Kayrunnera Airport,New South Wales,,small_airport
airports,YKBA,Australia,709,,,,,,,220925S,1160922E,,Ken's Bore airport,Western Australia,,small_airport
airports,YKBG,Australia,,123.4,CTAF,122.3,MISC,123.05,MISC,305026S,1193144E,,Koolyanobbing Range Airport,Western Australia,,small_airport
airports,YKBL,Australia,1073,122.1,CTAF,114.1,MISC,120.6,MISC,311126S,1213552E,,Kambalda Airport,Western Australia,,small_airport
airports,YKBN,Australia,94,126.6,CTAF,130.4,MISC,,,280521S,1525047E,,Kooralbyn Airport,Queensland,,small_airport
airports,YKBR,Australia,157,,,,,,,274134S,1141533E,,Kalbarri Airport,Western Australia,,small_airport
airports,YKBY,Australia,69,126.7,CTAF,122.1,FSS,,,325011S,1341734E,,Streaky Bay Airport,South Australia,,small_airport
airports,YKCA,Australia,2100,122,CTAF,117.3,MISC,122.4,MISC,241536S,1312920E,,Kings Canyon Airport,Northern Territory,,small_airport
airports,YKCK,Australia,144,124,CTAF,123.4,MISC,125.8,MISC,395055S,1475128E,,Killiecrankie Airfield,Tasmania,,small_airport
airports,YKCS,Australia,615,121.85,CTAF,117.3,MISC,122.4,MISC,242516S,1314910E,,Kings Creek Airport,Northern Territory,,small_airport
airports,YKDD,Australia,1473,,,,,,,223015S,1190436E,,Koodaideri Mine Airport,Western Australia,,small_airport
airports,YKDI,Australia,42,120.5,CTAF,122.6,MISC,123.9,MISC,335810S,1373935E,,Kadina Airport,South Australia,,small_airport
airports,YKDL,Australia,,122.1,CTAF,122.3,MISC,123.05,MISC,320126S,1345139E,,Kondoolka Airport,South Australia,,small_airport
airports,YKDM,Australia,88,122.6,CTAF,117.3,MISC,122.4,MISC,160700S,1305710E,,Kidman Springs Airport,Northern Territory,,small_airport
airports,YKDN,Australia,,125.4,CTAF,122.3,MISC,123.05,MISC,322802S,1181611E,,Kondinin Airport,Western Australia,,small_airport
airports,YKEB,Australia,,,,,,,,313700S,1174307E,,Kellerberrin Airport,Western Australia,,small_airport
airports,YKEL,Australia,3383,126.5,CTAF,,,,,303918S,1513816E,,Kelvin Station Airport,New South Wales,,small_airport
airports,YKEN,Australia,,121.85,CTAF,117.3,MISC,122.4,MISC,261959S,1322801E,,Kenmore Park Airport,South Australia,,small_airport
airports,YKEP,Australia,,,,,,,,305327S,1503134E,,Lake Keepit Airport,New South Wales,,small_airport
airports,YKER,Australia,254,126.7,CTAF,125.8,FSS,,,354505S,1435620E,,Kerang Airport,Victoria,,medium_airport
airports,YKFC,Australia,,,,,,,,175058S,1381719E,,Kingfisher Camp Airport,Queensland,,small_airport
airports,YKGA,Australia,,122,CTAF,117.3,MISC,122.4,MISC,305451S,1351826E,,Kingoonya Airport,South Australia,,small_airport
airports,YKHA,Australia,,118.8,CTAF,123.4,MISC,125.8,MISC,361257S,1480649E,,Khancoban Airport,New South Wales,,small_airport
airports,YKHG,Australia,,122.6,CTAF,117.3,MISC,122.4,MISC,142307S,1322335E,,Katherine Gorge Airport,Northern Territory,,small_airport
airports,YKHO,Australia,220,,,,,,,272951S,1524627E,,Kholo Helipad,Queensland,,heliport
airports,YKIA,Australia,,121.85,CTAF,117.3,MISC,122.4,MISC,171430S,1361030E,,Kiana Station Airport,Northern Territory,,small_airport
airports,YKIC,Australia,1422,,,,,,,224839S,1274403E,,Kiwirrkurra Airstrip,Western Australia,,small_airport
airports,YKID,Australia,494,119.8,CTAF,123.4,MISC,125.8,MISC,185212S,1441022E,,Kidston Airport,Queensland,,small_airport
airports,YKIG,Australia,2,121.8,CTAF,122.3,MISC,123.05,MISC,364923S,1395230E,,Kingston Airport,South Australia,,small_airport
airports,YKII,Australia,132,126.85,CTAF,123.9,FSS,,,395238S,1435240E,,King Island Airport,Tasmania,,medium_airport
airports,YKIL,Australia,,122.4,CTAF,117.3,MISC,122.4,MISC,162554S,1293654E,,Kildurk Airport,Northern Territory,,small_airport
airports,YKIR,Australia,,,,,,,,174645S,1291236E,,Kirkimbie Station Airport,Northern Territory,,small_airport
airports,YKIU,Australia,,122.3,CTAF,120,MISC,120.6,MISC,230520S,1492554E,,Kaiuroo Airport,Queensland,,small_airport
airports,YKKG,Australia,646,126.7,CTAF,123.7,FSS,,,172554S,1304828E,,Kalkgurung Airport,Northern Territory,,small_airport
airports,YKKH,Australia,,124.1,CTAF,120,MISC,122.3,MISC,311730S,1351431E,,Kokatha Airport,South Australia,,small_airport
airports,YKKN,Australia,400,,,,,,,342244S,1161920E,,Kin Kin Retreat Airstrip,Western Australia,,small_airport
airports,YKLA,Australia,,118.2,CTAF,119.6,MISC,121.2,MISC,155318S,1422622E,,Koolatah Airport,Queensland,,small_airport
airports,YKLB,Australia,350,118.2,CTAF,119.6,MISC,121.2,MISC,151908S,1435718E,,Koolburra Airport,Queensland,,small_airport
airports,YKLC,Australia,540,,,,,,,160730S,1234405E,,Koolan Central Airport,Western Australia,,small_airport
airports,YKLE,Australia,194,,,,,,,161500S,1314449E,,Killarney Airport,Northern Territory,,small_airport
airports,YKLG,Australia,,118.2,CTAF,120,MISC,120.6,MISC,151210S,1435100E,,Kalinga Airport,Queensland,,small_airport
airports,YKLL,Australia,,122.4,CTAF,120,MISC,120.6,MISC,214500S,1385258E,,Kallala Airport,Queensland,,small_airport
airports,YKLN,Australia,,118.2,CTAF,123.4,MISC,125.8,MISC,152359S,1433000E,,Killarney Airport,Queensland,,small_airport
airports,YKLR,Australia,,120.5,CTAF,122.6,MISC,123.9,MISC,274300S,1381543E,,Kalamurina Airport,South Australia,,small_airport
airports,YKMB,Australia,5,126.7,CTAF,118.6,MISC,,,172724S,1404948E,,Karumba Airport,Queensland,,small_airport
airports,YKML,Australia,91,118.2,CTAF,120,MISC,120.6,MISC,192230S,1400325E,,Kamileroi Airport,Queensland,,small_airport
airports,YKMP,Australia,54,118.9,CTAF,120.55,FSS,,,310420S,1524555E,,Kempsey Airport,New South Wales,,medium_airport
airports,YKNG,Australia,,125.4,CTAF,,,,,334157S,1173925E,,Katanning Airport,Western Australia,,small_airport
airports,YKNM,Australia,,122.6,CTAF,122.3,MISC,123.05,MISC,261628S,1174720E,,Koonmarra Airport,Western Australia,,small_airport
airports,YKNP,Australia,,,,,,,,310724S,1175421E,,Kununoppin Airport,Western Australia,,small_airport
airports,YKNT,Australia,,120.5,CTAF,121.85,MISC,122.3,MISC,231553S,1292313E,,Kintore Airport,Northern Territory,,small_airport
airports,YKNV,Australia,446,125.8,CTAF,120,MISC,120.6,MISC,362027S,1411604E,,Kaniva Airport,Victoria,,small_airport
airports,YKOG,Australia,,125.8,CTAF,119.6,MISC,121.2,MISC,360000S,1421301E,,Koongarra Airport,Victoria,,small_airport
airports,YKOJ,Australia,,124.1,CTAF,120,MISC,122.3,MISC,334545S,1170811E,,Kojonup Airport,Western Australia,,small_airport
airports,YKOK,Australia,,118.4,CTAF,122.3,MISC,123.05,MISC,292035S,1212935E,,Kookynie Airport,Western Australia,,small_airport
airports,YKOL,Australia,,123.9,CTAF,122.3,MISC,123.05,MISC,322456S,1361752E,,Kolendo Airport,South Australia,,small_airport
airports,YKOW,Australia,35,126.7,CTAF,118.2,FSS,,,152907S,1414509E,,Kowanyama Airport,Queensland,,medium_airport
airports,YKPR,Australia,90,118.2,CTAF,120,MISC,120.6,MISC,145324S,1441311E,,Kalpowar Airport,Queensland,,small_airport
airports,YKRV,Australia,,122.1,CTAF,119.6,MISC,,,134438S,1420751E,,Kendall River Airport,Queensland,,small_airport
airports,YKRY,Australia,1492,127.45,CTAF,121.2,FSS,,,263451S,1515023E,,Kingaroy Airport,Queensland,,medium_airport
airports,YKSC,Australia,24,126,CTAF,123.05,FSS,,,354250S,1373115E,,Kingscote Airport,South Australia,,medium_airport
airports,YKTA,Australia,,,,,,,,361047S,1443129E,,Kotta Airport,Victoria,,small_airport
airports,YKTH,Australia,79,124.3,CTAF,117.3,MISC,122.4,MISC,360654S,1401508E,,Keith Airport,South Australia,,small_airport
airports,YKTN,Australia,1650,119,CTAF,126.8,MISC,,,371334S,1442650E,,Kyneton Airport,Victoria,,small_airport
airports,YKUB,Australia,15,126.5,CTAF,120.3,FSS,,,101335S,1421310E,,Kubin Island Airport,Queensland,,small_airport
airports,YKUR,Australia,1340,126.7,CTAF,,,,,203036S,1344014E,,Kurundi Airport,Northern Territory,,small_airport
airports,YKUW,Australia,,125.8,CTAF,118.2,MISC,119.6,MISC,380259S,1430859E,,Kurweeton Airport,Victoria,,small_airport
airports,YKUY,Australia,,126,CTAF,118.2,MISC,119.6,MISC,281318S,1483441E,,Kurray Airport,Queensland,,small_airport
airports,YKWA,Australia,1928,,,,,,,234651S,1200806E,,Karlawinda Mine Airport,Western Australia,,small_airport
airports,YKWG,Australia,,123.9,CTAF,114.1,MISC,120.6,MISC,314705S,1353816E,,Kangaroo Well Airport,South Australia,,small_airport
airports,YKWR,Australia,50,,,,,,,381007S,1452912E,,Koo Wee Rup (Aardel Port) Airfield,Victoria,,small_airport
airports,YKYB,Australia,340,126.7,CTAF,126.8,Area Frequency,,,361956S,1445819E,,Kyabram Airport,Victoria,,small_airport
airports,YKYN,Australia,669,120,CTAF,126.8,MISC,,,213555S,1415634E,,Kynuna Airport,Queensland,,small_airport
airports,YLAE,Australia,119,,,,,,,130647S,1302956E,,La Belle Downs Airstrip,Northern Territory,,small_airport
airports,YLAG,Australia,7,125.55,CTAF,126.8,MISC,,,425312S,1475717E,,Lagoon Bay Airport,Tasmania,,small_airport
airports,YLAH,Australia,122,125.7,CTAF,112.6,MISC,120.6,MISC,183428S,1383509E,,Lawn Hill Airport,Queensland,,small_airport
airports,YLAK,Australia,,,,,,,,204051S,1483749E,,Lakeside Airpark,Queensland,,small_airport
airports,YLAM,Australia,,120.7,CTAF,116.5,MISC,122.4,MISC,265447S,1340328E,,Lambina Airport,South Australia,,small_airport
airports,YLAN,Australia,,127.1,CTAF,126,MISC,,,312632S,1420815E,,Langawirra Airport,New South Wales,,small_airport
airports,YLAO,Australia,,124.3,CTAF,116.5,MISC,122.4,MISC,352200S,1403300E,,Lameroo Airport,South Australia,,small_airport
airports,YLAW,Australia,1598,118.4,CTAF,118.4,MISC,121.3,MISC,280530S,1203218E,,Lawlers Airport,Western Australia,,small_airport
airports,YLBA,Australia,810,,,,,,,220014S,1462149E,,Labona Airport,Queensland,,small_airport
airports,YLBD,Australia,154,122.1,CTAF,118.4,MISC,119.6,MISC,163055S,1225524E,,Lombadina Airport,Western Australia,,small_airport
airports,YLBG,Australia,,118.4,CTAF,122.1,MISC,,,231435S,1311535E,,Mount Liebig Airport,Northern Territory,,small_airport
airports,YLBO,Australia,,,,,,,,374059S,1425258E,,Lake Bolac Airport,Victoria,,small_airport
airports,YLCG,Australia,169,126.7,CTAF,126,MISC,,,331658S,1462231E,,Lake Cargelligo Airport,New South Wales,,small_airport
airports,YLCS,Australia,165,122.4,CTAF,119.6,MISC,120.3,MISC,364853S,1452052E,,Locksley Field,Victoria,,small_airport
airports,YLDB,Australia,,126.5,CTAF,126.8,MISC,,,401144S,1481440E,,Lady Barron Aerodrome,Tasmania,,small_airport
airports,YLDO,Australia,,122.6,CTAF,116.5,MISC,122.4,MISC,250600S,1165400E,,Landor Station Airport,Western Australia,,small_airport
airports,YLEA,Australia,2,,,,,,,295811S,1145859E,,Leeman Airport,Western Australia,,small_airport
airports,YLEC,Australia,856,126.7,CTAF,121.2,FSS,126.7,UNIC,303553S,1382533E,,Leigh Creek Airport,South Australia,,medium_airport
airports,YLED,Australia,790,127.65,CTAF,112.6,MISC,120.6,MISC,375516S,1440611E,,Lethbridge Airpark,Victoria,,small_airport
airports,YLEE,Australia,460,126,CTAF,112.6,MISC,120.6,MISC,342959S,1462647E,,Leeton Airport,New South Wales,,small_airport
airports,YLEG,Australia,263,126.7,CTAF,120,FSS,,,382947S,1455138E,,Leongatha Airport,Victoria,,small_airport
airports,YLEO,Australia,1217,126.8,CTAF,118.4,FSS,,,285241S,1211854E,,Leonora Airport,Western Australia,,medium_airport
airports,YLET,Australia,,124,CTAF,126,MISC,,,375109S,1475704E,,Lakes Entrance Airport,Victoria,,small_airport
airports,YLEV,Australia,256,127.15,CTAF,123.4,FSS,,,122956S,1354821E,,Lake Evella Airport,Northern Territory,,small_airport
airports,YLFD,Australia,107,118.2,CTAF,126,MISC,,,145514S,1441210E,,Lakefield Airport,Queensland,,small_airport
airports,YLGA,Australia,,125.7,CTAF,124.8,MISC,,,220625S,1182815E,,Mulga Downs Airport,Western Australia,,small_airport
airports,YLGB,Australia,96,127,CTAF,116.5,MISC,122.4,MISC,184112S,1214840E,,La Grange Bay Airport,Western Australia,,small_airport
airports,YLGC,Australia,936,125.4,CTAF,116.5,MISC,122.4,MISC,330624S,1182321E,,Lake Grace Airport,Western Australia,,small_airport
airports,YLGD,Australia,,126.5,CTAF,119.6,MISC,120.3,MISC,414128S,1470835E,,Longdown Airport,Tasmania,,small_airport
airports,YLGL,Australia,,122.3,CTAF,126.8,MISC,,,223000S,1464001E,,Laglan Airport,Queensland,,small_airport
airports,YLGN,Australia,,134.2,CTAF,118.4,MISC,119.6,MISC,305626S,1270143E,,Loongana Airport,Western Australia,,small_airport
airports,YLGU,Australia,26,122.439,CTAF,112.4,MISC,125.9,MISC,151255S,1292655E,,Legune Airport,Northern Territory,,small_airport
airports,YLHI,Australia,5,126.7,CTAF,121.6,MISC,,,313217S,1590431E,,Lord Howe Island Airport,New South Wales,,small_airport
airports,YLHL,Australia,,120.7,CTAF,119.6,MISC,120.3,MISC,411959S,1463000E,,Long Hill Airport,Tasmania,,small_airport
airports,YLHR,Australia,77,126.7,CTAF,122.1,FSS,,,124712S,1431817E,,Lockhart River Airport,Queensland,,medium_airport
airports,YLHS,Australia,,119.8,CTAF,121.6,MISC,,,191144S,1442215E,,Lyndhurst Airport,Queensland,,small_airport
airports,YLIL,Australia,242,119.1,CTAF,122.4,MISC,,,374134S,1452201E,,Lilydale Airport,Victoria,,small_airport
airports,YLIM,Australia,,134.2,CTAF,118.4,MISC,119.6,MISC,171408S,1295255E,,Limbunya Airport,Northern Territory,,small_airport
airports,YLIN,Australia,,119.1,CTAF,122.4,MISC,,,202712S,1490223E,,Lindeman Island Airport,Queensland,,small_airport
airports,YLIS,Australia,35,124.2,CTAF,120.3,FSS,,,284950S,1531530E,,Lismore Airport,New South Wales,,medium_airport
airports,YLKD,Australia,,119.8,CTAF,121.6,MISC,,,185437S,1445948E,,Lucky Downs Airport,Queensland,,small_airport
airports,YLKE,Australia,,,,,,,,375109S,1475728E,,Lakes Entrance Airport,Victoria,,small_airport
airports,YLKG,Australia,1276,,,,,,,330445S,1194557E,,Lake King Airport,Western Australia,,small_airport
airports,YLKN,Australia,640,122.4,CTAF,116.5,MISC,122.4,MISC,205850S,1375504E,,Lake Nash Airport,Northern Territory,,small_airport
airports,YLKS,Australia,7,,,,,,,314253S,1524327E,,The Lakes Aerodrome,New South Wales,,small_airport
airports,YLLA,Australia,,122.1,CTAF,132.9,MISC,,,294753S,1332042E,,Mobella Airport,South Australia,,small_airport
airports,YLLC,Australia,,119.8,CTAF,118.4,MISC,119.6,MISC,253328S,1340416E,,Lilla Creek Airport,Northern Territory,,small_airport
airports,YLLD,Australia,,124.8,CTAF,126,MISC,,,253159S,1454601E,,Langlo Downs Airport,Queensland,,small_airport
airports,YLLE,Australia,385,126.7,CTAF,118.8,FSS,126.7,UNIC,272420S,1414834E,,Ballera Airport,Queensland,,small_airport
airports,YLLR,Australia,,,,,,,,355859S,1434800E,,Lake Leagur Airport,Victoria,,small_airport
airports,YLLT,Australia,55,,,,,,,343057S,1382535E,,Lower Light Airport,South Australia,,small_airport
airports,YLLV,Australia,,,,,,,,142859S,1434001E,,Lily Vale Airport,Queensland,,small_airport
airports,YLMB,Australia,,127.1,CTAF,126,MISC,,,310600S,1495558E,,Lambrook Airport,New South Wales,,small_airport
airports,YLMQ,Australia,5,126,CTAF,125.7,MISC,,,330357S,1513846E,,Lake Macquarie Airport,New South Wales,,small_airport
airports,YLMU,Australia,,126.7,CTAF,122.1,MISC,,,334444S,1430004E,,Mungo Lodge Airport,New South Wales,,small_airport
airports,YLND,Australia,930,121.2,CTAF,126,MISC,,,155028S,1445056E,,Lakeland Airport,Queensland,,small_airport
airports,YLNR,Australia,,122.6,CTAF,116.5,MISC,122.4,MISC,245552S,1165801E,,Landor Races Airport,Western Australia,,small_airport
airports,YLOC,Australia,,123.4,CTAF,118.4,MISC,119.6,MISC,204529S,1210101E,,Lochinvar Airport,Western Australia,,small_airport
airports,YLOD,Australia,633,120,CTAF,117.9,MISC,122.1,MISC,364851S,1452756E,,Longwood Airport,Victoria,,small_airport
airports,YLOH,Australia,,124.9,CTAF,121.6,MISC,,,303153S,1450742E,,Louth Airport,New South Wales,,small_airport
airports,YLOK,Australia,350,125.9,CTAF,118.4,MISC,119.6,MISC,333239S,1354134E,,Lock Airport,South Australia,,small_airport
airports,YLOR,Australia,61,126.7,CTAF,121.6,MISC,,,185935S,1395425E,,Lorraine Airport,Queensland,,small_airport
airports,YLOU,Australia,,122.6,CTAF,118.4,MISC,119.6,MISC,184300S,1264301E,,Louisa Downs Airport,Western Australia,,small_airport
airports,YLOV,Australia,,118.6,CTAF,121.6,MISC,,,170253S,1412233E,,Lotus Vale Airport,Queensland,,small_airport
airports,YLOX,Australia,38,124.3,CTAF,118.4,MISC,119.6,MISC,342829S,1403946E,,Loxton Airport,South Australia,,small_airport
airports,YLOY,Australia,,120,CTAF,117.9,MISC,122.1,MISC,380629S,1454640E,,Longwarry Airport,Victoria,,small_airport
airports,YLRA,Australia,627,121.2,CTAF,112.6,MISC,120.6,MISC,153337S,1442705E,,Laura Airport,Queensland,,small_airport
airports,YLRD,Australia,540,126.7,CTAF,127.1,FSS,,,292710S,1475837E,,Lightning Ridge Airport,New South Wales,,medium_airport
airports,YLRE,Australia,627,126.7,CTAF,122.1,FSS,,,232603S,1441647E,,Longreach Airport,Queensland,,medium_airport
airports,YLRG,Australia,,122.6,CTAF,118.4,MISC,119.6,MISC,261352S,1213330E,,Lorna Glen Homestead Airport,Western Australia,,small_airport
airports,YLRN,Australia,,125.7,CTAF,121.6,MISC,,,223159S,1433101E,,Lorraine Station Airport,Queensland,,small_airport
airports,YLRS,Australia,148,118.2,CTAF,122.4,MISC,123.9,MISC,151057S,1442043E,,New Laura Airport,Queensland,,small_airport
airports,YLSK,Australia,112,,,,,,,323958S,1512512E,,Luskintyre Airfield,New South Wales,,small_airport
airports,YLSM,Australia,,124.2,CTAF,119.6,MISC,120.3,MISC,375559S,1432100E,,Lismore Airport,Victoria,,small_airport
airports,YLSS,Australia,,,,,,,,250259S,1461601E,,Lansdowne Airport,Queensland,,small_airport
airports,YLST,Australia,1631,126.5,CTAF,118.95,FSS,,,275035S,1204210E,,Leinster Airport,Western Australia,,medium_airport
airports,YLSY,Australia,,121.85,CTAF,122.1,MISC,,,270105S,1295305E,,Mount Lindsay Airport,South Australia,,small_airport
airports,YLTN,Australia,1530,126.8,CTAF,118.4,FSS,,,283651S,1222543E,,Laverton Airport,Western Australia,,small_airport
airports,YLTV,Australia,180,126,CTAF,124,FSS,126,Unicom,381239S,1462814E,,Latrobe Valley Airport,Victoria,,medium_airport
airports,YLUC,Australia,,119.8,CTAF,118.4,MISC,119.6,MISC,222800S,1361601E,,Lucy Creek Airport,Northern Territory,,small_airport
airports,YLUI,Australia,,124.3,CTAF,118.4,MISC,119.6,MISC,365818S,1402107E,,Lucindale Airport,South Australia,,small_airport
airports,YLUL,Australia,,122.6,CTAF,132.9,MISC,,,313836S,1403046E,,Mooleulooloo Airport,South Australia,,small_airport
airports,YLUW,Australia,,120.039,CTAF,112.4,MISC,125.9,MISC,340115S,1150352E,,Leeuwin Estate Airport,Western Australia,,small_airport
airports,YLVB,Australia,,126.8,CTAF,121.6,MISC,,,380159S,1441958E,,Lovely Banks Airport,Victoria,,small_airport
airports,YLVD,Australia,,122.1,CTAF,116.5,MISC,122.4,MISC,314359S,1350137E,,Lake Everard Airport,South Australia,,small_airport
airports,YLVK,Australia,9,128.85,CTAF,112.6,MISC,120.6,MISC,191906S,1464614E,,Lavarack (Military) Airport,Queensland,,small_airport
airports,YLVY,Australia,,122.4,CTAF,116.5,MISC,122.4,MISC,324310S,1193020E,,Lake Varley Airport,Western Australia,,small_airport
airports,YLWY,Australia,,122.6,CTAF,116.5,MISC,122.4,MISC,265641S,1202812E,,Lake Way Airport,Western Australia,,small_airport
airports,YLYD,Australia,,121.2,CTAF,121.6,MISC,,,264938S,1511348E,,Lyndley Airport,Queensland,,small_airport
airports,YLYK,Australia,,124.3,CTAF,118.4,MISC,119.6,MISC,343705S,1385440E,,Lyndoch Airport,South Australia,,small_airport
airports,YLYN,Australia,735,124.3,CTAF,118.4,MISC,119.6,MISC,233828S,1151407E,,Lyndon Airport,Western Australia,,small_airport
airports,YLZI,Australia,70,126,CTAF,134.65,FSS,128.8,UNIC,144023S,1452716E,,Lizard Island Airport,Queensland,,small_airport
airports,YMAA,Australia,,120.327,CTAF,121.6,MISC,,,095700S,1421142E,,Mabuiag Island Airport,Queensland,,small_airport
airports,YMAC,Australia,,120.7,CTAF,118.4,MISC,119.6,MISC,271542S,1353816E,,Macumba Airport,South Australia,,small_airport
airports,YMAD,Australia,,120.737,CTAF,118.4,MISC,119.6,MISC,315316S,1270132E,,Madura Airport,Western Australia,,small_airport
airports,YMAE,Australia,300,122.1,CTAF,112.2,MISC,122.3,MISC,095454S,1440316E,,Murray Island Airport,Queensland,,small_airport
airports,YMAG,Australia,,126.7,CTAF,117.5,MISC,124,MISC,350248S,1425142E,,Manangatang Airport,Victoria,,small_airport
airports,YMAI,Australia,,120.7,CTAF,118.4,MISC,119.6,MISC,285912S,1342328E,,Manguri Airport,South Australia,,small_airport
airports,YMAK,Australia,,124.3,CTAF,118.4,MISC,119.6,MISC,285544S,1341942E,,Mabel Creek Station Airport,South Australia,,small_airport
airports,YMAP,Australia,101,,,,,,,121519S,1352640E,,Mapuru Airstrip,Northern Territory,,small_airport
airports,YMAT,Australia,205,,,,,,,272907S,1530142E,,Mater Hospital Helipad,Queensland,,heliport
airports,YMAU,Australia,,125.7,CTAF,124.8,MISC,,,241806S,1165424E,,Mount Augusta Airport,Western Australia,,small_airport
airports,YMAV,Australia,35,116.1,ATIS,120.1,CTAF,135.7,FSS,380221S,1442808E,,Avalon Airport,Victoria,,medium_airport
airports,YMAY,Australia,539,115.6,ATIS,133.85,ATIS,124.2,CTAF,360400S,1465732E,,Albury Airport,New South Wales,,medium_airport
airports,YMBA,Australia,1560,126.7,CTAF,126.1,FSS,,,170412S,1452527E,,Mareeba Airport,Queensland,,medium_airport
airports,YMBD,Australia,180,127.5,CTAF,,,,,350358S,1391338E,,Murray Bridge Airport,South Australia,,small_airport
airports,YMBL,Australia,194,,,,,,,210947S,1194958E,,Marble Bar Airport,Western Australia,,small_airport
airports,YMBT,Australia,1100,126,CTAF,118.8,MISC,122.4,MISC,364353S,1471008E,,Mount Beauty Airport,Victoria,,small_airport
airports,YMBU,Australia,766,119.1,CTAF,126.8,FSS,,,370159S,1434232E,,Maryborough Airport,Victoria,,small_airport
airports,YMBX,Australia,120,,,,,,,315201S,1275114E,,Mundrabilla Airport,Western Australia,,small_airport
airports,YMBZ,Australia,,119.8,CTAF,124.8,MISC,,,251011S,1323835E,,Mount Ebenezer Airport,Northern Territory,,small_airport
airports,YMCE,Australia,,122.6,CTAF,124.8,MISC,,,250600S,1173458E,,Mount Clere Homestead Airport,Western Australia,,small_airport
airports,YMCF,Australia,1216,,,,,,,272100S,1513057E,,McCaffrey Field,Queensland,,small_airport
airports,YMCK,Australia,,120,CTAF,122.8,MISC,125.8,MISC,211652S,1411754E,,Mckinley Airport,Queensland,,small_airport
airports,YMCL,Australia,239,128.55,CTAF,118.8,MISC,122.4,MISC,212314S,1471952E,,Mount Coolon Airport,Queensland,,small_airport
airports,YMCO,Australia,31,126.7,CTAF,117.5,MISC,124,MISC,373553S,1494312E,,Mallacoota Airport,Victoria,,small_airport
airports,YMCR,Australia,,122.4,CTAF,120,MISC,120.6,MISC,220600S,1375858E,,Manners Creek Airport,Northern Territory,,small_airport
airports,YMCS,Australia,,119.4,CTAF,112.7,MISC,119.6,MISC,200046S,1462901E,,Macrossan Airport,Queensland,,small_airport
airports,YMCT,Australia,56,126.7,CTAF,125.8,FSS,,,373500S,1402157E,,Millicent Airport,South Australia,,small_airport
airports,YMCU,Australia,,118.4,CTAF,124.8,MISC,,,272811S,1205501E,,Mount Mcclure Airport,Western Australia,,small_airport
airports,YMDA,Australia,122,127.1,CTAF,112.2,MISC,122.3,MISC,253530S,1511901E,,Mundubbera Airport,Queensland,,small_airport
airports,YMDB,Australia,39,121.2,CTAF,124.8,MISC,,,203034S,1180334E,,Mundabullangana Airport,Western Australia,,small_airport
airports,YMDG,Australia,1545,126.7,CTAF,133.05,FSS,,,323353S,1493634E,,Mudgee Airport,New South Wales,,medium_airport
airports,YMDI,Australia,30,123.9,CTAF,118.4,MISC,119.6,MISC,194416S,1205017E,,Mandora Airport,Western Australia,,small_airport
airports,YMDK,Australia,,119.8,CTAF,124.8,MISC,,,230159S,1344058E,,Mount Riddock Airport,Northern Territory,,small_airport
airports,YMDN,Australia,396,120.1,CTAF,120.1,MISC,123.4,MISC,313119S,1181919E,,Merredin Airport,Western Australia,,small_airport
airports,YMDR,Australia,75,122.4,CTAF,119.5,MISC,,,215935S,1150311E,,Minderoo Station Airport,Western Australia,,small_airport
airports,YMDS,Australia,,119.8,CTAF,118.4,MISC,119.6,MISC,222638S,1351156E,,Macdonald Downs Airport,Northern Territory,,small_airport
airports,YMDT,Australia,,134.2,CTAF,124.8,MISC,,,314936S,1281347E,,Mundrabilla Motel Airport,Western Australia,,small_airport
airports,YMDV,Australia,,121.85,CTAF,124.8,MISC,,,261000S,1290758E,,Mount Davies Airport,South Australia,,small_airport
airports,YMDW,Australia,,120.15,CTAF,125.7,MISC,,,161323S,1444210E,,Maitland Downs Airport,Queensland,,small_airport
airports,YMDY,Australia,150,126.7,CTAF,124.1,FSS,72.35,MISC,125324S,1315428E,,Mount Bundey Airport,Northern Territory,,small_airport
airports,YMDZ,Australia,,122.4,CTAF,123.4,MISC,,,211236S,1155744E,,Mardi Station Airport,Western Australia,,small_airport
airports,YMEB,Australia,,119.8,CTAF,124.8,MISC,,,301042S,1354024E,,Mount Eba Airport,South Australia,,small_airport
airports,YMED,Australia,,122.6,CTAF,126.8,MISC,,,322200S,1422417E,,Menindee Airport,New South Wales,,small_airport
airports,YMEI,Australia,735,118.4,CTAF,112.9,MISC,122.6,MISC,235836S,1313343E,,Mereenie Airport,Northern Territory,,small_airport
airports,YMEK,Australia,1713,126.7,CTAF,122.6,FSS,,,263642S,1183252E,,Meekatharra Airport,Western Australia,,medium_airport
airports,YMEL,Australia,204,124.2,CTAF,126.8,MISC,,,373718S,1443354E,,Melton Airport,Victoria,,small_airport
airports,YMEM,Australia,,,,,,,,240009S,1484249E,,Memooloo Airport,Queensland,,small_airport
airports,YMEN,Australia,282,119.8,ATIS,132,APP,118.9,DEP,374341S,1445407E,,Melbourne Essendon Airport,Victoria,,medium_airport
airports,YMEO,Australia,1101,126.7,CTAF,122.4,FIA,,,365803S,1454227E,,Merton Airport,Victoria,,small_airport
airports,YMEP,Australia,,122.6,CTAF,126.8,MISC,,,134328S,1422441E,,Merapah Airport,Queensland,,small_airport
airports,YMER,Australia,7,126.7,CTAF,120.75,FSS,,,365430S,1495403E,,Merimbula Airport,New South Wales,,medium_airport
airports,YMES,Australia,23,31.62,ATIS,118.3,CTAF,123.3,APP,380556S,1470856E,,RAAF Base East Sale,Victoria,,medium_airport
airports,YMEU,Australia,276,122.1,CTAF,118.8,MISC,119.6,MISC,130353S,1422712E,,Merluna Airport,Queensland,,small_airport
airports,YMEW,Australia,,121.2,CTAF,119.5,MISC,,,291605S,1152634E,,Mingenew Airport,Western Australia,,small_airport
airports,YMEY,Australia,,127.1,CTAF,112.2,MISC,122.3,MISC,310600S,1495501E,,Mullaley Airport,New South Wales,,small_airport
airports,YMFD,Australia,1050,126.7,CTAF,122.4,FIA,,,370425S,1460714E,,Mansfield Airport,Victoria,,small_airport
airports,YMGB,Australia,53,127.5,CTAF,123.4,FSS,,,120539S,1345338E,,Milingimbi Airport,Northern Territory,,small_airport
airports,YMGD,Australia,123,127.5,CTAF,123.4,FSS,,,120321S,1341402E,,Maningrida Airport,Northern Territory,,medium_airport
airports,YMGG,Australia,,125.7,CTAF,124.8,MISC,,,301338S,1335918E,,Mulgathing Airport,South Australia,,small_airport
airports,YMGI,Australia,600,126.7,CTAF,123.9,FSS,,,285759S,1490310E,,Mungindi Airport,New South Wales,,small_airport
airports,YMGN,Australia,285,122,CTAF,117,MISC,121.8,MISC,312734S,1371027E,,Mount Gunson Airport,South Australia,,small_airport
airports,YMGO,Australia,,122.6,CTAF,124.8,MISC,,,272200S,1162501E,,Murgoo Airport,Western Australia,,small_airport
airports,YMGR,Australia,289,118.6,CTAF,120,MISC,120.2,MISC,183718S,1265258E,,Margaret River (Station) Airport,Western Australia,,small_airport
airports,YMGS,Australia,,118.4,CTAF,124.8,MISC,,,284722S,1220218E,,Mount Morgans Airport,Western Australia,,small_airport
airports,YMGT,Australia,374,126.7,CTAF,124.9,FSS,,,335550S,1150559E,,Margaret River Airport,Western Australia,,small_airport
airports,YMGV,Australia,302,118.2,CTAF,112.2,MISC,122.3,MISC,144632S,1433016E,,Musgrave Airport,Queensland,,small_airport
airports,YMHB,Australia,13,112.7,ATIS,118.1,CTAF,125.55,FSS,425013S,1473046E,,Hobart International Airport,Tasmania,,medium_airport
airports,YMHL,Australia,,126.4,CTAF,125.4,MISC,,,320646S,1194556E,,Mount Holland Airport,Western Australia,,small_airport
airports,YMHO,Australia,948,,,,,,,170306S,1254244E,,Mount House Airport,Western Australia,,small_airport
airports,YMHP,Australia,34,,,,,,,210843S,1490916E,,Mackay Base Hospital Helipad,Queensland,,heliport
airports,YMHT,Australia,,122.1,CTAF,117,MISC,121.8,MISC,164923S,1245449E,,Mount Hart Station Airport,Western Australia,,small_airport
airports,YMHU,Australia,131,126.7,CTAF,128.5,FSS,,,162632S,1360502E,,McArthur River Mine Airport,Northern Territory,,small_airport
airports,YMHW,Australia,105,118.8,CTAF,125.2,MISC,,,263042S,1421658E,,Mount Howitt Airport,Queensland,,small_airport
airports,YMIA,Australia,167,118.8,CTAF,122.1,FSS,,,341345S,1420509E,,Mildura Airport,Victoria,,medium_airport
airports,YMIB,Australia,366,120.7,CTAF,118.15,MISC,,,271946S,1331810E,,Mintabie Airport,South Australia,,small_airport
airports,YMIG,Australia,,126.7,CTAF,121.2,MISC,,,342700S,1502950E,,Mittagong Airport,New South Wales,,small_airport
airports,YMIJ,Australia,25,126.7,CTAF,118.15,MISC,,,110936S,1323222E,,Minjilang Airport,Northern Territory,,small_airport
airports,YMIK,Australia,435,,,,,,,295815S,1360428E,,Millers Creek Airstrip,South Australia,,small_airport
airports,YMIL,Australia,,122.6,CTAF,119.5,MISC,,,250459S,1181958E,,Milgun Airport,Western Australia,,small_airport
airports,YMIN,Australia,,120.6,CTAF,118.15,MISC,127.05,MISC,344437S,1373144E,,Minlaton Airport,South Australia,,small_airport
airports,YMIP,Australia,,126.7,CTAF,132.9,MISC,,,144726S,1254932E,,Mitchell Plateau Airport,Western Australia,,small_airport
airports,YMIR,Australia,,,,,,,,171944S,1415309E,,Miranda Downs Airport,Queensland,,small_airport
airports,YMIS,Australia,,122.6,CTAF,119.5,MISC,,,262359S,1205659E,,Millrose Homestead Airport,Western Australia,,small_airport
airports,YMIT,Australia,1144,126.7,CTAF,126,FSS,,,262859S,1475613E,,Mitchell Airport,Queensland,,small_airport
airports,YMIV,Australia,,123.9,CTAF,122.1,MISC,,,322639S,1360408E,,Mount Ive Airport,South Australia,,small_airport
airports,YMIX,Australia,433,122.1,CTAF,119.5,MISC,,,235424S,1144553E,,Middalya Homestead Airport,Western Australia,,small_airport
airports,YMJE,Australia,,123.9,CTAF,122.1,MISC,,,243803S,1165637E,,Mount James Airport,Western Australia,,small_airport
airports,YMJM,Australia,940,126.7,CTAF,124.9,FSS,,,341555S,1160823E,,Manjimup Airport,Western Australia,,small_airport
airports,YMJR,Australia,1975,,,,,,,351442S,1491147E,,Majura Training Area Heliport,Australian Capital Territory,,heliport
airports,YMKA,Australia,,122.6,CTAF,121.2,MISC,,,145543S,1330807E,,Mararanka Homestead Airport,Northern Territory,,small_airport
airports,YMKB,Australia,,,,,,,,305506S,1181517E,,Mukinbudin Airport,Western Australia,,small_airport
airports,YMKT,Australia,78,,,,,,,123636S,1310311E,,Emkaytee (Unlic) Airport,Northern Territory,,small_airport
airports,YMLA,Australia,,122.4,CTAF,118.4,MISC,119.6,MISC,205259S,1180158E,,Malina Airport,Western Australia,,small_airport
airports,YMLC,Australia,,126.5,CTAF,113.7,MISC,119.6,MISC,413159S,1461958E,,Mole Creek Airport,Tasmania,,small_airport
airports,YMLD,Australia,,119.6,CTAF,118.4,MISC,119.6,MISC,342328S,1374227E,,Maitland Airport,South Australia,,small_airport
airports,YMLF,Australia,2240,,,,,,,345837S,1384229E,,Mount Lofty Heliport,South Australia,,heliport
airports,YMLK,Australia,,,,,,,,181059S,1451001E,,Minnamoolka Airport,Queensland,,small_airport
airports,YMLL,Australia,,120,CTAF,113.7,MISC,119.6,MISC,195129S,1413343E,,Millungera Airport,Queensland,,small_airport
airports,YMLN,Australia,,125.4,CTAF,113.7,MISC,119.6,MISC,301210S,1431303E,,Monolon Airport,New South Wales,,small_airport
airports,YMLR,Australia,,121.2,CTAF,124.8,MISC,,,291448S,1375436E,,Muloorina Airport,South Australia,,small_airport
airports,YMLS,Australia,304,123.9,CTAF,113.7,MISC,119.6,MISC,264823S,1501008E,,Miles Airport,Queensland,,small_airport
airports,YMLT,Australia,562,112.6,ATIS,118.7,CTAF,126.5,FSS,413241S,1471238E,,Launceston Airport,Tasmania,,medium_airport
airports,YMLX,Australia,,118.4,CTAF,119.5,MISC,,,273459S,1214658E,,Milurie Homestead Airport,Western Australia,,small_airport
airports,YMMB,Australia,50,120.9,ATIS,118.1,CTAF,120,FSS,375832S,1450607E,,Melbourne Moorabbin Airport,Victoria,,medium_airport
airports,YMMI,Australia,1535,126.8,CTAF,118.4,FSS,,,284219S,1215327E,,Murrin Murrin Airport,Western Australia,,small_airport
airports,YMML,Australia,434,118,ATIS,132,APP,127.2,CLD,373941S,1445011E,,Melbourne Airport,Victoria,,large_airport
airports,YMMN,Australia,1312,123.9,CTAF,113.7,MISC,119.6,MISC,275136S,1511619E,,Millmerran Airport,Queensland,,small_airport
airports,YMMO,Australia,310,,,,,,,360428S,1444552E,,Moama Airstrip,New South Wales,,small_airport
airports,YMMT,Australia,,118.8,CTAF,117.5,MISC,122.4,MISC,265559S,1431901E,,Mount Margaret Airport,Queensland,,small_airport
airports,YMMU,Australia,547,126.7,CTAF,128.55,FSS,,,224805S,1484224E,,Middlemount Airport,Queensland,,small_airport
airports,YMNA,Australia,,124.8,CTAF,124.8,MISC,,,221629S,1321301E,,Mount Allan Airport,Northern Territory,,small_airport
airports,YMNB,Australia,,122.1,CTAF,124.8,MISC,,,281359S,1350000E,,Mount Barry Airport,South Australia,,small_airport
airports,YMND,Australia,85,122.65,CTAF,125.7,FSS,,,324204S,1512934E,,Maitland Airport,New South Wales,,small_airport
airports,YMNE,Australia,1792,126.5,CTAF,118.95,FSS,,,271714S,1203317E,,Mount Keith Airport,Western Australia,,medium_airport
airports,YMNF,Australia,,,,,,,,262700S,1163300E,,Manfred Airport,Western Australia,,small_airport
airports,YMNG,Australia,467,121.1,CTAF,122.4,FSS,,,365317S,1451102E,,Mangalore Airport,Victoria,,small_airport
airports,YMNK,Australia,107,125.4,CTAF,113.7,MISC,119.6,MISC,244900S,1403158E,,Monkira Airport,Queensland,,small_airport
airports,YMNN,Australia,,119.8,CTAF,124.8,MISC,,,220830S,1320412E,,Mount Denison Airport,Northern Territory,,small_airport
airports,YMNO,Australia,,122.1,CTAF,117.5,MISC,124,MISC,232209S,1435341E,,Maneroo Airport,Queensland,,small_airport
airports,YMNP,Australia,,121.2,CTAF,124.8,MISC,,,293530S,1390307E,,Murnpeowie Airport,South Australia,,small_airport
airports,YMNS,Australia,1641,120.7,CTAF,124.8,MISC,,,223728S,1350204E,,Mount Swan Airport,Northern Territory,,small_airport
airports,YMNT,Australia,,124.8,CTAF,124.8,MISC,,,172336S,1261344E,,Mornington Station Airport,Western Australia,,small_airport
airports,YMNW,Australia,1457,125.7,CTAF,124.8,MISC,,,284547S,1222617E,,Granny Smith Airport,Western Australia,,small_airport
airports,YMNX,Australia,,118.4,CTAF,119.5,MISC,,,285445S,1214755E,,Minura Airport,Western Australia,,small_airport
airports,YMNY,Australia,104,125.4,CTAF,119.6,MISC,127.1,MISC,252129S,1412558E,,Morney Airport,Queensland,,small_airport
airports,YMOE,Australia,,126.7,CTAF,119.5,MISC,,,315757S,1355230E,,Moonaree Airport,South Australia,,small_airport
airports,YMOG,Australia,1354,126.7,CTAF,124.8,FSS,,,280657S,1175031E,,Mount Magnet Airport,Western Australia,,medium_airport
airports,YMOM,Australia,233,126.7,CTAF,118.6,ML CEN,,,350330S,1440116E,,Moulamein Airport,New South Wales,,small_airport
airports,YMOO,Australia,85,126.7,CTAF,125.4,MISC,,,251500S,1405858E,,Mooraberree Airport,Queensland,,small_airport
airports,YMOR,Australia,701,126.7,CTAF,127.1,FSS,,,292956S,1495042E,,Moree Airport,New South Wales,,medium_airport
airports,YMOT,Australia,,122.1,CTAF,119.6,MISC,127.1,MISC,122639S,1423816E,,Moreton Airport,Queensland,,small_airport
airports,YMOU,Australia,147,123.4,CTAF,117.5,MISC,122.3,MISC,243642S,1495941E,,Moura Airport,Queensland,,small_airport
airports,YMPA,Australia,155,125.9,CTAF,118.15,MISC,,,325035S,1350842E,,Minnipa Airport,South Australia,,small_airport
airports,YMPC,Australia,14,126.2,CTAF,135.7,RDR,,,375555S,1444510E,,"RAAF Williams, Point Cook Base",Victoria,,small_airport
airports,YMPE,Australia,,,,,,,,203128S,1464721E,,Mount Cooper Airport,Queensland,,small_airport
airports,YMPH,Australia,,,,,,,,375410S,1431039E,,Mount Elephant Airport,Victoria,,small_airport
airports,YMPK,Australia,,122.4,CTAF,119.5,MISC,,,232129S,1330014E,,Milton Park Airport,Northern Territory,,small_airport
airports,YMQA,Australia,,118.6,CTAF,120,MISC,120.2,MISC,224820S,1371503E,,Marqua Airport,Northern Territory,,small_airport
airports,YMRA,Australia,,122.4,CTAF,120,MISC,120.6,MISC,300947S,1313730E,,Maralinga Airport,South Australia,,small_airport
airports,YMRB,Australia,770,126.7,CTAF,128.55,FSS,,,220328S,1480437E,,Moranbah Airport,Queensland,,medium_airport
airports,YMRE,Australia,50,127.8,CTAF,121.2,Melbourne Centre,,,293947S,1380354E,,Marree Airport,South Australia,,small_airport
airports,YMRS,Australia,,126.7,CTAF,112.9,MISC,122.6,MISC,275559S,1211800E,,Melrose Airport,Western Australia,,small_airport
airports,YMRT,Australia,657,126.7,CTAF,120.15,MISC,,,174221S,1450853E,,Mount Garnet Airport,Queensland,,small_airport
airports,YMRW,Australia,270,126.7,CTAF,124.8,MISC,,,291206S,1160119E,,Morawa Airport,Western Australia,,small_airport
airports,YMRY,Australia,14,120.75,FSS,126.7,UNIC,,,355352S,1500838E,,Moruya Airport,New South Wales,,medium_airport
airports,YMSF,Australia,231,134.2,CTAF,124.8,MISC,,,165841S,1303317E,,Mount Sanford Station Airport,Northern Territory,,small_airport
airports,YMSK,Australia,,120.7,CTAF,124.8,MISC,,,221116S,1341017E,,Mount Skinner Airport,Northern Territory,,small_airport
airports,YMSO,Australia,1363,,,,,,,312323S,1512436E,,Mount Sandon Airport,New South Wales,,small_airport
airports,YMSP,Australia,,119.8,CTAF,117.5,MISC,122.4,MISC,180753S,1441717E,,Mount Surprise Airport,Queensland,,small_airport
airports,YMSS,Australia,,122.6,CTAF,124.8,MISC,,,265324S,1155739E,,Murchison Shire Airport,Western Australia,,small_airport
airports,YMST,Australia,1043,,,,,,,213725S,1170452E,,Millstream Station Field,Western Australia,,small_airport
airports,YMTA,Australia,865,122.1,CTAF,132.9,MISC,,,184833S,1370453E,,Mittebah Airport,Northern Territory,,small_airport
airports,YMTB,Australia,230,122.1,CTAF,112.2,MISC,122.3,MISC,223459S,1443158E,,Muttaburra Airport,Queensland,,small_airport
airports,YMTC,Australia,712,124.1,CTAF,124.8,MISC,,,284937S,1342107E,,Mount Clarence Airport,South Australia,,small_airport
airports,YMTG,Australia,,,,,,,,374439S,1404650E,,Mount Gambier Airport,South Australia,,medium_airport
airports,YMTI,Australia,33,126.7,CTAF,125.7,FSS,,,163945S,1391040E,,Mornington Island Airport,Queensland,,small_airport
airports,YMTJ,Australia,573,,,,,,,163843S,1314528E,,Montejinni Airstrip,Northern Territory,,small_airport
airports,YMTO,Australia,757,126.7,CTAF,124.1,FSS,,,245332S,1510606E,,Monto Airport,Queensland,,small_airport
airports,YMTP,Australia,,,,,,,,340812S,1352016E,,Mount Hope Airport,South Australia,,small_airport
airports,YMTW,Australia,,122.6,CTAF,121.2,MISC,,,312824S,1390639E,,Martins Well Airport,South Australia,,small_airport
airports,YMTX,Australia,,120.7,CTAF,124.8,MISC,,,260342S,1351449E,,Mount Dare Airport,South Australia,,small_airport
airports,YMTZ,Australia,1861,132.94,CTAF,124.8,MISC,,,162402S,1260658E,,Mount Elizabeth Airport,Western Australia,,small_airport
airports,YMUA,Australia,,124.1,CTAF,113.7,MISC,119.6,MISC,245254S,1515451E,,Monduran Airport,Queensland,,small_airport
airports,YMUC,Australia,300,123.4,CTAF,124.8,MISC,,,203932S,1200401E,,Muccan Station Airport,Western Australia,,small_airport
airports,YMUE,Australia,,124.1,CTAF,124.8,MISC,,,120551S,1325318E,,Mount Borradale Airport,Northern Territory,,small_airport
airports,YMUG,Australia,,134.2,CTAF,124.8,MISC,,,280033S,1383925E,,Mungeranie Airport,South Australia,,small_airport
airports,YMUJ,Australia,,125.7,CTAF,124.8,MISC,,,222157S,1184051E,,Munjina Airport,Western Australia,,small_airport
airports,YMUK,Australia,,125.7,CTAF,124.8,MISC,,,282052S,1383859E,,Mulka Airport,South Australia,,small_airport
airports,YMUL,Australia,56,119.1,CTAF,135.25,FSS,,,323029S,1155031E,,Murray Field,Western Australia,,small_airport
airports,YMUP,Australia,,125.7,CTAF,124.8,MISC,,,255136S,1313859E,,Mulga Park Airport,Northern Territory,,small_airport
airports,YMUR,Australia,,119.5,CTAF,112.2,MISC,122.3,MISC,281954S,1532446E,,Murwillumbah Airport,New South Wales,,small_airport
airports,YMUS,Australia,1096,,,,,,,242437S,1471444E,,Mantuan Downs Airport,Queensland,,small_airport
airports,YMUX,Australia,,122.6,CTAF,119.5,MISC,,,262200S,1171958E,,Mileura Airport,Western Australia,,small_airport
airports,YMVH,Australia,,122.6,CTAF,121.2,MISC,,,312756S,1193151E,,Marvel Loch Airport,Western Australia,,small_airport
airports,YMVM,Australia,920,125.8,CTAF,113.2,MISC,122.4,MISC,331706S,1511245E,,Mangrove Mountain Airport,New South Wales,,small_airport
airports,YMVN,Australia,,126.7,CTAF,118.8,MISC,122.4,MISC,262355S,1470729E,,Morven Airport,Queensland,,small_airport
airports,YMVR,Australia,1326,,,,,,,241328S,1181505E,,Mount Vernon Station Airport,Western Australia,,small_airport
airports,YMVY,Australia,,122.6,CTAF,124.8,MISC,,,140459S,1334901E,,Mount Valley Airport,Northern Territory,,small_airport
airports,YMWA,Australia,290,121.2,CTAF,124.8,MISC,,,282830S,1153101E,,Mullewa Airport,Western Australia,,small_airport
airports,YMWE,Australia,559,,,,,,,224413S,1320903E,,Mount Wedge Airport,Northern Territory,,small_airport
airports,YMWM,Australia,,,,,,,,371743S,1423612E,,Mount William Airport,Victoria,,small_airport
airports,YMWO,Australia,,120.7,CTAF,118.4,MISC,119.6,MISC,314305S,1362558E,,Mahanewo Airport,South Australia,,small_airport
airports,YMWT,Australia,265,119.5,CTAF,132.9,MISC,,,295424S,1394553E,,Moolawatana Airport,South Australia,,small_airport
airports,YMWX,Australia,,125.4,CTAF,120.15,MISC,120.6,MISC,232149S,1393858E,,Marion Downs Airport,Queensland,,small_airport
airports,YMYB,Australia,38,126.55,CTAF,124.6,FSS,,,253048S,1524248E,,Maryborough Airport,Queensland,,small_airport
airports,YMYH,Australia,,134.4,CTAF,118.4,MISC,119.6,MISC,165800S,1354658E,,Mallapunyah Springs Airport,Northern Territory,,small_airport
airports,YMYI,Australia,,122.6,CTAF,121.2,MISC,,,250606S,1194546E,,Marymia Airport,Western Australia,,small_airport
airports,YMYR,Australia,,118.4,CTAF,120,MISC,,,180726S,1241612E,,Myroodan Station Airport,Western Australia,,small_airport
airports,YMYT,Australia,,126.7,CTAF,119.5,MISC,,,283457S,1401811E,,Merty Merty Airport,South Australia,,small_airport
airports,YMYV,Australia,,122.6,CTAF,121.2,MISC,,,243852S,1340134E,,Maryvale Airport,Northern Territory,,small_airport
airports,YMYW,Australia,,122.1,CTAF,124.3,MISC,,,210253S,1344058E,,Murray Downs Airport,Northern Territory,,small_airport
airports,YMYY,Australia,,118.2,CTAF,114.2,MISC,122.3,MISC,150249S,1434527E,,Mary Valley Airport,Queensland,,small_airport
airports,YMZI,Australia,,118.4,CTAF,112.9,MISC,122.6,MISC,294108S,1210140E,,Menzies Airport,Western Australia,,small_airport
airports,YNAB,Australia,,124.1,CTAF,120,MISC,,,121829S,1331846E,,Nabarlek Airport,Northern Territory,,small_airport
airports,YNAN,Australia,,121.2,CTAF,112.2,MISC,122.3,MISC,264121S,1515918E,,Nanango Airport,Queensland,,small_airport
airports,YNAP,Australia,55,121.2,CTAF,112.2,MISC,122.3,MISC,273257S,1410930E,,Nappa Merrie Airport,Queensland,,small_airport
airports,YNAR,Australia,474,126.7,CTAF,126,FSS,,,344207S,1463043E,,Narrandera Airport,New South Wales,,medium_airport
airports,YNAU,Australia,,,,,,,,340159S,1154358E,,Nannup Airport,Western Australia,,small_airport
airports,YNBO,Australia,653,,,,,,,214207S,1484139E,,Nebo Airstrip,Queensland,,small_airport
airports,YNBR,Australia,788,126.7,CTAF,127.1,FSS,,,301909S,1494937E,,Narrabri Airport,New South Wales,,medium_airport
airports,YNCD,Australia,,118.8,CTAF,116.5,MISC,119.6,MISC,274835S,1423537E,,Noccundra Airport,Queensland,,small_airport
airports,YNCS,Australia,,119.8,CTAF,119.6,MISC,125.4,MISC,254047S,1345018E,,New Crown Airport,Northern Territory,,small_airport
airports,YNCW,Australia,800,,,,,,,172005S,1332623E,,Newcastle Waters Airport,Northern Territory,,small_airport
airports,YNDG,Australia,1070,125.4,CTAF,,,,,330615S,1190105E,,Newdegate Airport,Western Australia,,small_airport
airports,YNDR,Australia,,122.2,CTAF,119.6,MISC,128.1,MISC,314648S,1321322E,,Nundroo Airport,South Australia,,small_airport
airports,YNDS,Australia,,128.55,CTAF,122.4,MISC,123.9,MISC,210526S,1460909E,,Natal Downs Airport,Queensland,,small_airport
airports,YNES,Australia,,126.7,CTAF,119.6,MISC,125.4,MISC,171759S,1291658E,,Nelson Springs Airport,Northern Territory,,small_airport
airports,YNEY,Australia,,,,,,,,190942S,1465113E,,Nelly Bay Heliport,Queensland,,heliport
airports,YNGB,Australia,,122.4,CTAF,112.2,MISC,122.3,MISC,364417S,1450730E,,Nagambie Airport,Victoria,,small_airport
airports,YNGU,Australia,45,126.7,CTAF,122.6,FSS,,,144322S,1344449E,,Ngukurr Airport,Northern Territory,,medium_airport
airports,YNGW,Australia,475,,,,,,,364718S,1450223E,,Skydive Nagambie Airport,Victoria,,small_airport
airports,YNHL,Australia,454,126.7,CTAF,125.8,FSS,,,361836S,1413836E,,Nhill Airport,Victoria,,small_airport
airports,YNHP,Australia,916,124.2,CTAF,119.6,MISC,128.1,MISC,282031S,1144301E,,Northampton Airport,Western Australia,,small_airport
airports,YNHS,Australia,,122.6,CTAF,112.2,MISC,122.3,MISC,304023S,1525903E,,Nambucca Heads Airport,New South Wales,,small_airport
airports,YNHV,Australia,,119.8,CTAF,119.6,MISC,125.4,MISC,224341S,1310842E,,New Haven Airport,Northern Territory,,small_airport
airports,YNIC,Australia,,126.7,CTAF,122.6,MISC,,,180259S,1285359E,,Nicholson Airport,Western Australia,,small_airport
airports,YNIG,Australia,,126.7,CTAF,122.6,MISC,,,323118S,1362938E,,Nonning Airport,South Australia,,small_airport
airports,YNIN,Australia,,126.7,CTAF,,,,,354203S,1392043E,,Meningie Airport,South Australia,,small_airport
airports,YNKA,Australia,,119.8,CTAF,122.6,MISC,,,182940S,1245107E,,Noonkanbah Airport,Western Australia,,small_airport
airports,YNMN,Australia,1099,119.4,CTAF,122.4,MISC,123.9,MISC,191159S,1454622E,,New Moon Airport,Queensland,,small_airport
airports,YNNG,Australia,148,,,,,,,380402S,1453432E,,Nar Nar Goon Airstrip,Victoria,,small_airport
airports,YNNT,Australia,,125.9,CTAF,120,MISC,,,223213S,1152933E,,Nantarra Airport,Western Australia,,small_airport
airports,YNOC,Australia,,118.8,CTAF,116.5,MISC,119.6,MISC,274309S,1424227E,,Nockatunga Airport,Queensland,,small_airport
airports,YNOF,Australia,,122.4,CTAF,124.6,MISC,,,191959S,1381958E,,Norfolk Airport,Queensland,,small_airport
airports,YNON,Australia,,119.8,CTAF,122.6,MISC,,,321659S,1234001E,,Noondoonia Homestead Airport,Western Australia,,small_airport
airports,YNOO,Australia,,118.8,CTAF,124.6,MISC,,,280232S,1433331E,,Nooyeah Downs Airport,Queensland,,small_airport
airports,YNOR,Australia,259,,,,,,,341455S,1442107E,,Norwood Airport,New South Wales,,small_airport
airports,YNOV,Australia,962,,,,,,,315045S,1231132E,,Nova Airport,Western Australia,,small_airport
airports,YNPA,Australia,450,126.7,CTAF,,,,,282856S,1355444E,,Nilpinna Airport,South Australia,,small_airport
airports,YNPB,Australia,2135,119.8,CTAF,120,MISC,,,223152S,1324547E,,Napperby Airport,Northern Territory,,small_airport
airports,YNPD,Australia,282,122.1,CTAF,120,MISC,,,171909S,1244917E,,Napier Downs Airport,Western Australia,,small_airport
airports,YNPE,Australia,34,126.5,CTAF,120.3,FSS,,,105646S,1422718E,,Northern Peninsula Airport,Queensland,,small_airport
airports,YNPU,Australia,,121.2,CTAF,119.6,MISC,125.4,MISC,303611S,1385652E,,Nepabunna Airport,South Australia,,small_airport
airports,YNRB,Australia,1001,125.1,CTAF,121.8,MISC,124.1,MISC,320626S,1182425E,,Narembeen Airport,Western Australia,,small_airport
airports,YNRC,Australia,169,126.7,CTAF,125.8,FSS,,,365907S,1404330E,,Naracoorte Airport,South Australia,,small_airport
airports,YNRG,Australia,1080,134,CTAF,119.6,MISC,125.4,MISC,325547S,1170448E,,Narrogin Airport,Western Australia,,small_airport
airports,YNRH,Australia,28,,,,,,,325244S,1514340E,,Newcastle Regional Heliport,New South Wales,,heliport
airports,YNRL,Australia,,126.7,CTAF,122.4,MISC,123.9,MISC,283259S,1415501E,,Naryilco Airport,Queensland,,small_airport
airports,YNRM,Australia,782,126.7,CTAF,123.9,FSS,,,321252S,1481330E,,Narromine Airport,New South Wales,,medium_airport
airports,YNRN,Australia,950,,,,,,,254052S,1505132E,,Narayen,Queensland,,small_airport
airports,YNRR,Australia,,121.85,CTAF,119.6,MISC,128.1,MISC,223843S,1303354E,,Nyrripi Airport,Northern Territory,,small_airport
airports,YNRV,Australia,197,126.7,CTAF,133.2,FSS,,,334749S,1201228E,,Ravensthorpe Airport,Western Australia,,small_airport
airports,YNSH,Australia,1,127.1,CTAF,124.6,MISC,,,262523S,1530353E,,Noosa Airport,Queensland,,small_airport
airports,YNSM,Australia,263,119.823,CTAF,122.6,MISC,,,321210S,1214529E,,Norseman Aerodrome,Western Australia,,small_airport
airports,YNTH,Australia,31,,,,,,,174038S,1410405E,,Normanton Helipad,Queensland,,heliport
airports,YNTM,Australia,500,128.1,CTAF,,,,,313740S,1164113E,,Northam Airport,Western Australia,,small_airport
airports,YNTN,Australia,73,126.7,CTAF,118.6,FSS,,,174102S,1410410E,,Normanton Airport,Queensland,,medium_airport
airports,YNUB,Australia,67,122.1,CTAF,119.6,MISC,128.1,MISC,312630S,1305407E,,Nullabor Motel Airport,South Australia,,small_airport
airports,YNUD,Australia,267,124.1,CTAF,120,MISC,,,222330S,1172234E,,Nammuldi Mine Airstrip,Western Australia,,small_airport
airports,YNUE,Australia,,122.2,CTAF,119.6,MISC,128.1,MISC,235859S,1352359E,,Numery Airport,Northern Territory,,small_airport
airports,YNUJ,Australia,,124.2,CTAF,119.6,MISC,128.1,MISC,175800S,1375558E,,Nudjaburra Airport,Northern Territory,,small_airport
airports,YNUL,Australia,381,126.7,CTAF,123.4,MISC,,,215447S,1201152E,,Nullagine Airport,Western Australia,,small_airport
airports,YNUM,Australia,31,126.7,CTAF,122.2,FSS,,,141618S,1354301E,,Numbulwar Airport,Northern Territory,,small_airport
airports,YNUT,Australia,500,122.2,CTAF,119.6,MISC,128.1,MISC,154826S,1340845E,,Nutwood Downs Airport,Northern Territory,,small_airport
airports,YNVE,Australia,,125.8,CTAF,122.4,MISC,123.9,MISC,365515S,1430527E,,Navarre Airport,Victoria,,small_airport
airports,YNVL,Australia,,126.7,CTAF,118.6,MISC,121.3,MISC,354659S,1434159E,,Normanville Airport,Victoria,,small_airport
airports,YNWL,Australia,,119.8,CTAF,122.6,MISC,,,305021S,1351752E,,North Well Airport,South Australia,,small_airport
airports,YNWN,Australia,1724,126.7,CTAF,123.4,FSS,,,232504S,1194810E,,Newman Airport,Western Australia,,medium_airport
airports,YNWT,Australia,,126.7,CTAF,119.6,MISC,125.4,MISC,231343S,1323745E,,Narwietooma Airport,Northern Territory,,small_airport
airports,YNYG,Australia,,122.2,CTAF,119.6,MISC,128.1,MISC,230159S,1150158E,,Nyang Airport,Western Australia,,small_airport
airports,YNYM,Australia,,124.9,CTAF,121.2,MISC,122.2,MISC,320314S,1461844E,,Nymagee Airport,New South Wales,,small_airport
airports,YNYN,Australia,569,126.7,CTAF,120,FSS,,,313302S,1471210E,,Nyngan Airport,New South Wales,,small_airport
airports,YNYP,Australia,,121.85,CTAF,119.6,MISC,128.1,MISC,261116S,1301132E,,Nyapari Airport,South Australia,,small_airport
airports,YOAD,Australia,,119.8,CTAF,124.1,MISC,,,252259S,1352501E,,Old Andado Airport,Northern Territory,,small_airport
airports,YOAP,Australia,30,122.1,CTAF,119.6,MISC,122,MISC,162643S,1230406E,,One Arm Point Airport,Western Australia,,small_airport
airports,YOAS,Australia,909,124.55,CTAF,118.8,MISC,125.3,MISC,340502S,1503334E,,The Oaks Airport,New South Wales,,small_airport
airports,YOAY,Australia,177,,,,,,,230326S,1482945E,,Oaky Creek Airport,Queensland,,small_airport
airports,YOBE,Australia,3612,,,,,,,334202S,1495121E,,Oberon Heliport,New South Wales,,heliport
airports,YOBR,Australia,10,,,,,,,315755S,1523527E,,Old Bar Heritage Airport,New South Wales,,small_airport
airports,YODA,Australia,,122.1,CTAF,120.6,MISC,120.7,MISC,302724S,1314922E,,Ooldea Airport,South Australia,,small_airport
airports,YODL,Australia,,118.8,CTAF,121.3,MISC,124,MISC,252100S,1423758E,,Ourdel Airport,Queensland,,small_airport
airports,YOEH,Australia,2828,,,,,,,331901S,1490853E,,Orange East Heliport,New South Wales,,heliport
airports,YOEN,Australia,30,126.7,CTAF,124.1,FSS,,,121929S,1330021E,,Oenpelli Airport,Northern Territory,,small_airport
airports,YOIT,Australia,,122.1,CTAF,121.3,MISC,124,MISC,220346S,1440820E,,Orielton Airport,Queensland,,small_airport
airports,YOKE,Australia,947,122.3,CTAF,112.9,MISC,121.2,MISC,221756S,1455900E,,Oakvale Airport,Queensland,,small_airport
airports,YOKV,Australia,,122.1,CTAF,119.6,MISC,128.1,MISC,293100S,1305201E,,Oak Valley Airport,South Australia,,small_airport
airports,YOLA,Australia,450,126.7,CTAF,123,MISC,125.8,MISC,381712S,1434047E,,Colac Airport,Victoria,,small_airport
airports,YOLD,Australia,344,126.6,CTAF,128.05,AWIS,122,FIA,302901S,1365236E,,Olympic Dam Airport,South Australia,,small_airport
airports,YOLW,Australia,7,120.1,CTAF,122.4,MISC,,,214012S,1150653E,,Onslow Airport,Western Australia,,small_airport
airports,YOLY,Australia,518,,,,,,,310047S,1474239E,,Oxley Station Airport,New South Wales,,small_airport
airports,YOMI,Australia,,126.5,CTAF,112.9,MISC,121.2,MISC,284537S,1411231E,,Omicron Station Airport,Queensland,,small_airport
airports,YOMO,Australia,,125.2,CTAF,112.9,MISC,121.2,MISC,370623S,1473623E,,Omeo Airport,Victoria,,small_airport
airports,YOOD,Australia,118,126.7,CTAF,120.6,MISC,120.7,MISC,273344S,1352634E,,Oodnadatta Airport,South Australia,,small_airport
airports,YOOK,Australia,,126.7,CTAF,124.1,MISC,,,303705S,1302421E,,Cook Airport,South Australia,,small_airport
airports,YOOM,Australia,143,126.7,CTAF,119.5,FSS,,,280557S,1401149E,,Moomba Airport,South Australia,,small_airport
airports,YOOO,Australia,,122.6,CTAF,132.9,MISC,,,161959S,1313000E,,Mooloola Homestead Airport,Northern Territory,,small_airport
airports,YORA,Australia,,126.7,CTAF,119.5,MISC,,,314129S,1263525E,,Moonerah Airport,Western Australia,,small_airport
airports,YORB,Australia,28,126.7,CTAF,121.3,MISC,124,MISC,374724S,1483636E,,Orbost Airport,Victoria,,small_airport
airports,YORC,Australia,71,,,,,,,245733S,1531854E,,Orchid Beach Airport,Queensland,,small_airport
airports,YORG,Australia,3115,119,CTAF,135.25,FSS,,,332255S,1490752E,,Orange Airport,New South Wales,,medium_airport
airports,YORL,Australia,,,,,,,,334659S,1225659E,,Orleans Farm Airport,Western Australia,,small_airport
airports,YORR,Australia,381,120.3,CTAF,120.6,MISC,120.7,MISC,324727S,1384019E,,Orroroo Airport,South Australia,,small_airport
airports,YORT,Australia,,122.1,CTAF,120.6,MISC,120.7,MISC,215420S,1360408E,,Ooratippra Airport,Northern Territory,,small_airport
airports,YORV,Australia,390,122.1,CTAF,120.6,MISC,120.7,MISC,172026S,1285443E,,Ord River Airport,Western Australia,,small_airport
airports,YORW,Australia,,122.1,CTAF,120.6,MISC,120.7,MISC,291157S,1212616E,,Orient Well Airport,Western Australia,,small_airport
airports,YOSB,Australia,285,,,,,,,220454S,1403317E,,Osborne Mine Airport,Queensland,,small_airport
airports,YOTN,Australia,,120.15,CTAF,112.9,MISC,121.2,MISC,172634S,1443848E,,Ootann Airport,Queensland,,small_airport
airports,YOUN,Australia,,120.7,CTAF,119.6,MISC,122.4,MISC,283653S,1185031E,,Youanmi Airport,Western Australia,,small_airport
airports,YOUY,Australia,,118.8,CTAF,121.3,MISC,124,MISC,350519S,1422117E,,Ouyen Airport,Victoria,,small_airport
airports,YPAC,Australia,,124.1,CTAF,,,,,251428S,1523234E,,Pacific Haven Airport,Queensland,,small_airport
airports,YPAD,Australia,20,116.4,ATIS,134.5,ATIS,118.2,APP/DEP,345651S,1383200E,,Adelaide International Airport,South Australia,,large_airport
airports,YPAG,Australia,56,126.7,CTAF,123.9,FSS,,,323024S,1374301E,,Port Augusta Airport,South Australia,,medium_airport
airports,YPAM,Australia,28,126.7,CTAF,126.8,APP,120.55,FSS,184519S,1463451E,,Palm Island Airport,Queensland,,small_airport
airports,YPAY,Australia,620,125.4,CTAF,120.6,MISC,120.7,MISC,231448S,1315410E,,Papunya Airport,Northern Territory,,small_airport
airports,YPBH,Australia,,126.824,CTAF,113.4,MISC,119.6,MISC,383625S,1425413E,,Peterborough Airport,Victoria,,small_airport
airports,YPBO,Australia,1406,126.7,CTAF,125.7,FSS,,,231015S,1174442E,,Paraburdoo Airport,Western Australia,,medium_airport
airports,YPCE,Australia,50,120.6,CTAF,120.2,MISC,122.1,MISC,332223S,1423511E,,Pooncarie Airport,New South Wales,,small_airport
airports,YPCH,Australia,,126.7,CTAF,113.4,MISC,119.6,MISC,352211S,1421138E,,Patchewollock Airport,Victoria,,small_airport
airports,YPCM,Australia,325,,,,,,,114544S,1305251E,,Pickertaramoor Airstrip,Northern Territory,,small_airport
airports,YPCS,Australia,,,,,,,,281200S,1202558E,,Pinnacles Homestead Airport,Western Australia,,small_airport
airports,YPDA,Australia,545,,,,,,,354825S,1371550E,,Parndana Airport,South Australia,,small_airport
airports,YPDI,Australia,,125.4,CTAF,120.6,MISC,120.7,MISC,260720S,1392412E,,Pandie Pandie Airport,South Australia,,small_airport
airports,YPDN,Australia,103,112.6,ATIS,125.2,A/D,118.15,ARTC,122453S,1305254E,,Darwin International Airport / RAAF Darwin,Northern Territory,,large_airport
airports,YPDO,Australia,36,122,CTAF,130.449,MISC,,,200709S,1193419E,,Pardoo Airport,Western Australia,,small_airport
airports,YPDY,Australia,,121.8,CTAF,120.6,MISC,120.7,MISC,363700S,1402858E,,Padthaway Station Airport,South Australia,,small_airport
airports,YPEA,Australia,149,34,ATIS,118.3,CTAF,118.7,A/D,314004S,1160053E,,RAAF Base Pearce,Western Australia,,medium_airport
airports,YPED,Australia,67,31.63,ATIS,118.3,CTAF,128.6,APP,344220S,1383656E,,RAAF Base Edinburgh,South Australia,,medium_airport
airports,YPEF,Australia,1150,121.6,CTAF,135.7,MISC,,,373041S,1444201E,,Sunbury (Penfield) Airfield,Victoria,,small_airport
airports,YPEN,Australia,1563,,,,,,,284944S,1184951E,,Penny Aerodrome,Western Australia,,small_airport
airports,YPFT,Australia,2701,118.1,CTAF,118.8,MISC,,,361341S,1490859E,,Cooma/Polo Flat Airport,New South Wales,,small_airport
airports,YPGH,Australia,,134.2,CTAF,123.05,MISC,,,164913S,1311220E,,Pigeon Hole Airport,Northern Territory,,small_airport
airports,YPGV,Australia,192,127.8,CTAF,125,FSS,,,121609S,1364904E,,Gove Airport,Northern Territory,,medium_airport
airports,YPHP,Australia,241,,,,,,,383744S,1430226E,,Port Campbell Heliport,Victoria,,heliport
airports,YPHS,Australia,2142,,,,,,,222313S,1330336E,,Pine Hill Station Airport,Northern Territory,,small_airport
airports,YPHU,Australia,39,,,,,,,114127S,1301152E,,Port Hurd Airstrip,Northern Territory,,small_airport
airports,YPID,Australia,13,119.1,CTAF,120.5,MISC,125.9,MISC,383114S,1451942E,,Phillip Island Heliport,Victoria,,heliport
airports,YPIN,Australia,,118.2,CTAF,120.5,MISC,125.9,MISC,154000S,1433300E,,Pinnacle Airport,Queensland,,small_airport
airports,YPIR,Australia,40,126.7,CTAF,123.9,FSS,,,331420S,1375941E,,Port Pirie Airport,South Australia,,medium_airport
airports,YPIX,Australia,,123.9,CTAF,123.05,MISC,,,271119S,1161656E,,Pia Airport,Western Australia,,small_airport
airports,YPIY,Australia,,,,,,,,323224S,1170422E,,Pingelly Airport,Western Australia,,small_airport
airports,YPJI,Australia,,124.8,CTAF,123.05,MISC,,,292535S,1161701E,,Perenjori Airport,Western Australia,,small_airport
airports,YPJT,Australia,99,128.65,ATIS,118.1,CTAF,132.95,CLD,320550S,1155251E,,Perth Jandakot Airport,Western Australia,,medium_airport
airports,YPKA,Australia,29,127.35,CTAF,122.4,FSS,,,204243S,1164622E,,Karratha Airport,Western Australia,,medium_airport
airports,YPKE,Australia,,122.6,CTAF,130.449,MISC,,,281500S,1355359E,,Peake Airport,South Australia,,small_airport
airports,YPKG,Australia,1203,126.6,CTAF,122.1,FSS,126.6,UNIC,304729S,1212752E,,Kalgoorlie Boulder Airport,Western Australia,,medium_airport
airports,YPKH,Australia,,113.4,CTAF,119.6,MISC,,,324352S,1481239E,,Peak Hill Airport,New South Wales,,small_airport
airports,YPKI,Australia,,122,CTAF,130.449,MISC,,,302359S,1362331E,,Parakylia Airport,South Australia,,small_airport
airports,YPKL,Australia,168,122.424,CTAF,113.7,MISC,120.6,MISC,365953S,1450351E,,Puckapunyal (Military) Airport,Victoria,,small_airport
airports,YPKS,Australia,1069,126.7,CTAF,128.55,AWIS,135.25,FSS,330753S,1481420E,,Parkes Airport,New South Wales,,medium_airport
airports,YPKT,Australia,91,126.7,CTAF,118.15,FSS,,,141458S,1293146E,,Port Keats Airport,Northern Territory,,medium_airport
airports,YPKU,Australia,145,127,CTAF,122.4,FSS,,,154641S,1284228E,,East Kimberley Regional (Kununurra) Airport,Western Australia,,medium_airport
airports,YPLC,Australia,36,126.7,CTAF,125.9,FSS,,,343619S,1355248E,,Port Lincoln Airport,South Australia,,medium_airport
airports,YPLG,Australia,,119.1,CTAF,120.5,MISC,125.9,MISC,302200S,1485258E,,Pilliga Airport,New South Wales,,small_airport
airports,YPLI,Australia,,120.3,CTAF,121.3,MISC,124,MISC,292645S,1531614E,,Palmers Island/Yamba Airport,New South Wales,,small_airport
airports,YPLL,Australia,1873,122.6,CTAF,130.449,MISC,,,253640S,1184147E,,Peak Hill Airport,Western Australia,,small_airport
airports,YPLM,Australia,19,118.3,CTAF,120.5,APP,125.9,FSS,221406S,1140524E,,Learmonth Airport,Western Australia,,medium_airport
airports,YPLU,Australia,,124.3,CTAF,123.05,MISC,,,251959S,1192530E,,Plutonic Airport,Western Australia,,small_airport
airports,YPMB,Australia,,124.3,CTAF,123.05,MISC,,,320311S,1395219E,,Plumbago Airport,South Australia,,small_airport
airports,YPME,Australia,,118.15,CTAF,120.6,MISC,120.7,MISC,124959S,1305558E,,Palmer Airport,Northern Territory,,small_airport
airports,YPMH,Australia,745,,,,,,,294257S,1353127E,,Prominent Hill Airport,South Australia,,small_airport
airports,YPMP,Australia,10,126.7,CTAF,118.2,FSS,,,145347S,1413632E,,Pormpuraaw Airport,Queensland,,small_airport
airports,YPMQ,Australia,12,118.1,CTAF,120.55,FSS,,,312608S,1525146E,,Port Macquarie Airport,New South Wales,,medium_airport
airports,YPNA,Australia,2450,,,,,,,180218S,1445259E,,Pinnarendi Airstrip,Queensland,,small_airport
airports,YPNC,Australia,,122.6,CTAF,123.05,MISC,,,134933S,1315044E,,Pine Creek Airport,Northern Territory,,small_airport
airports,YPNG,Australia,78,122.1,CTAF,123.05,MISC,,,315500S,1330000E,,Penong Airport,South Australia,,small_airport
airports,YPNI,Australia,,130.9,CTAF,119.6,MISC,123.9,MISC,263126S,1224841E,,Prenti Downs Airport,Western Australia,,small_airport
airports,YPNN,Australia,76,124.3,CTAF,123.05,MISC,,,351511S,1405634E,,Pinnaroo Airport,South Australia,,small_airport
airports,YPNW,Australia,,125.4,CTAF,120.6,MISC,120.7,MISC,213743S,1161909E,,Pannawonica Airport,Western Australia,,small_airport
airports,YPOD,Australia,265,126.7,CTAF,125.8,FSS,,,381905S,1412815E,,Portland Airport,Victoria,,medium_airport
airports,YPOK,Australia,935,126,CTAF,125.2,MISC,,,364303S,1465324E,,Porepunkah Airport,Victoria,,small_airport
airports,YPOP,Australia,,,,,,,,294633S,1221608E,,Porphyry Airport,Western Australia,,small_airport
airports,YPPD,Australia,33,119.9,CTAF,118.6,FSS,,,202240S,1183733E,,Port Hedland International Airport,Western Australia,,medium_airport
airports,YPPF,Australia,57,120.9,ATIS,118.7,CTAF,119.9,GND,344735S,1383758E,,Adelaide Parafield Airport,South Australia,,small_airport
airports,YPPH,Australia,67,123.8,ATIS,123.6,APP/DEL,132.95,APP/DEP,315625S,1155801E,,Perth International Airport,Western Australia,,large_airport
airports,YPRA,Australia,,125.8,CTAF,124.1,MISC,125.8,MISC,361825S,1440820E,,Prairie Airport,Victoria,,small_airport
airports,YPRC,Australia,135,,,,,,,272315S,1530126E,,Prince Charles Hospital Helipad,Queensland,,heliport
airports,YPRE,Australia,1257,127.1,CTAF,124.1,MISC,125.8,MISC,312836S,1495410E,,Premer Betoota Airport,New South Wales,,small_airport
airports,YPRI,Australia,200,,,,,,,273000S,1530201E,,Princess Alexandra Hospital Helipad,Queensland,,heliport
airports,YPSH,Australia,,126,CTAF,123.05,MISC,,,354521S,1375746E,,Penneshaw Airport,South Australia,,small_airport
airports,YPSR,Australia,5689,,,,,,,362418S,1482452E,,Perisher Valley Medical Centre Helipad,New South Wales,,heliport
airports,YPTB,Australia,,123.9,CTAF,123.05,MISC,,,330018S,1385128E,,Peterborough Airport,South Australia,,small_airport
airports,YPTJ,Australia,1493,130.9,CTAF,130.449,MISC,,,243708S,1261937E,,Patjarr Airport,Western Australia,,small_airport
airports,YPTN,Australia,443,112.3,ATIS,119.7,CTAF,120.95,APP,143115S,1322240E,,Tindal Airport,Northern Territory,,medium_airport
airports,YPUA,Australia,,118.15,CTAF,120.6,MISC,120.7,MISC,142023S,1295150E,,Palumpa Airport,Northern Territory,,small_airport
airports,YPUG,Australia,200,,,,,,,164318S,1372523E,,Pungalina Airport,Northern Territory,,small_airport
airports,YPUN,Australia,,130.9,CTAF,119.6,MISC,123.9,MISC,220400S,1231001E,,Punmu Airport,Western Australia,,small_airport
airports,YPVD,Australia,,118.8,CTAF,120.5,MISC,125.9,MISC,264000S,1423458E,,Plevna Downs Airport,Queensland,,small_airport
airports,YPWH,Australia,1690,118.2,CTAF,120.5,MISC,125.9,MISC,274401S,1513756E,,Pittsworth Airport,Queensland,,small_airport
airports,YPWR,Australia,548,118.3,CTAF,122,FSS,25.93,GND,310839S,1364901E,,Woomera Airfield,South Australia,,small_airport
airports,YPYA,Australia,50,126.7,CTAF,,,,,211241S,1490435E,,Palmyra Airstrip,Queensland,,small_airport
airports,YPYD,Australia,,125.8,CTAF,113.7,MISC,120.6,MISC,360338S,1440736E,,Pyramid Hill Airport,Victoria,,small_airport
airports,YPYF,Australia,,124.8,CTAF,130.449,MISC,,,291543S,1174008E,,Paynes Find Airport,Western Australia,,small_airport
airports,YQBE,Australia,489,120,CTAF,113.7,MISC,120.6,MISC,305245S,1475031E,,Quambone Royona Airport,New South Wales,,small_airport
airports,YQBK,Australia,,125.8,CTAF,113.7,MISC,120.6,MISC,355123S,1433052E,,Quambatook Airport,Victoria,,small_airport
airports,YQDG,Australia,,123.4,CTAF,119.6,MISC,123.9,MISC,320017S,1172503E,,Quairading Airport,Western Australia,,small_airport
airports,YQDI,Australia,1054,127.8,CTAF,127.1,FSS,,,312953S,1503118E,,Quirindi Airport,New South Wales,,small_airport
airports,YQLP,Australia,655,126.7,CTAF,118.8,FSS,,,263643S,1441510E,,Quilpie Airport,Queensland,,medium_airport
airports,YQNS,Australia,867,124.2,CTAF,123.95,FIA,,,420430S,1453155E,,Queenstown Airport,Tasmania,,small_airport
airports,YQON,Australia,348,123.4,CTAF,119.6,MISC,123.9,MISC,330512S,1401947E,,Quondong Airport,South Australia,,small_airport
airports,YQRN,Australia,293,123.9,CTAF,119.6,MISC,123.9,MISC,321932S,1380620E,,Quorn Airport,South Australia,,small_airport
airports,YQUA,Australia,604,,,,,,,301729S,1343136E,,Quarry2 Airport,South Australia,,small_airport
airports,YQUE,Australia,,124.9,CTAF,124.1,MISC,,,302330S,1430831E,,Questa Park Airport,New South Wales,,small_airport
airports,YRAG,Australia,,125.8,CTAF,125.3,MISC,127.1,MISC,372238S,1431820E,,Raglan Airport,Victoria,,small_airport
airports,YRAM,Australia,,118.8,CTAF,125.3,MISC,127.1,MISC,260859S,1430101E,,Raymore Homestead Airport,Queensland,,small_airport
airports,YRAT,Australia,16,127.1,ctaf,,,,,284310S,1134704E,,Abrolhos Rat Island,Western Australia,,small_airport
airports,YRAV,Australia,,,,,,,,333220S,1195658E,,Ravensthorpe Airport,Western Australia,,small_airport
airports,YRAW,Australia,,134.2,CTAF,119.6,MISC,123.9,MISC,310046S,1251937E,,Rawlinna Airport,Western Australia,,small_airport
airports,YRBB,Australia,,124.6,CTAF,125.3,MISC,127.1,MISC,255107S,1530409E,,Rainbow Beach Airport,Queensland,,small_airport
airports,YRBC,Australia,150,,,,,,,272659S,1530139E,,Royal Brisbane Hospital Helipad Charlie,Queensland,,heliport
airports,YRBE,Australia,65,126.7,CTAF,122.3,MISC,124.3,MISC,371031S,1394818E,,Robe Airport,South Australia,,small_airport
airports,YRBH,Australia,180,,,,,,,272649S,1530141E,,Royal Brisbane Hospital Helipad Alpha,Queensland,,heliport
airports,YRBK,Australia,118,,,,,,,122531S,1305823E,,Robertson Barracks Heliport,Northern Territory,,heliport
airports,YRBM,Australia,,123.4,CTAF,119.6,MISC,123.9,MISC,171059S,1374601E,,Redbank Mine Airport,Northern Territory,,small_airport
airports,YRBN,Australia,1860,127.3,CTAF,,,,,343841S,1503831E,,Robertson Airstrip,New South Wales,,small_airport
airports,YRBR,Australia,,121.8,CTAF,122.3,MISC,124.3,MISC,164305S,1365642E,,Robinson River Airport,Northern Territory,,small_airport
airports,YRBT,Australia,,132.1,CTAF,119.6,MISC,123.9,MISC,201059S,1300101E,,Rabbit Flat Airport,Northern Territory,,small_airport
airports,YRBW,Australia,,,,,,,,355428S,1415840E,,Rainbow Airport,Victoria,,small_airport
airports,YRCD,Australia,247,,,,,,,273444S,1530750E,,Rochedale Helipad,Queensland,,heliport
airports,YRDA,Australia,,123.9,CTAF,119.6,MISC,122.4,MISC,322435S,1352906E,,Yardea Airport,South Australia,,small_airport
airports,YRDM,Australia,,123.4,CTAF,119.6,MISC,123.9,MISC,215837S,1190101E,,Redmont Airport,Western Australia,,small_airport
airports,YRDS,Australia,900,,,,,,,203438S,1431803E,,Richmond Downs Airfield,Queensland,,small_airport
airports,YRDY,Australia,,123.4,CTAF,119.6,MISC,123.9,MISC,270727S,1181645E,,Reedys Airport,Western Australia,,small_airport
airports,YRED,Australia,2,127.15,CTAF,122.8,MISC,125.7,MISC,271220S,1530407E,,Redcliffe Airport,Queensland,,small_airport
airports,YREN,Australia,115,126.7,CTAF,124.3,FSS,,,341147S,1404026E,,Renmark Airport,South Australia,,medium_airport
airports,YRHL,Australia,,123.4,CTAF,119.6,MISC,123.9,MISC,215810S,1160344E,,Red Hill Station Airport,Western Australia,,small_airport
airports,YRHO,Australia,126,,,,,,,374738S,1445704E,,Royal Childrens Hospital Helipad,Victoria,,heliport
airports,YRID,Australia,1150,126.7,CTAF,135.7,MISC,,,372843S,1444315E,,Riddell Airport,Victoria,,small_airport
airports,YRKE,Australia,,122.4,CTAF,116.9,MISC,119.6,MISC,375358S,1434235E,,Kuruc-A-Ruc South Airport,Victoria,,small_airport
airports,YRKS,Australia,,122.4,CTAF,116.9,MISC,119.6,MISC,195200S,1380600E,,Rocklands Airport,Queensland,,small_airport
airports,YRLE,Australia,,125.7,CTAF,122.3,MISC,124.3,MISC,225259S,1172659E,,Rocklea Airport,Western Australia,,small_airport
airports,YRLH,Australia,461,,,,,,,190145S,1384416E,,Riversleigh Airport,Queensland,,small_airport
airports,YRLL,Australia,,122.3,CTAF,116.9,MISC,119.6,MISC,242739S,1483738E,,Rolleston Airport,Queensland,,small_airport
airports,YRLO,Australia,374,,,,,,,350213S,1391112E,,Rollo's Aerodrome,South Australia,,small_airport
airports,YRMD,Australia,676,126.7,CTAF,123.95,FSS,,,204206S,1430654E,,Richmond Airport,Queensland,,small_airport
airports,YRMH,Australia,221,,,,,,,374757S,1445721E,,Royal Melbourne Hospital Helipad,Victoria,,heliport
airports,YRNG,Australia,206,126.7,CTAF,123.4,FSS,,,122123S,1345352E,,Ramingining Airport,Northern Territory,,small_airport
airports,YRNW,Australia,,119.8,CTAF,122.3,MISC,124.3,MISC,234941S,1345743E,,Ringwood Airport,Northern Territory,,small_airport
airports,YROB,Australia,460,119.8,CTAF,,,,,185041S,1434236E,,Robinhood Airport,Queensland,,small_airport
airports,YROE,Australia,,122.4,CTAF,122.3,MISC,124.3,MISC,204550S,1170918E,,Roebourne Airport,Western Australia,,small_airport
airports,YROI,Australia,87,122.3,CTAF,119.8,MISC,122.1,MISC,343834S,1424622E,,Robinvale Airport,Victoria,,small_airport
airports,YROK,Australia,,125.7,CTAF,122.3,MISC,124.3,MISC,355548S,1364312E,,Rocky River Airport,South Australia,,small_airport
airports,YROM,Australia,1032,126.7,CTAF,126,FSS,,,263242S,1484629E,,Roma Airport,Queensland,,medium_airport
airports,YROT,Australia,1033,119.8,CTAF,122.3,MISC,124.3,MISC,291737S,1165324E,,Rothsay Mine Airport,Western Australia,,small_airport
airports,YROV,Australia,,119.8,CTAF,122.3,MISC,124.3,MISC,233557S,1343101E,,Ross River Airport,Northern Territory,,small_airport
airports,YRRB,Australia,92,122.4,CTAF,122.3,MISC,124.3,MISC,144405S,1343131E,,Roper Bar Airport,Northern Territory,,small_airport
airports,YRRG,Australia,,126.7,CTAF,122.3,MISC,124.3,MISC,230605S,1192131E,,Rhodes Ridge Airport,Western Australia,,small_airport
airports,YRRR,Australia,,123.4,CTAF,119.6,MISC,123.9,MISC,121959S,1353859E,,Raymangirr Airport,Northern Territory,,small_airport
airports,YRSB,Australia,55,126.7,CTAF,126.8,MISC,,,254932S,1393738E,,Roseberth Airport,Queensland,,small_airport
airports,YRSH,Australia,4,,,,,,,334948S,1510126E,,Rosehill Heliport Airport,New South Wales,,heliport
airports,YRSK,Australia,,126.7,CTAF,122.3,MISC,124.3,MISC,184718S,1283726E,,Ringer Soak Airport,Western Australia,,small_airport
airports,YRST,Australia,30,,,,,,,411957S,1470259E,,Rostella Airport,Tasmania,,small_airport
airports,YRSV,Australia,,124.8,CTAF,126.8,MISC,,,270759S,1455359E,,Rosevale Resort Airport,Queensland,,small_airport
airports,YRSY,Australia,1500,126.7,CTAF,135.7,MISC,,,372332S,1444416E,,Romsey Airport,Victoria,,small_airport
airports,YRTI,Australia,12,126,CTAF,135.25,FSS,,,320024S,1153224E,,Rottnest Island Airport,Western Australia,,small_airport
airports,YRTP,Australia,15,124.8,CTAF,126.7,MISC,126.8,MISC,153841S,1415039E,,Rutland Plains Airport,Queensland,,small_airport
airports,YRUD,Australia,,123.4,CTAF,122.4,MISC,,,223329S,1220853E,,Rudal River Airport,Western Australia,,small_airport
airports,YRVE,Australia,,134.2,CTAF,122.3,MISC,124.3,MISC,175359S,1301301E,,Riveren Airport,Northern Territory,,small_airport
airports,YRVL,Australia,823,,,,,,,345057S,1474649E,,Rose Vale Airport,New South Wales,,small_airport
airports,YRWA,Australia,,134.2,CTAF,119.6,MISC,123.9,MISC,310150S,1251140E,,Rawlinna Station Airport,Western Australia,,small_airport
airports,YRWF,Australia,850,,,,,,,343348S,1385658E,,Rowland Flat Airstrip,South Australia,,small_airport
airports,YRWH,Australia,,118.6,CTAF,125.3,MISC,127.1,MISC,343858S,1441911E,,Ravensworth Airport,New South Wales,,small_airport
airports,YRXB,Australia,,122,CTAF,122.4,MISC,,,304230S,1364238E,,Roxby Downs Station Airport,South Australia,,small_airport
airports,YRYH,Australia,,123.4,CTAF,122.4,MISC,,,223732S,1195732E,,Roy Hill Station Airport,Western Australia,,small_airport
airports,YRYK,Australia,,123.9,CTAF,119.6,MISC,123.9,MISC,313912S,1383634E,,Rawnsley Park Airport,South Australia,,small_airport
airports,YRYL,Australia,1995,,,,,,,324615S,1495935E,,Rylstone Aerodrome,New South Wales,,small_airport
airports,YRYP,Australia,1690,,,,,,,345146S,1485601E,,Rayner Place Heliport,New South Wales,,heliport
airports,YSAH,Australia,,123.9,CTAF,122.4,MISC,,,224759S,1193701E,,Sandhill Airport,Western Australia,,small_airport
airports,YSAI,Australia,,123.4,CTAF,122.4,MISC,,,234200S,1315201E,,Saipem Airport,Northern Territory,,small_airport
airports,YSAN,Australia,,122.6,CTAF,122.4,MISC,,,275847S,1191749E,,Sandstone Airport,Western Australia,,small_airport
airports,YSAR,Australia,,120.7,CTAF,124.8,MISC,,,270235S,1351431E,,Mount Sarah Airport,South Australia,,small_airport
airports,YSAW,Australia,180,,,,,,,150743S,1350035E,,Sawfish Camp Airport,Northern Territory,,small_airport
airports,YSBG,Australia,,,,,,,,365117S,1454416E,,Strathbogie Airport,Victoria,,small_airport
airports,YSBK,Australia,29,120.9,ATIS,132.8,CTAF,124.55,FSS,335525S,1505926E,,Sydney Bankstown Airport,New South Wales,,medium_airport
airports,YSBO,Australia,,122.4,CTAF,119.8,MISC,,,213400S,1394301E,,Stanbroke Airport,Queensland,,small_airport
airports,YSCA,Australia,177,,,,,,,331225S,1411022E,,Scotia Sanctuary Airport,New South Wales,,small_airport
airports,YSCB,Australia,1886,127.45,ATIS,124.5,APP/DEP EAST,125.9,APP/DEP WEST,351824S,1491142E,,Canberra Airport,Australian Capital Territory,,medium_airport
airports,YSCD,Australia,1306,,,,,,,301027S,1221920E,,Carosue Dam Airport,Western Australia,,small_airport
airports,YSCN,Australia,230,125.1,ATIS,120.1,CTAF,124.55,FSS,340218S,1504111E,,Camden Airport,New South Wales,,medium_airport
airports,YSCO,Australia,745,128,CTAF,124.8,FSS,,,320216S,1504955E,,Scone Airport,New South Wales,,small_airport
airports,YSCR,Australia,354,119.6,CTAF,123.4,MISC,,,311423S,1192136E,,Southern Cross Airport,Western Australia,,small_airport
airports,YSDL,Australia,,122.1,CTAF,119.2,MISC,125.8,MISC,124300S,1422159E,,Sudley Airport,Queensland,,small_airport
airports,YSDN,Australia,735,,,,,,,200238S,1370109E,,Soudan Station Airport,Northern Territory,,small_airport
airports,YSDU,Australia,935,134,CTAF,123.9,FSS,,,321300S,1483429E,,Dubbo City Regional Airport,New South Wales,,medium_airport
airports,YSDW,Australia,,125.8,CTAF,119.2,MISC,125.8,MISC,374354S,1410730E,,Strathdownie Airport,Victoria,,small_airport
airports,YSEA,Australia,289,,,,,,,343408S,1392002E,,Sedan Airfield,South Australia,,small_airport
airports,YSEN,Australia,9,119.1,CTAF,125.3,MISC,135.25,MISC,322341S,1155215E,,Serpentine Airport,Western Australia,,small_airport
airports,YSFG,Australia,,,,,,,,342037S,1391836E,,Stonefield Gliding,South Australia,,small_airport
airports,YSFI,Australia,105,123.931,CTAF,122.4,MISC,,,194619S,1210526E,,Sandfire Airport,Western Australia,,small_airport
airports,YSFY,Australia,,125.55,CTAF,125.8,MISC,,,425856S,1471233E,,Sandfly Airport,Tasmania,,small_airport
airports,YSGD,Australia,,118.2,CTAF,119.2,MISC,125.8,MISC,144742S,1422558E,,Strathgordon Airport,Queensland,,small_airport
airports,YSGE,Australia,656,126.7,CTAF,118.95,FSS,,,280258S,1483542E,,St George Airport,Queensland,,small_airport
airports,YSGR,Australia,6,122.6,CTAF,122.6,MISC,,,294229S,1525540E,,South Grafton Airport,New South Wales,,small_airport
airports,YSGT,Australia,46,126.7,CTAF,122.4,MISC,123.9,MISC,323602S,1511135E,,Singleton Airport,New South Wales,,small_airport
airports,YSGW,Australia,116,126.7,CTAF,,,,,254059S,1420628E,,South Galway Airport,Queensland,,small_airport
airports,YSHG,Australia,620,118.6,CTAF,122.1,MISC,,,202528S,1200827E,,Shay Gap Airport,Western Australia,,small_airport
airports,YSHK,Australia,111,126.7,CTAF,122.1,FSS,,,255350S,1133432E,,Shark Bay Airport,Western Australia,,medium_airport
airports,YSHL,Australia,31,127.3,CTAF,124.55,FSS,,,343339S,1504720E,,Shellharbour Airport,New South Wales,,medium_airport
airports,YSHN,Australia,,119.1,CTAF,120,MISC,125.3,MISC,344446S,1162930E,,Shannon River Airport,Western Australia,,small_airport
airports,YSHR,Australia,40,,,,,,,201634S,1484517E,,Shute Harbour/Whitsunday Airport,Queensland,,small_airport
airports,YSHT,Australia,374,122.4,FSS,118.8,UNIC,,,362542S,1452329E,,Shepparton Airport,Victoria,,medium_airport
airports,YSHW,Australia,76,124.55,CTAF,119.5,MISC,,,335944S,1505707E,,Holsworthy (Military) Airport,New South Wales,,small_airport
airports,YSIA,Australia,,118.6,CTAF,122.1,MISC,,,323326S,1364232E,,Siam Airport,South Australia,,small_airport
airports,YSII,Australia,15,124.8,CTAF,126.8,MISC,,,092241S,1423730E,,Saibai Island Airport,Queensland,,small_airport
airports,YSLE,Australia,47,,,,,,,381012S,1444120E,,St Leonards Airfield,Victoria,,small_airport
airports,YSLG,Australia,,122.1,CTAF,122.1,MISC,,,170400S,1251500E,,Silent Grove Airport,Western Australia,,small_airport
airports,YSLK,Australia,56,125.8,CTAF,120.6,MISC,124.8,MISC,353150S,1425323E,,Sea Lake Airport,Victoria,,small_airport
airports,YSLN,Australia,,118.2,CTAF,119.2,MISC,125.8,MISC,155353S,1432258E,,Strathleven Airport,Queensland,,small_airport
airports,YSLV,Australia,,126.7,CTAF,120.6,MISC,122.1,MISC,233327S,1200249E,,Sylvania Homestead Airport,Western Australia,,small_airport
airports,YSMB,Australia,860,,,,,,,332203S,1511759E,,Somersby Airstrip,New South Wales,,small_airport
airports,YSMI,Australia,31,119.1,CTAF,122.6,FSS,,,405005S,1450502E,,Smithton Airport,Tasmania,,medium_airport
airports,YSML,Australia,15,,,,,,,201543S,1485023E,,South Molle Island Helipad,Queensland,,heliport
airports,YSMP,Australia,,122.1,CTAF,122.1,MISC,,,110800S,1320934E,,Smith Point Airport,Northern Territory,,small_airport
airports,YSMR,Australia,,118.6,CTAF,119.2,MISC,125.8,MISC,175145S,1423328E,,Strathmore Airport,Queensland,,small_airport
airports,YSMY,Australia,,118.2,CTAF,119.2,MISC,125.8,MISC,145259S,1424807E,,Strathmay Airport,Queensland,,small_airport
airports,YSNB,Australia,173,126.7,CTAF,118.15,FSS,,,112503S,1303854E,,Snake Bay Airport,Northern Territory,,medium_airport
airports,YSNC,Australia,1435,,,,,,,282019S,1205115E,,Sinclair Airport,Western Australia,,small_airport
airports,YSNT,Australia,,118.15,CTAF,122.1,MISC,,,334759S,1382201E,,Snowtown Airport,South Australia,,small_airport
airports,YSNW,Australia,400,28.04,ATIS,118.85,CTAF,123.5,APP,345647S,1503232E,,Naval Air Station Nowra - HMAS Albatross,New South Wales,,medium_airport
airports,YSNY,Australia,710,,,,,,,354551S,1465432E,,Sunnyside (Walla Walla) Airport,New South Wales,,small_airport
airports,YSOL,Australia,2030,,,,,,,221524S,1175101E,,Solomon Airport,Western Australia,,small_airport
airports,YSOW,Australia,,118.2,CTAF,122.6,MISC,,,143100S,1420158E,,Southwell Airport,Queensland,,small_airport
airports,YSPE,Australia,2938,126.7,CTAF,121.2,FSS,,,283712S,1515859E,,Stanthorpe Airport,Queensland,,small_airport
airports,YSPF,Australia,767,120.15,CTAF,119.8,MISC,,,241752S,1445241E,,Springfield Airport,Queensland,,small_airport
airports,YSPI,Australia,,122.3,CTAF,119.8,MISC,,,240748S,1480509E,,Springsure Airport,Queensland,,small_airport
airports,YSPK,Australia,,126.7,CTAF,119.8,MISC,,,183815S,1443244E,,Spring Creek Airport,Queensland,,small_airport
airports,YSPT,Australia,2,119,CTAF,119.5,MISC,,,275518S,1532217E,,Southport Airport,Queensland,,small_airport
airports,YSPV,Australia,,125.4,CTAF,119.8,MISC,,,233259S,1404159E,,Springvale Airport,Queensland,,small_airport
airports,YSRD,Australia,,126.7,CTAF,120.6,MISC,122.1,MISC,290556S,1222722E,,Sunrise Dam Airport,Western Australia,,small_airport
airports,YSRI,Australia,67,34.7,ATIS,135.5,CTAF,26.17,ACP,333616S,1504658E,,RAAF Base Richmond,New South Wales,,medium_airport
airports,YSRN,Australia,20,122.8,CTAF,119.2,MISC,124.1,MISC,420917S,1451731E,,Strahan Airport,Tasmania,,small_airport
airports,YSRT,Australia,,126,CTAF,119.2,MISC,125.8,MISC,270934S,1490436E,,Surat Airport,Queensland,,small_airport
airports,YSSY,Australia,21,126.25,ATIS,135.1,APP,133.8,CLD,335645S,1511037E,,Sydney Kingsford Smith International Airport,New South Wales,,large_airport
airports,YSTA,Australia,639,119.1,CTAF,125.8,FSS,,,363812S,1431109E,,Saint Arnaud Airport,Victoria,,small_airport
airports,YSTB,Australia,,118.2,CTAF,119.2,MISC,125.8,MISC,142838S,1424928E,,Strathburn Airport,Queensland,,small_airport
airports,YSTC,Australia,122,126.7,CTAF,120.6,MISC,122.1,MISC,294300S,1370346E,,Stuart Creek Airport,South Australia,,small_airport
airports,YSTH,Australia,48,126.5,CTAF,125.8,MISC,,,412012S,1481655E,,St Helens Airport,Tasmania,,small_airport
airports,YSTI,Australia,0,,,,,,,093035S,1433300E,,Stephens Island Seaplane Base,Queensland,,seaplane_base
airports,YSTO,Australia,166,122.1,CTAF,119.2,MISC,125.8,MISC,242109S,1431750E,,Stonehenge Airport,Queensland,,small_airport
airports,YSTR,Australia,,122.6,CTAF,124.1,MISC,,,314600S,1401958E,,Strathearn Airport,South Australia,,small_airport
airports,YSTT,Australia,,,,,,,,240705S,1342323E,,Santa Teresa Airport,Northern Territory,,small_airport
airports,YSTW,Australia,1334,116,ATIS,119.4,CTAF,127.1,FSS,310440S,1505043E,,Tamworth Airport,New South Wales,,medium_airport
airports,YSUJ,Australia,,126.7,CTAF,120.6,MISC,122.1,MISC,191600S,1295659E,,Supplejack Downs Airport,Northern Territory,,small_airport
airports,YSUM,Australia,217,,,,,,,351604S,1385511E,,Summerhill Road Helipad,South Australia,,heliport
airports,YSVH,Australia,,135.5,CTAF,122.4,MISC,123.9,MISC,203554S,1430440E,,Silver Hills Airport,Queensland,,small_airport
airports,YSVN,Australia,,118.2,CTAF,119.2,MISC,125.8,MISC,145359S,1425801E,,Strathaven Airport,Queensland,,small_airport
airports,YSVP,Australia,48,,,,,,,135831S,1433313E,,Silver Plains Airport,Queensland,,small_airport
airports,YSWA,Australia,9,126.5,CTAF,120.6,MISC,125.8,MISC,420557S,1480413E,,Swansea Airport,Tasmania,,small_airport
airports,YSWE,Australia,23,125.7,CTAF,120.6,MISC,125.8,MISC,170727S,1393612E,,Sweers Island Resort Airport,Queensland,,small_airport
airports,YSWG,Australia,724,118.2,CTAF,119.5,FSS,,,350948S,1472805E,,Wagga Wagga Airport,New South Wales,,medium_airport
airports,YSWH,Australia,234,119.1,CTAF,125.8,FSS,,,352232S,1433158E,,Swan Hill Airport,Victoria,,medium_airport
airports,YSWI,Australia,26,,,,,,,404346S,1480659E,,Swan Island Airport,Tasmania,,small_airport
airports,YSWK,Australia,7,,,,,,,305528S,1530139E,,South West Rocks Airport,New South Wales,,small_airport
airports,YSWL,Australia,807,119.1,CTAF,125.8,FSS,,,370418S,1424427E,,Stawell Airport,Victoria,,medium_airport
airports,YSYN,Australia,,126.7,CTAF,,,,,351903S,1390000E,,Strathalbyn Airport,South Australia,,small_airport
airports,YTAA,Australia,360,123.9,CTAF,116,MISC,127.1,MISC,270946S,1502835E,,Tara Airport,Queensland,,small_airport
airports,YTAB,Australia,,126.7,CTAF,120.6,MISC,122.1,MISC,171659S,1265400E,,Tableland Homestead Airport,Western Australia,,small_airport
airports,YTAD,Australia,,119.4,CTAF,116,MISC,127.1,MISC,323957S,1420400E,,Tandou Lake Airport,New South Wales,,small_airport
airports,YTAM,Australia,240,112.8,CTAF,122.4,MISC,125.1,MISC,254806S,1495359E,,Taroom Airport,Queensland,,small_airport
airports,YTAN,Australia,,126.7,CTAF,120.6,MISC,122.1,MISC,203425S,1294424E,,Tanami Downs Airport,Northern Territory,,small_airport
airports,YTAR,Australia,400,122,CTAF,120.6,MISC,122.1,MISC,304210S,1343458E,,Tarcoola Airport,South Australia,,small_airport
airports,YTBB,Australia,11,126.7,CTAF,119.6,MISC,125.9,MISC,342142S,1360542E,,Tumby Bay Airport,South Australia,,small_airport
airports,YTBG,Australia,,119.8,CTAF,120.6,MISC,125.8,MISC,353458S,1481731E,,Talbingo Airport,New South Wales,,small_airport
airports,YTBR,Australia,16,122.6,CTAF,132.9,MISC,,,153711S,1302642E,,Timber Creek Airport,Northern Territory,,small_airport
airports,YTCF,Australia,,121.85,CTAF,112.3,MISC,120.6,MISC,221900S,1220401E,,Tracies Field,Western Australia,,small_airport
airports,YTCK,Australia,,119.8,CTAF,120,MISC,,,204659S,1450000E,,Torrens Creek Airport,Queensland,,small_airport
airports,YTCY,Australia,,120.7,CTAF,120.6,MISC,122.1,MISC,264525S,1332130E,,Tarcoonyinna Airport,South Australia,,small_airport
airports,YTDL,Australia,43,125.9,CTAF,126.5,MISC,,,390153S,1461942E,,Tidal River Heliport,Victoria,,heliport
airports,YTDM,Australia,,121.85,CTAF,112.3,MISC,120.6,MISC,270727S,1344612E,,Todmorden Airport,South Australia,,small_airport
airports,YTDN,Australia,3,124.2,CTAF,125.9,MISC,,,381257S,1452523E,,Tooradin Airport,Victoria,,small_airport
airports,YTDR,Australia,171,122.3,CTAF,118.8,MISC,125.3,MISC,245912S,1500535E,,Theodore Airport,Queensland,,small_airport
airports,YTEC,Australia,,119.5,CTAF,112.9,MISC,120.6,MISC,302012S,1393953E,,Tenneco Station Three Airport,South Australia,,small_airport
airports,YTEE,Australia,891,126.7,CTAF,123.95,FSS,,,215005S,1405316E,,Trepell Airport,Queensland,,small_airport
airports,YTEF,Australia,970,126.7,CTAF,123.4,FSS,126.7,UNIC,214253S,1221344E,,Telfer Airport,Western Australia,,medium_airport
airports,YTEK,Australia,20,,,,,,,272558S,1530654E,,Sikorsky Helitech Heliport,Queensland,,heliport
airports,YTEM,Australia,921,126.15,CTAF,126,FSS,,,342517S,1473043E,,Temora Airport,New South Wales,,medium_airport
airports,YTEN,Australia,,123.9,CTAF,112.9,MISC,120.6,MISC,315830S,1391225E,,Tenneco Station Five Airport,South Australia,,small_airport
airports,YTFA,Australia,,,,,,,,342346S,1392247E,,Truro Flat Airpark,South Australia,,small_airport
airports,YTFD,Australia,2617,126.8,CTAF,119.6,MISC,126,MISC,285929S,1515548E,,Tenterfield Airport,New South Wales,,small_airport
airports,YTGA,Australia,,119.4,CTAF,116,MISC,127.1,MISC,270815S,1532150E,,Tangalooma Airport,Queensland,,small_airport
airports,YTGG,Australia,,122.4,CTAF,120.6,MISC,125.8,MISC,372101S,1454159E,,Taggerty Airport,Victoria,,small_airport
airports,YTGI,Australia,,123.9,CTAF,114.1,MISC,123.4,MISC,315835S,1480014E,,Trangie Airport,New South Wales,,small_airport
airports,YTGM,Australia,433,126.7,CTAF,118.8,FSS,,,275910S,1434843E,,Thargomindah Airport,Queensland,,medium_airport
airports,YTGT,Australia,,132.1,CTAF,112.9,MISC,120.6,MISC,203253S,1302049E,,The Granites Airport,Northern Territory,,small_airport
airports,YTGV,Australia,,,,,,,,344109S,1480614E,,The Grove Airport,New South Wales,,small_airport
airports,YTHD,Australia,700,126.7,CTAF,132.9,MISC,,,144726S,1262952E,,Theda Station Airport,Western Australia,,small_airport
airports,YTHI,Australia,120,122.4,CTAF,132.9,MISC,,,350128S,1361047E,,Thistle Island Airport,South Australia,,small_airport
airports,YTHN,Australia,1706,,,,,,,280911S,1205623E,,Thunderbox Airport,Western Australia,,small_airport
airports,YTHR,Australia,,122.4,CTAF,132.9,MISC,,,250817S,1190618E,,Three Rivers Homestead Airport,Western Australia,,small_airport
airports,YTHS,Australia,900,,,,,,,293140S,1155128E,,Three Springs Airport,Western Australia,,small_airport
airports,YTHV,Australia,,,,,,,,212733S,1150051E,,Thevenard Island Airport,Western Australia,,small_airport
airports,YTHY,Australia,165,118.8,CTAF,118.8,MISC,125.3,MISC,260534S,1432704E,,Thylungra Airport,Queensland,,small_airport
airports,YTIB,Australia,584,126.7,CTAF,126.5,FSS,,,292703S,1420328E,,Tibooburra Airport,New South Wales,,medium_airport
airports,YTII,Australia,,118.8,CTAF,114.1,MISC,123.4,MISC,253600S,1435501E,,Trinidad Airport,Queensland,,small_airport
airports,YTIN,Australia,,,,,,,,355213S,1400422E,,Tintinara Airport,South Australia,,small_airport
airports,YTIT,Australia,,119.8,CTAF,132.9,MISC,,,220754S,1332511E,,Ti Tree Airport,Northern Territory,,small_airport
airports,YTJI,Australia,,130.9,CTAF,112.3,MISC,120.6,MISC,260022S,1252744E,,Tjirrkarli Airport,Western Australia,,small_airport
airports,YTJU,Australia,740,121.85,CTAF,112.3,MISC,120.6,MISC,292041S,1270626E,,Tjuntjuntjarra Airport,Western Australia,,small_airport
airports,YTKS,Australia,128,120,CTAF,125.9,MISC,,,210230S,1414713E,,Toorak Research Station Airport,Queensland,,small_airport
airports,YTKY,Australia,,125.7,CTAF,119.6,MISC,125.9,MISC,170226S,1281221E,,Turkey Creek Airport,Western Australia,,small_airport
airports,YTLG,Australia,3031,124.1,CTAF,116,MISC,127.1,MISC,341721S,1494655E,,Taralga Grathawa Airport,New South Wales,,small_airport
airports,YTLL,Australia,,123.9,CTAF,114.1,MISC,123.4,MISC,323638S,1473553E,,Tullamore Airport,New South Wales,,small_airport
airports,YTLP,Australia,,,,,,,,305531S,1442509E,,Tilpa Airport,New South Wales,,small_airport
airports,YTLT,Australia,,122.4,CTAF,120.6,MISC,122.1,MISC,223759S,1364800E,,Tarlton Downs Airport,Northern Territory,,small_airport
airports,YTMB,Australia,457,124.8,CTAF,120.6,MISC,125.8,MISC,245019S,1461736E,,Tambo Airport,Queensland,,small_airport
airports,YTML,Australia,3,,,,,,,263842S,1134431E,,Tamala Airport,Western Australia,,small_airport
airports,YTMN,Australia,427,132.1,CTAF,120.6,MISC,122.1,MISC,195500S,1294330E,,Tanami Airport,Northern Territory,,small_airport
airports,YTMO,Australia,949,127.3,CTAF,122.4,FSS,,,214839S,1395526E,,The Monument Airport,Queensland,,small_airport
airports,YTMP,Australia,2300,,,,,,,224445S,1175208E,,Tom Price Airport,Western Australia,,small_airport
airports,YTMS,Australia,,120.5,CTAF,120.6,MISC,125.8,MISC,311850S,1495021E,,Tambar Springs Airport,New South Wales,,small_airport
airports,YTMU,Australia,878,126.7,CTAF,119.5,FSS,,,351605S,1481425E,,Tumut Aerodrome,New South Wales,,medium_airport
airports,YTMY,Australia,,121.85,CTAF,112.3,MISC,120.6,MISC,221520S,1375710E,,Tobermorey Airport,Northern Territory,,small_airport
airports,YTNB,Australia,344,,,,,,,255052S,1415540E,,Tanbar Airport,Queensland,,small_airport
airports,YTNE,Australia,,119.5,CTAF,112.9,MISC,120.6,MISC,284407S,1400223E,,Tenneco Station One Airport,South Australia,,small_airport
airports,YTNG,Australia,644,126.7,CTAF,119.55,FSS,,,242941S,1503440E,,Thangool Airport,Queensland,,medium_airport
airports,YTNK,Australia,1236,126.7,CTAF,122.1,FSS,,,193803S,1341058E,,Tennant Creek Airport,Northern Territory,,medium_airport
airports,YTNN,Australia,,122.6,CTAF,112.9,MISC,120.6,MISC,311059S,1392258E,,Tenneco Station Four Airport,South Australia,,small_airport
airports,YTNR,Australia,,118.1,CTAF,120.6,MISC,122.1,MISC,162700S,1343859E,,Tanumbirini Airport,Northern Territory,,small_airport
airports,YTNS,Australia,,124.8,CTAF,118.6,MISC,122.2,MISC,251917S,1460407E,,Toliness Airport,Queensland,,small_airport
airports,YTOA,Australia,,121.85,CTAF,112.3,MISC,120.6,MISC,282429S,1404835E,,Toolachie Airport,South Australia,,small_airport
airports,YTOB,Australia,,119.8,CTAF,118.6,MISC,122.2,MISC,195559S,1453458E,,Toomba Airport,Queensland,,small_airport
airports,YTOC,Australia,372,125.5,CTAF,118.6,FSS,,,354842S,1453628E,,Tocumwal Airport,New South Wales,,small_airport
airports,YTOG,Australia,,122.9,CTAF,118.6,MISC,122.2,MISC,300458S,1493212E,,Togo Station Airport,New South Wales,,small_airport
airports,YTOK,Australia,,122.3,CTAF,120,MISC,,,250700S,1471001E,,Torres Park Homestead Airport,Queensland,,small_airport
airports,YTOS,Australia,,119.5,CTAF,112.9,MISC,120.6,MISC,293357S,1395628E,,Tenneco Station Two Airport,South Australia,,small_airport
airports,YTOT,Australia,238,123.9,CTAF,120,MISC,,,321522S,1472209E,,Tottenham Airport,New South Wales,,small_airport
airports,YTPA,Australia,,,,,,,,134337S,1310158E,,Tipperary Airfield,Northern Territory,,small_airport
airports,YTPE,Australia,1696,,,,,,,242256S,1322522E,,Tempe Downs Airport,Northern Territory,,small_airport
airports,YTPK,Australia,120,,,,,,,211230S,1485841E,,Turtle Park Airstrip,Queensland,,small_airport
airports,YTQY,Australia,9,119,CTAF,120,MISC,,,381759S,1442154E,,Torquay Airport,Victoria,,small_airport
airports,YTRA,Australia,1104,,,,,,,291109S,1243301E,,Tropicana Airport,Western Australia,,small_airport
airports,YTRB,Australia,,126.8,CTAF,120,MISC,,,360400S,1443158E,,Torrumbarry Airport,Victoria,,small_airport
airports,YTRC,Australia,,122.1,CTAF,116,MISC,127.1,MISC,240420S,1432333E,,Tarcombe Airport,Queensland,,small_airport
airports,YTRE,Australia,38,118.1,CTAF,120.55,FSS,,,315318S,1523050E,,Taree Airport,New South Wales,,medium_airport
airports,YTRK,Australia,,125.7,CTAF,119.6,MISC,125.9,MISC,233700S,1183701E,,Turee Creek Airport,Western Australia,,small_airport
airports,YTSI,Australia,770,,,,,,,431422S,1480014E,,Tasman Island Heliport,Tasmania,,heliport
airports,YTST,Australia,181,128,CTAF,120.75,FSS,,,140522S,1262251E,,Truscott-Mungalalu Airport,Western Australia,,small_airport
airports,YTTE,Australia,,122.1,CTAF,118.8,MISC,125.3,MISC,135903S,1413918E,,Ti Tree Airport,Queensland,,small_airport
airports,YTTI,Australia,8,128,CTAF,132.9,MISC,,,134506S,1260852E,,Troughton Is Airport,Western Australia,,small_airport
airports,YTUA,Australia,,125.55,CTAF,114.1,MISC,123.4,MISC,423049S,1475352E,,Triabunna Airport,Tasmania,,small_airport
airports,YTUC,Australia,,122.6,CTAF,132.9,MISC,,,272830S,1180730E,,Tuckabiana Airport,Western Australia,,small_airport
airports,YTUG,Australia,,,,,,,,242800S,1491601E,,Trugananni Airport,Queensland,,small_airport
airports,YTUN,Australia,745,126.7,CTAF,119.5,MISC,,,420639S,1472144E,,Tunbridge Airport,Tasmania,,small_airport
airports,YTUY,Australia,,124.6,CTAF,114.1,MISC,123.4,MISC,175604S,1455617E,,Tully Airport,Queensland,,small_airport
airports,YTVA,Australia,,119.8,CTAF,120.6,MISC,125.8,MISC,191237S,1433949E,,Talavera Airport,Queensland,,small_airport
airports,YTWB,Australia,2086,127.65,CTAF,121.2,FSS,,,273236S,1515508E,,Toowoomba Airport,Queensland,,small_airport
airports,YTWE,Australia,,122.3,CTAF,114.1,MISC,123.4,MISC,225100S,1464301E,,Trelawney Airport,Queensland,,small_airport
airports,YTWH,Australia,10,,,,,,,281039S,1533247E,,The Tweed Hospital Helipad,New South Wales,,heliport
airports,YTWN,Australia,1365,127.1,CTAF,125.9,MISC,,,312635S,1485352E,,Tooraweenah Airport,New South Wales,,small_airport
airports,YTYA,Australia,88,128,CTAF,,,,,381600S,1451045E,,Tyabb Airport,Victoria,,small_airport
airports,YTYH,Australia,,126.7,CTAF,119.5,MISC,,,283540S,1533303E,,Tyagarah Airport,New South Wales,,small_airport
airports,YTYN,Australia,,120.7,CTAF,132.9,MISC,,,261300S,1335501E,,Tieyon Airport,South Australia,,small_airport
airports,YUCH,Australia,,125.7,CTAF,119.6,MISC,125.9,MISC,174020S,1341427E,,Ucharonidge Airport,Northern Territory,,small_airport
airports,YUDA,Australia,2451,,,,,,,181128S,1443644E,,Undara Airport,Queensland,,small_airport
airports,YUDG,Australia,,122.4,CTAF,119.5,MISC,,,213524S,1382128E,,Urandangi Airport,Queensland,,small_airport
airports,YUDL,Australia,,122.4,CTAF,119.5,MISC,,,193730S,1383758E,,Undilla Airport,Queensland,,small_airport
airports,YUMB,Australia,,125.7,CTAF,119.6,MISC,125.9,MISC,254448S,1334207E,,Umbeara Airport,Northern Territory,,small_airport
airports,YUMU,Australia,,125.7,CTAF,119.6,MISC,125.9,MISC,262912S,1320223E,,Umuwa Airport,South Australia,,small_airport
airports,YUNY,Australia,90,125.4,CTAF,119.6,MISC,122.4,MISC,243100S,1393701E,,Cluny Airport,Queensland,,small_airport
airports,YUPG,Australia,,122.6,CTAF,119.6,MISC,125.9,MISC,144218S,1343344E,,Urapunga Airport,Northern Territory,,small_airport
airports,YUPH,Australia,1253,127.1,CTAF,119.5,MISC,,,300623S,1502415E,,Upper Horton Wyl Airport,New South Wales,,small_airport
airports,YUSL,Australia,62,,,,,,,260928S,1132341E,,Useless Loop Airport,Western Australia,,small_airport
airports,YUTA,Australia,100,,,,,,,381748S,1474033E,,Barracouta Platform Helipad,Victoria,,heliport
airports,YUTP,Australia,,119.8,CTAF,119.6,MISC,125.9,MISC,220318S,1344723E,,Utopia Airport,Northern Territory,,small_airport
airports,YUTS,Australia,,119.8,CTAF,119.6,MISC,125.9,MISC,221359S,1343448E,,Utopia Station Airport,Northern Territory,,small_airport
airports,YVAF,Australia,,126.5,CTAF,119.5,MISC,,,414831S,1471747E,,Valley Field Airport,Tasmania,,small_airport
airports,YVAL,Australia,705,,,,,,,412547S,1461547E,,The Vale Airport,Tasmania,,small_airport
airports,YVIV,Australia,,125.7,CTAF,124.8,MISC,,,303448S,1354331E,,Mount Vivian Airport,South Australia,,small_airport
airports,YVLG,Australia,,119.8,CTAF,119.5,MISC,,,184000S,1450600E,,Valley of Lagoons Airport,Queensland,,small_airport
airports,YVNS,Australia,,132.1,CTAF,119.6,MISC,125.9,MISC,221959S,1305201E,,Vaughan Springs Airport,Northern Territory,,small_airport
airports,YVRD,Australia,89,126.7,CTAF,118.1,MISC,,,162407S,1310017E,,Victoria River Downs Airport,Northern Territory,,small_airport
airports,YVRS,Australia,43,126.7,CTAF,118.6,MISC,,,165747S,1415659E,,Vanrook Station Airport,Queensland,,small_airport
airports,YVSH,Australia,,118.15,CTAF,119.6,MISC,125.9,MISC,110834S,1315854E,,Vashon Head Airport,Northern Territory,,small_airport
airports,YVVA,Australia,,125.8,CTAF,118.6,MISC,,,373000S,1421612E,,Victoria Valley Airport,Victoria,,small_airport
airports,YVVL,Australia,,118.2,CTAF,118.6,MISC,,,144401S,1433521E,,Violet Vale Airport,Queensland,,small_airport
airports,YWAB,Australia,,126.7,CTAF,119.6,MISC,124.3,MISC,244500S,1172201E,,Waldburg Homestead Airport,Western Australia,,small_airport
airports,YWAC,Australia,1186,122.4,CTAF,119.6,MISC,124.3,MISC,203826S,1341254E,,Wauchope Airport,Northern Territory,,small_airport
airports,YWAG,Australia,,120,CTAF,135.7,MISC,,,294243S,1441015E,,Wanaaring Airport,New South Wales,,small_airport
airports,YWAL,Australia,33,118.6,CTAF,119.6,MISC,124.3,MISC,194624S,1203856E,,Wallal Downs Airport,Western Australia,,small_airport
airports,YWAT,Australia,,122.1,CTAF,121.2,MISC,,,123814S,1430229E,,Wattle Hills Airport,Queensland,,small_airport
airports,YWAV,Australia,201,134.2,CTAF,119.6,MISC,124.3,MISC,172335S,1310704E,,Wave Hill Airport,Northern Territory,,small_airport
airports,YWAX,Australia,,,,,,,,251751S,1273323E,,Wanarn Airport,Western Australia,,small_airport
airports,YWBH,Australia,,124.8,CTAF,117.6,MISC,122.4,MISC,313435S,1505602E,,Wallabadah Airport,New South Wales,,small_airport
airports,YWBI,Australia,383,122.1,CTAF,119.6,MISC,124.3,MISC,210000S,1342349E,,Warrabri Airport,Northern Territory,,small_airport
airports,YWBL,Australia,242,126,CTAF,125.8,FSS,,,381743S,1422649E,,Warrnambool Airport,Victoria,,small_airport
airports,YWBN,Australia,850,124.55,CTAF,125,MISC,,,341052S,1504831E,,Wedderburn Aerodrome,New South Wales,,small_airport
airports,YWBR,Australia,1500,127.1,CTAF,130.9,FSS,,,260731S,1263459E,,Warburton Airport,Western Australia,,small_airport
airports,YWBS,Australia,3,120.3,CTAF,125.7,MISC,,,101229S,1424929E,,Warraber Island Airport,Queensland,,small_airport
airports,YWCA,Australia,250,126.7,CTAF,124.9,FSS,,,313119S,1432242E,,Wilcannia Airport,New South Wales,,small_airport
airports,YWCH,Australia,,125.75,CTAF,115,MISC,119.5,MISC,310034S,1513250E,,Walcha Airport,New South Wales,,small_airport
airports,YWCK,Australia,1500,127.85,CTAF,121.2,FSS,,,280857S,1515634E,,Warwick Airport,Queensland,,small_airport
airports,YWCM,Australia,,123.9,CTAF,120.6,MISC,120.7,MISC,200605S,1290733E,,Wilson's Camp Airport,Northern Territory,,small_airport
airports,YWDA,Australia,,126.7,CTAF,122.6,MISC,,,282850S,1221439E,,Windarra Airport,Western Australia,,small_airport
airports,YWDG,Australia,1502,,,,,,,300156S,1192311E,,Windarling Airport,Western Australia,,small_airport
airports,YWDH,Australia,452,126.7,CTAF,118.8,FSS,,,252438S,1424006E,,Windorah Airport,Queensland,,medium_airport
airports,YWDJ,Australia,,122.1,CTAF,122.6,MISC,,,172516S,1245530E,,Windjana Grove Airport,Western Australia,,small_airport
airports,YWDL,Australia,58,126.7,CTAF,122.3,MISC,124.6,MISC,183430S,1405331E,,Wondoola Airport,Queensland,,small_airport
airports,YWDS,Australia,1226,,,,,,,345730S,1385326E,,Woodside Airstrip,South Australia,,small_airport
airports,YWDT,Australia,,119.8,CTAF,120.15,MISC,,,184513S,1445026E,,Wyandotte Airport,Queensland,,small_airport
airports,YWDV,Australia,1918,,,,,,,194012S,1445306E,,Mount Full Stop Airport,Queensland,,small_airport
airports,YWEC,Australia,,126.7,CTAF,112.8,MISC,119.6,MISC,255100S,1450600E,,Wellclose Airport,Queensland,,small_airport
airports,YWEE,Australia,,123.4,CTAF,122.6,MISC,,,270454S,1160900E,,Wooleen Homestead Airport,Western Australia,,small_airport
airports,YWEL,Australia,426,123.9,CTAF,112.8,MISC,119.6,MISC,322745S,1485927E,,Wellington Airport,New South Wales,,small_airport
airports,YWEO,Australia,,122.6,CTAF,119.6,MISC,124.3,MISC,303859S,1392100E,,Wertaloona Airport,South Australia,,small_airport
airports,YWER,Australia,,125.7,CTAF,112.8,MISC,119.6,MISC,180726S,1395722E,,Wernadinga Airport,Queensland,,small_airport
airports,YWEX,Australia,,124.8,CTAF,119.6,MISC,124.3,MISC,222200S,1244601E,,Well 33 Airport,Western Australia,,small_airport
airports,YWFD,Australia,,122.6,CTAF,119.6,MISC,124.3,MISC,191659S,1252501E,,Western Field Airport,Western Australia,,small_airport
airports,YWGA,Australia,673,,,,,,,210211S,1183834E,,Port Hedland/Wodgina Airport,Western Australia,,small_airport
airports,YWGI,Australia,5,,,,,,,350901S,1362740E,,Wedge Island Airstrip,South Australia,,small_airport
airports,YWGM,Australia,1000,126.7,CTAF,,,,,315150S,1165609E,,White Gum Air Park,Western Australia,,small_airport
airports,YWGN,Australia,,,,,,,,331959S,1172201E,,Wagin Airport,Western Australia,,small_airport
airports,YWGT,Australia,504,119.1,CTAF,125.2,FSS,,,362504S,1461824E,,Wangaratta Airport,Victoria,,medium_airport
airports,YWGW,Australia,,118.4,CTAF,122.6,MISC,,,260706S,1215734E,,Wongawol Airport,Western Australia,,small_airport
airports,YWHA,Australia,41,126.9,CTAF,123.9,FSS,,,330332S,1373050E,,Whyalla Airport,South Australia,,medium_airport
airports,YWHC,Australia,162,126.7,CTAF,120.5,MISC,124.9,MISC,305111S,1430419E,,White Cliffs Airport,New South Wales,,small_airport
airports,YWHI,Australia,489,135.5,CTAF,120.5,MISC,124.9,MISC,300222S,1380331E,,Witchelina Airport,South Australia,,small_airport
airports,YWHL,Australia,740,134.4,CTAF,119.6,MISC,124.3,MISC,174641S,1353929E,,Walhallow Airport,Northern Territory,,small_airport
airports,YWHP,Australia,16,,,,,,,342621S,1505345E,,Wollongong City Heliport,New South Wales,,heliport
airports,YWIB,Australia,892,125.7,CTAF,124.8,MISC,,,275729S,1340858E,,Mount Willoughby Airport,South Australia,,small_airport
airports,YWIE,Australia,,128.55,CTAF,119.6,MISC,122.1,MISC,210735S,1471622E,,Wirralie Gold Mine Airport,Queensland,,small_airport
airports,YWIL,Australia,,135.5,CTAF,120.5,MISC,124.9,MISC,311712S,1423903E,,Wilandra Airport,New South Wales,,small_airport
airports,YWIO,Australia,,124.55,CTAF,125.7,MISC,,,341311S,1504014E,,Wilton Airport,New South Wales,,small_airport
airports,YWIS,Australia,89,126.7,CTAF,119.55,FSS,,,222827S,1501045E,,Williamson Airport,Queensland,,small_airport
airports,YWIT,Australia,444,,,,,,,221329S,1182113E,,Wittenoom Airport,Western Australia,,small_airport
airports,YWJS,Australia,1211,,,,,,,350748S,1484124E,,Wee Jasper Airport,New South Wales,,small_airport
airports,YWKB,Australia,397,126.7,CTAF,125.8,FSS,,,361915S,1422508E,,Warracknabeal Airport,Victoria,,medium_airport
airports,YWKD,Australia,100,,,,,,,135159S,1295916E,,Woodycupaldiya Airfield,Northern Territory,,small_airport
airports,YWKI,Australia,138,126.7,CTAF,124.3,FSS,,,341046S,1400158E,,Waikerie Airport,South Australia,,small_airport
airports,YWKM,Australia,,120,CTAF,123.4,MISC,125.1,MISC,311209S,1172243E,,Wyalkatchem Airport,Western Australia,,small_airport
airports,YWKW,Australia,,124.8,CTAF,119.2,MISC,125.2,MISC,323253S,1510127E,,Warkworth Airport,New South Wales,,small_airport
airports,YWLA,Australia,,120.5,CTAF,120.6,MISC,120.7,MISC,211636S,1323722E,,Willowra Airport,Northern Territory,,small_airport
airports,YWLB,Australia,,134.2,CTAF,119.6,MISC,124.3,MISC,272031S,1340511E,,Welbourn Hill Airport,South Australia,,small_airport
airports,YWLG,Australia,439,126.7,CTAF,127.1,FSS,,,300158S,1480733E,,Walgett Airport,New South Wales,,medium_airport
airports,YWLH,Australia,,118.6,CTAF,119.6,MISC,124.3,MISC,243859S,1321901E,,Wallara Ranch Airport,Northern Territory,,small_airport
airports,YWLM,Australia,31,31.61,ATIS,118.3,CTAF,135.7,APP,324741S,1515002E,,Newcastle Airport,New South Wales,,medium_airport
airports,YWLN,Australia,,119.5,CTAF,122.6,MISC,,,302518S,1392609E,,Wooltana Airport,South Australia,,small_airport
airports,YWLP,Australia,89,118.3,CTAF,125.7,MISC,,,385659S,1461701E,,Wilsons Promontory Airport (Yanakie Airport),Victoria,,small_airport
airports,YWLU,Australia,1649,127.2,CTAF,118.95,FSS,,,263745S,1201315E,,Wiluna Airport,Western Australia,,medium_airport
airports,YWMA,Australia,610,126.7,CTAF,122.3,MISC,124.6,MISC,303903S,1422031E,,Wonnaminta Stat Airport,New South Wales,,small_airport
airports,YWMC,Australia,253,127.8,CTAF,120.7,Melbourne Centre,,,285421S,1362026E,,William Creek Aerodrome,South Australia,,medium_airport
airports,YWMG,Australia,,124.8,CTAF,125,MISC,,,291408S,1465519E,,Weilmoringle Airport,New South Wales,,small_airport
airports,YWML,Australia,,126.7,CTAF,122.3,MISC,126,MISC,171915S,1381417E,,Westmoreland Airport,Queensland,,small_airport
airports,YWMM,Australia,1036,128.55,CTAF,119.6,MISC,122.1,MISC,302928S,1520501E,,Wollomombi Airport,New South Wales,,small_airport
airports,YWMO,Australia,1600,,,,,,,260310S,1274127E,,West Musgrave Airport,Western Australia,,small_airport
airports,YWMP,Australia,152,126.7,CTAF,120.15,MISC,,,163932S,1435957E,,Wrotham Park Airport,Queensland,,small_airport
airports,YWMY,Australia,,126.7,CTAF,120.6,MISC,120.7,MISC,235124S,1150833E,,Williambury Airport,Western Australia,,small_airport
airports,YWNA,Australia,,122,CTAF,122.2,MISC,123.9,MISC,304600S,1344347E,,Wilgena Airport,South Australia,,small_airport
airports,YWND,Australia,320,126.7,CTAF,122.3,MISC,124.6,MISC,261638S,1515142E,,Wondai Airport,Queensland,,small_airport
airports,YWNI,Australia,,122.1,CTAF,121.2,MISC,,,134215S,1413314E,,Wathanin Airport,Queensland,,small_airport
airports,YWNL,Australia,2218,,,,,,,260400S,1285659E,,Wingellina Airport,Western Australia,,small_airport
airports,YWNO,Australia,,118.4,CTAF,122.6,MISC,,,270730S,1211958E,,Wonganoo Airport,Western Australia,,small_airport
airports,YWNS,Australia,544,122.1,CTAF,135.7,MISC,,,250151S,1434030E,,Wandsworth Airport,Queensland,,small_airport
airports,YWNT,Australia,120,,,,,,,334809S,1505924E,,Westmead NETS Base Hospital Heliport,New South Wales,,heliport
airports,YWOH,Australia,,120.6,CTAF,122.6,MISC,124.8,MISC,305248S,1164337E,,Wongan Hills Airport,Western Australia,,small_airport
airports,YWOM,Australia,,125.75,CTAF,122.3,MISC,124.6,MISC,311900S,1510758E,,Woolomin Airport,New South Wales,,small_airport
airports,YWON,Australia,,,,,,,,382818S,1453722E,,Wonthaggi Airport,Victoria,,small_airport
airports,YWOR,Australia,199,125.7,CTAF,122.6,MISC,,,171311S,1375604E,,Wollogorang Airport,Northern Territory,,small_airport
airports,YWOV,Australia,,125.8,CTAF,122.3,MISC,124.6,MISC,363759S,1441058E,,Woodvale Airport,Victoria,,small_airport
airports,YWOX,Australia,,118.324,CTAF,122,MISC,,,322337S,1235919E,,Woorlba Airport,Western Australia,,small_airport
airports,YWPA,Australia,,121.2,CTAF,122.6,MISC,,,310759S,1385801E,,Wirrealpa Airport,South Australia,,small_airport
airports,YWPE,Australia,,124.3,CTAF,,,,,345713S,1164143E,,Walpole Airport,Western Australia,,small_airport
airports,YWPL,Australia,,121.85,CTAF,122.6,MISC,,,230600S,1143158E,,Winning Pool North Airport,Western Australia,,small_airport
airports,YWRA,Australia,,122.4,CTAF,122.3,MISC,124.6,MISC,202854S,1381004E,,Wooroona Airport,Queensland,,small_airport
airports,YWRC,Australia,,,,,,,,322536S,1185428E,,Wave Rock Airport,Western Australia,,small_airport
airports,YWRE,Australia,,122.338,CTAF,119.6,MISC,122.1,MISC,221612S,1460300E,,Wirralie Airport,Queensland,,small_airport
airports,YWRL,Australia,1140,127.1,CTAF,119.2,MISC,125.2,MISC,293210S,1503209E,,Warialda Airport,New South Wales,,small_airport
airports,YWRN,Australia,669,126.7,CTAF,123.9,FSS,,,314359S,1474810E,,Warren Airport,New South Wales,,medium_airport
airports,YWRO,Australia,,,,,,,,335537S,1373815E,,Wallaroo Hospital Helipad,South Australia,,heliport
airports,YWRR,Australia,20,,,,,,,232645S,1135054E,,Warroora Homestead Airport,Western Australia,,small_airport
airports,YWRT,Australia,,119.1,CTAF,119.2,MISC,125.2,MISC,412700S,1453300E,,Waratah Airport,Tasmania,,small_airport
airports,YWRV,Australia,,122.2,CTAF,119.6,MISC,124.3,MISC,133535S,1354518E,,Walker River Airport,Northern Territory,,small_airport
airports,YWSD,Australia,,122.6,CTAF,122.3,MISC,126,MISC,304240S,1412351E,,Westward Downs Airport,New South Wales,,small_airport
airports,YWSG,Australia,61,127.3,CTAF,125,MISC,,,270553S,1522736E,,Watts Bridge Airport,Queensland,,small_airport
airports,YWSI,Australia,,120.7,CTAF,122.6,MISC,,,293400S,1343101E,,Wirrida Siding Airport,South Australia,,small_airport
airports,YWSL,Australia,72,118.3,CTAF,123.3,APP,133.6,CLD,380526S,1465755E,,West Sale Airport,Victoria,,medium_airport
airports,YWST,Australia,30,,,,,,,334817S,1505918E,,Westmead Hospital Helipad,New South Wales,,heliport
airports,YWSX,Australia,,124.3,CTAF,,,,,311908S,1184105E,,Westonia Airport,Western Australia,,small_airport
airports,YWTB,Australia,140,,,,,,,335006S,1511650E,,Watsons Bay Helipad,New South Wales,,heliport
airports,YWTL,Australia,132,122.4,CTAF,119.6,MISC,124.3,MISC,163747S,1291912E,,Waterloo Airport,Northern Territory,,small_airport
airports,YWTN,Australia,638,126.7,CTAF,122.1,FSS,,,222148S,1430509E,,Winton Airport,Queensland,,medium_airport
airports,YWTO,Australia,37,123.9,CTAF,112.8,MISC,119.6,MISC,340510S,1415328E,,Wentworth Airport,New South Wales,,small_airport
airports,YWTV,Australia,,122.1,CTAF,121.2,MISC,,,131343S,1421407E,,Watson River Airport,Queensland,,small_airport
airports,YWUD,Australia,310,126.7,CTAF,125.9,FSS,,,330235S,1352649E,,Wudinna Airport,South Australia,,small_airport
airports,YWVA,Australia,25,132.1,CTAF,125.7,MISC,,,331425S,1512546E,,Warnervale Airport,New South Wales,,small_airport
airports,YWVL,Australia,3707,,,,,,,302457S,1514518E,,Woodville Airport,New South Wales,,small_airport
airports,YWVR,Australia,1826,,,,,,,331512S,1501116E,,Wolgan Valley Heliport,New South Wales,,heliport
airports,YWWA,Australia,190,127.1,CTAF,125,MISC,,,301529S,1492428E,,Wee Waa Airport,New South Wales,,small_airport
airports,YWWG,Australia,,124.3,CTAF,,,,,205039S,1204207E,,Warrawagine Airport,Western Australia,,small_airport
airports,YWWH,Australia,862,128.55,CTAF,112.8,MISC,119.6,MISC,220350S,1474316E,,Wentford Homestead,Queensland,,small_airport
airports,YWWI,Australia,,123.4,CTAF,122.6,MISC,,,213843S,1211128E,,Woodie Woodie Airport,Western Australia,,small_airport
airports,YWWL,Australia,859,126.7,CTAF,126,FSS,,,335613S,1471127E,,West Wyalong Airport,New South Wales,,medium_airport
airports,YWYA,Australia,244,126.7,CTAF,124.8,MISC,125.1,MISC,271600S,1455924E,,Wyandra Airport,Queensland,,small_airport
airports,YWYB,Australia,,122.1,CTAF,125.1,MISC,125.9,MISC,303329S,1333202E,,Wynbring Airport,South Australia,,small_airport
airports,YWYF,Australia,107,125.8,CTAF,124.8,MISC,125.1,MISC,360329S,1431434E,,Wycheproof Airport,Victoria,,small_airport
airports,YWYM,Australia,14,127.4,CTAF,122.4,FSS,,,153041S,1280910E,,Wyndham Airport,Western Australia,,small_airport
airports,YWYY,Australia,62,126.9,CTAF,133.35,AWIS,122.6,FSS,405949S,1454333E,,Wynyard Airport,Tasmania,,medium_airport
airports,YXAB,Australia,1740,,,,,,,311630S,1491703E,,Coonabarabran Hospital Helipad,New South Wales,,heliport
airports,YXAH,Australia,3246,,,,,,,303040S,1513918E,,Armidale - Lambert Park HLS,New South Wales,,heliport
airports,YXAL,Australia,588,,,,,,,360445S,1465618E,,Albury Base Hospital Helipad,New South Wales,,heliport
airports,YXAO,Australia,1069,,,,,,,333324S,1484030E,,Canowindra Hospital Helipad,New South Wales,,heliport
airports,YXAT,Australia,2575,,,,,,,171557S,1452901E,,Atherton District Memorial Hospital Heliport,Queensland,,heliport
airports,YXAU,Australia,36,,,,,,,335129S,1510226E,,Auburn Medical (Wyatt Park) Helicopter Landing Site,New South Wales,,heliport
airports,YXAY,Australia,2887,,,,,,,333205S,1491457E,,Blayney Medical Helicopter Landing Site,New South Wales,,heliport
airports,YXBA,Australia,17,,,,,,,285209S,1533416E,,Ballina - Kingsford Smith Park Helipad,New South Wales,,heliport
airports,YXBD,Australia,60,,,,,,,245210S,1522006E,,Bundaberg Base Hospital Helipad,Queensland,,heliport
airports,YXBH,Australia,2240,,,,,,,332421S,1493418E,,Bathurst Hospital Helipad,New South Wales,,heliport
airports,YXBI,Australia,391,,,,,,,253024S,1520302E,,Biggenden Hospital Helipad,Queensland,,heliport
airports,YXBS,Australia,265,,,,,,,275908S,1530008E,,Beaudesert Hospital Helipad,Queensland,,heliport
airports,YXBT,Australia,1516,,,,,,,373332S,1435044E,,Ballarat Health Service Helipad,Victoria,,small_airport
airports,YXBU,Australia,29,,,,,,,270420S,1532202E,,Bulwer Heliport,Queensland,,heliport
airports,YXBV,Australia,68,,,,,,,364116S,1495130E,,Bega Hospital Heliport,New South Wales,,heliport
airports,YXBW,Australia,84,,,,,,,200023S,1481423E,,Bowen Hospital Helipad,Queensland,,heliport
airports,YXBY,Australia,26,,,,,,,431900S,1471442E,,Alonnah Medical HLS,Tasmania,,heliport
airports,YXCA,Australia,312,,,,,,,280106S,1530935E,,Carnungra-Moriarity Park HLS,Queensland,,heliport
airports,YXCB,Australia,1953,,,,,,,352037S,1490559E,,Canberra Hospital Helipad,Australian Capital Territory,,heliport
airports,YXCC,Australia,23,,,,,,,335019S,1510539E,,Concord Hospital Heliport,New South Wales,,heliport
airports,YXCF,Australia,2964,,,,,,,331813S,1490715E,,Orange - Careflight Base Heliport,New South Wales,,heliport
airports,YXCH,Australia,1006,,,,,,,261728S,1515726E,,Cherbourg Hospital Helipad,Queensland,,heliport
airports,YXCI,Australia,1007,,,,,,,264426S,1503803E,,Chinchilla Hospital Helipad,Queensland,,heliport
airports,YXCK,Australia,280,,,,,,,324936S,1512052E,,Cessnock Hospital Heliport,New South Wales,,heliport
airports,YXCM,Australia,2656,,,,,,,361431S,1490748E,,Cooma Hospital Helipad,New South Wales,,heliport
airports,YXCP,Australia,272,,,,,,,340440S,1504814E,,Campbelltown Hospital Heliport,New South Wales,,heliport
airports,YXCU,Australia,1185,,,,,,,280252S,1522644E,,Cunningham Gap Helipad,Queensland,,heliport
airports,YXCV,Australia,706,,,,,,,203248S,1475015E,,Collinsville Hospital Helipad,Queensland,,heliport
airports,YXCY,Australia,2031,,,,,,,351449S,1490533E,,Calvary - Bruce Oval Helipad,Australian Capital Territory,,heliport
airports,YXDA,Australia,1140,,,,,,,271001S,1511636E,,Dalby Hospital Helipad,Queensland,,heliport
airports,YXDB,Australia,935,,,,,,,321419S,1483713E,,Dubbo Hospital Heliport,New South Wales,,heliport
airports,YXDE,Australia,388,,,,,,,322312S,1504055E,,Denman Helicopter Landing Site,New South Wales,,heliport
airports,YXDG,Australia,2367,,,,,,,302031S,1524233E,,Dorrigo Helipad,New South Wales,,heliport
airports,YXDH,Australia,50,,,,,,,122110S,1305253E,,Royal Darwin Hospital Helipad,Northern Territory,,heliport
airports,YXDN,Australia,1260,,,,,,,320049S,1492323E,,Dunedoo Hospital - Robinson Oval HLS,New South Wales,,heliport
airports,YXDR,Australia,470,,,,,,,253517S,1511735E,,Munduberra Hospital Helipad,Queensland,,heliport
airports,YXDU,Australia,32,,,,,,,272949S,1532357E,,Dunwich Hospital Helipad,Queensland,,heliport
airports,YXDY,Australia,744,,,,,,,223458S,1482112E,,Dysart Hospital Helipad,Queensland,,heliport
airports,YXEE,Australia,694,,,,,,,292815S,1495025E,,Moree Hospital Helipad,New South Wales,,heliport
airports,YXEG,Australia,40,,,,,,,302713S,1525406E,,Bellingen Medical - Connell Park HLS,New South Wales,,heliport
airports,YXEI,Australia,647,,,,,,,252256S,1510730E,,Eidsvold Hospital Helipad,Queensland,,heliport
airports,YXEM,Australia,20,,,,,,,370322S,1495438E,,Eden Sports Ground HLS,New South Wales,,heliport
airports,YXES,Australia,395,,,,,,,271427S,1522504E,,Esk Hospital Helipad,Queensland,,heliport
airports,YXFH,Australia,220,,,,,,,320414S,1155048E,,Fiona Stanley Hospital Helipad,Western Australia,,heliport
airports,YXFO,Australia,760,,,,,,,332345S,1480049E,,Forbes Hospital Heliport,New South Wales,,heliport
airports,YXFS,Australia,18,,,,,,,321118S,1523047E,,Forster Hospital Helipad,New South Wales,,heliport
airports,YXFV,Australia,28,,,,,,,325513S,1514345E,,Newcastle Westpac Base Heliport,New South Wales,,heliport
airports,YXGA,Australia,333,,,,,,,273335S,1521655E,,Gatton Showgrounds Helicopter Landing Site,Queensland,,heliport
airports,YXGC,Australia,360,,,,,,,320053S,1515736E,,Gloucester Helicopter Landing Site,New South Wales,,heliport
airports,YXGE,Australia,3455,,,,,,,294348S,1514411E,,Glen Innes - Rugby Park Heliport,New South Wales,,heliport
airports,YXGH,Australia,2158,,,,,,,344452S,1494244E,,Goulburn Hospital Helipad,New South Wales,,heliport
airports,YXGI,Australia,459,,,,,,,253755S,1513617E,,Gayndah Hospital Helipad,Queensland,,heliport
airports,YXGL,Australia,1270,,,,,,,335422S,1480941E,,Grenfell - Lawson Oval HLS,New South Wales,,heliport
airports,YXGO,Australia,717,,,,,,,283252S,1501804E,,Goondiwindi Hospital Helipad,Queensland,,heliport
airports,YXGP,Australia,21,,,,,,,294024S,1525626E,,Grafton Hospital Helipad,New South Wales,,heliport
airports,YXGR,Australia,441,,,,,,,314214S,1483954E,,Gilgandra Multi Purpose Service Helipad,New South Wales,,heliport
airports,YXGS,Australia,110,,,,,,,332517S,1512023E,,Gosford Hospital Helipad,New South Wales,,heliport
airports,YXGT,Australia,1490,,,,,,,322129S,1493218E,,Billy Dunne Oval HLS,New South Wales,,heliport
airports,YXGU,Australia,914,,,,,,,305858S,1501508E,,Gunnedah Hospital Helipad,New South Wales,,heliport
airports,YXGW,Australia,720,,,,,,,350404S,1480607E,,Gundagai Medical Helicopter Landing Site,New South Wales,,heliport
airports,YXGY,Australia,176,,,,,,,261118S,1523909E,,Archery Park Helipad,Queensland,,heliport
airports,YXHA,Australia,48,,,,,,,333638S,1504917E,,Hawkesbury Hospital Helipad,New South Wales,,heliport
airports,YXHE,Australia,85,,,,,,,251759S,1524916E,,Hervey Bay Hospital Helipad,Queensland,,heliport
airports,YXHG,Australia,175,,,,,,,275734S,1532255E,,Gold Coast University Hospital Helipad,Queensland,,heliport
airports,YXHK,Australia,682,,,,,,,334211S,1510645E,,Hornsby Ku-ring-gai Hospital Helipad,New South Wales,,heliport
airports,YXHS,Australia,122,,,,,,,264450S,1530649E,,Sunshine Coast University Hospital Helipad,Queensland,,heliport
airports,YXIG,Australia,1020,,,,,,,295150S,1503446E,,Bingara Hospital Heliport,New South Wales,,heliport
airports,YXIS,Australia,36,,,,,,,173106S,1460147E,,Innisfail Hospital Heliport,Queensland,,heliport
airports,YXIW,Australia,932,,,,,,,282505S,1510340E,,Inglewood Hospital Helipad,Queensland,,heliport
airports,YXJD,Australia,3145,,,,,,,362504S,1483654E,,Jindabyne Medical Helicopter Landing Site,New South Wales,,heliport
airports,YXJH,Australia,310,,,,,,,325526S,1514136E,,John Hunter Hospital Helipad,New South Wales,,heliport
airports,YXJN,Australia,1180,,,,,,,264653S,1510617E,,Jandowae Hospital Heliport,Queensland,,heliport
airports,YXKM,Australia,3333,,,,,,,334218S,1501920E,,Blue Mountains Hospital Helipad,New South Wales,,heliport
airports,YXKO,Australia,237,,,,,,,283741S,1530006E,,Kyogle Hospital Helipad,New South Wales,,heliport
airports,YXKU,Australia,211,,,,,,,324932S,1512746E,,Kurri Hospital Helipad,New South Wales,,heliport
airports,YXLA,Australia,356,,,,,,,273757S,1522357E,,Laidley Hospital Helipad,Queensland,,heliport
airports,YXLE,Australia,451,,,,,,,343336S,1462418E,,Leeton Showground Heliport,New South Wales,,heliport
airports,YXLG,Australia,3105,,,,,,,332957S,1500743E,,Lithgow Hospital Helipad,New South Wales,,heliport
airports,YXLL,Australia,130,,,,,,,335513S,1505552E,,Liverpool Hospital Helipad Alpha,New South Wales,,heliport
airports,YXLT,Australia,42,,,,,,,270446S,1525746E,,Caboolture Hospital Helipad,Queensland,,heliport
airports,YXLU,Australia,55,,,,,,,412650S,1470831E,,Launceston General Hospital Heliport,Tasmania,,heliport
airports,YXMA,Australia,26,,,,,,,292713S,1531205E,,Maclean Hospital Helipad,New South Wales,,heliport
airports,YXMD,Australia,220,,,,,,,334558S,1504950E,,Mount Druitt Hospital Heliport,New South Wales,,heliport
airports,YXMG,Australia,1095,,,,,,,261418S,1515703E,,Murgon Hospital Helipad,Queensland,,heliport
airports,YXMH,Australia,1562,,,,,,,323609S,1493517E,,Mudgee Hospital Helipad,New South Wales,,heliport
airports,YXMK,Australia,9,,,,,,,304236S,1525516E,,Macksville Park Helicopter Landing Site,New South Wales,,heliport
airports,YXMM,Australia,112,,,,,,,345501S,1391830E,,Mannum Hospital Heliport,Northern Territory,,heliport
airports,YXMU,Australia,36,,,,,,,283333S,1532931E,,Mullumbimby Hospital Helipad,New South Wales,,heliport
airports,YXMV,Australia,47,,,,,,,334106S,1511829E,,Mona Vale Hospital Helipad,New South Wales,,heliport
airports,YXMW,Australia,895,,,,,,,320836S,1502139E,,Merriwa Hospital Helipad,New South Wales,,heliport
airports,YXMY,Australia,22,,,,,,,355414S,1500410E,,Moruya Hospital Helipad,New South Wales,,heliport
airports,YXNA,Australia,230,,,,,,,263713S,1525703E,,Nambour Hospital Helipad,Queensland,,heliport
airports,YXNE,Australia,200,,,,,,,334530S,1504243E,,Nepean Hospital Helipad,New South Wales,,heliport
airports,YXNN,Australia,1309,,,,,,,263957S,1520027E,,Nanango Hospital Helipad,Queensland,,heliport
airports,YXNO,Australia,37,,,,,,,262409S,1530244E,,Noosa Hospital Helipad,Queensland,,heliport
airports,YXNW,Australia,92,,,,,,,345211S,1503543E,,Shoalhaven Hospital Helipad,New South Wales,,heliport
airports,YXNY,Australia,62,,,,,,,324300S,1520917E,,Nelson Bay Heliport,New South Wales,,heliport
airports,YXOF,Australia,90,,,,,,,301900S,1530535E,,Coffs Harbour Health Campus Helipad,New South Wales,,heliport
airports,YXOG,Australia,3033,,,,,,,331900S,1490533E,,Orange Hospital Helipad,New South Wales,,heliport
airports,YXOH,Australia,1650,,,,,,,314918S,1494236E,,Coolah Hospital Heliport,New South Wales,,heliport
airports,YXOK,Australia,2840,,,,,,,342657S,1492808E,,Crookwell Medical Heliport,New South Wales,,heliport
airports,YXOL,Australia,650,,,,,,,330454S,1470858E,,Condobolin Helicopter Landing Site,New South Wales,,heliport
airports,YXOM,Australia,2350,,,,,,,365449S,1491428E,,Bombala Medical Helicopter Landing Site,New South Wales,,heliport
airports,YXOO,Australia,1110,,,,,,,343802S,1480045E,,Cootamundra Hospital Heliport,New South Wales,,heliport
airports,YXOW,Australia,2263,,,,,,,342912S,1502522E,,Bowral - Loseby Park Helicopter Landing Site,New South Wales,,heliport
airports,YXPH,Australia,957,,,,,,,324410S,1481159E,,Peak Hill Hospital Helipad,New South Wales,,heliport
airports,YXPI,Australia,17,,,,,,,280028S,1532332E,,Pindarra Hospital Helipad,Queensland,,heliport
airports,YXPK,Australia,1189,,,,,,,330911S,1481016E,,Parkes Hospital Helipad,New South Wales,,heliport
airports,YXPM,Australia,32,,,,,,,312709S,1525250E,,Port Macquarie Hospital Helipad,New South Wales,,heliport
airports,YXPN,Australia,44,,,,,,,202356S,1483507E,,Proserpine Hospital Helipad,Queensland,,heliport
airports,YXPO,Australia,30,,,,,,,230811S,1504430E,,Yeppoon Hospital (Apex Park) HLS,Queensland,,heliport
airports,YXQC,Australia,253,,,,,,,272902S,1530136E,,Queensland Childrens Hospital Helipad,Queensland,,heliport
airports,YXQE,Australia,185,,,,,,,315808S,1154900E,,Queen Elizabeth II (Sir Charles Gairdner) Hospital Helipad,Western Australia,,heliport
airports,YXQU,Australia,1365,,,,,,,313003S,1504035E,,Quirindi Hospital Helipad,New South Wales,,heliport
airports,YXRK,Australia,300,,,,,,,232246S,1502942E,,Rockhampton Base Hospital Helipad,Queensland,,heliport
airports,YXRM,Australia,63,,,,,,,340948S,1404441E,,Renmark Hospital Heliport,South Australia,,heliport
airports,YXRN,Australia,1971,,,,,,,324814S,1495830E,,Rylstone Hospital Helipad,New South Wales,,heliport
airports,YXRP,Australia,100,,,,,,,315713S,1155159E,,Royal Perth Hospital Helipad,Western Australia,,heliport
airports,YXRU,Australia,43,,,,,,,273927S,1532200E,,Russell Island Helicopter Landing Site,Queensland,,heliport
airports,YXSA,Australia,584,,,,,,,334400S,1510600E,,Sydney Adventist Hospital Helipad,New South Wales,,heliport
airports,YXSB,Australia,1919,,,,,,,352242S,1491017E,,Southcare Base - Canberra Heliport,Australian Capital Territory,,heliport
airports,YXSC,Australia,782,,,,,,,320300S,1505239E,,Scone Hospital Helipad,New South Wales,,heliport
airports,YXSG,Australia,150,,,,,,,335805S,1510801E,,St George Hospital Helipad,New South Wales,,heliport
airports,YXSH,Australia,99,,,,,,,343335S,1505030E,,Shellharbour Hospital Helipad,New South Wales,,heliport
airports,YXSI,Australia,151,,,,,,,323401S,1511112E,,Singleton Hospital Helipad,New South Wales,,heliport
airports,YXSN,Australia,234,,,,,,,335510S,1511421E,,Sydney Children's Hospital Heliport,New South Wales,,heliport
airports,YXST,Australia,2629,,,,,,,283935S,1515540E,,Stanthorpe Hospital Heliport,Queensland,,heliport
airports,YXSU,Australia,119,,,,,,,340219S,1510656E,,Sutherland Hospital Helipad,New South Wales,,heliport
airports,YXTA,Australia,13,119.4,CTAF,116,MISC,127.1,MISC,271100S,1532215E,,Tangalooma Resort Heliport,Queensland,,heliport
airports,YXTE,Australia,2762,,,,,,,290252S,1520059E,,Tenterfield - Federation Park Heliport,New South Wales,,heliport
airports,YXTM,Australia,1800,,,,,,,275611S,1531051E,,Tamborine Mountain Helipad,Queensland,,heliport
airports,YXTN,Australia,822,,,,,,,325518S,1474224E,,Trundle Hospital Helicopter Landing Site,New South Wales,,heliport
airports,YXTO,Australia,2000,,,,,,,273413S,1515645E,,Toowoomba General Hospital Helipad,Queensland,,heliport
airports,YXTR,Australia,39,,,,,,,315423S,1522702E,,Taree - Wrigley Park Helipad,New South Wales,,heliport
airports,YXTT,Australia,1052,,,,,,,351828S,1481308E,,Tumut Hospital Helipad,New South Wales,,heliport
airports,YXTW,Australia,1356,,,,,,,310428S,1505535E,,Tamworth Hospital Helipad,New South Wales,,heliport
airports,YXTX,Australia,1005,,,,,,,285119S,1511044E,,Texas Hospital Heliport,Queensland,,heliport
airports,YXUS,Australia,582,,,,,,,321551S,1505354E,,Muswellbrook Hospital Heliport,New South Wales,,heliport
airports,YXVL,Australia,46,,,,,,,303851S,1525052E,,Bowraville Oval Helicopter Landing Site,New South Wales,,heliport
airports,YXWA,Australia,1619,,,,,,,281325S,1520100E,,Warwick Hospital Heliport,Queensland,,heliport
airports,YXWG,Australia,588,,,,,,,350651S,1472114E,,Wagga - Duke of Kent Oval Helipad,New South Wales,,heliport
airports,YXWL,Australia,160,,,,,,,342527S,1505255E,,Wollongong Hospital Helipad,New South Wales,,heliport
airports,YXWM,Australia,140,,,,,,,334808S,1505937E,,Westmead - Children's Hospital Helipad,New South Wales,,heliport
airports,YXWT,Australia,1005,,,,,,,323255S,1485658E,,Wellington-Rygate Park Heliport,New South Wales,,heliport
airports,YXWW,Australia,632,,,,,,,301330S,1492653E,,Wee Waa Hospital Helipad,New South Wales,,heliport
airports,YXWY,Australia,94,,,,,,,331536S,1512850E,,Wyong Hospital Helipad,New South Wales,,heliport
airports,YXYA,Australia,1747,,,,,,,345116S,1485429E,,Yass Hospital Helicopter Landing Site,New South Wales,,heliport
airports,YXYK,Australia,89,,,,,,,350108S,1373642E,,Yorketown Hospital Helicopter Landing Site,South Australia,,heliport
airports,YXYO,Australia,1523,,,,,,,341915S,1481716E,,Young Hospital Helipad,New South Wales,,heliport
airports,YYAA,Australia,,124.9,CTAF,115.8,MISC,119.6,MISC,293953S,1412450E,,Yandama Airport,New South Wales,,small_airport
airports,YYAC,Australia,,128.55,CTAF,115.8,MISC,119.6,MISC,212243S,1470600E,,Yacamunda Airport,Queensland,,small_airport
airports,YYAG,Australia,,,,,,,,205800S,1280458E,,Yagga Yagga Airport,Western Australia,,small_airport
airports,YYAK,Australia,,124.9,CTAF,115.8,MISC,119.6,MISC,164352S,1452050E,,Yalkulka Airport,Queensland,,small_airport
airports,YYAL,Australia,,124.8,CTAF,119.6,MISC,122.4,MISC,282119S,1164102E,,Yalgoo Airport,Western Australia,,small_airport
airports,YYAS,Australia,1603,,,,,,,344920S,1485428E,,Yass Heliport,New South Wales,,heliport
airports,YYBE,Australia,,122.3,CTAF,115.8,MISC,119.6,MISC,231543S,1490059E,,Yarrabee Mine Airport,Queensland,,small_airport
airports,YYBK,Australia,4,,,,,,,374923S,1445703E,,Yarra Bank Heliport,Victoria,,heliport
airports,YYDE,Australia,,124.8,CTAF,119.6,MISC,122.4,MISC,212206S,1185252E,,Yandee Airport,Western Australia,,small_airport
airports,YYDM,Australia,,119.8,CTAF,119.6,MISC,122.4,MISC,290714S,1220229E,,Yundamindera Airport,Western Australia,,small_airport
airports,YYEA,Australia,,122.4,CTAF,125.2,MISC,,,371033S,1451923E,,Yeaburn Airport,Victoria,,small_airport
airports,YYER,Australia,,118.4,CTAF,119.6,MISC,122.4,MISC,292803S,1214948E,,Yerilla Airport,Western Australia,,small_airport
airports,YYGG,Australia,,126,CTAF,119.6,MISC,122.4,MISC,205326S,1275656E,,Yagga Yagga Airport,Western Australia,,small_airport
airports,YYKI,Australia,10,,,,,,,094510S,1432420E,,Yorke Island Airport,Queensland,,small_airport
airports,YYLD,Australia,,124.9,CTAF,115.8,MISC,119.6,MISC,301541S,1425837E,,Yalda Downs Homestead Airport,New South Wales,,small_airport
airports,YYLG,Australia,,124.8,CTAF,119.6,MISC,122.4,MISC,272534S,1153104E,,Yallalong Homestead Airport,Western Australia,,small_airport
airports,YYLR,Australia,,122.6,CTAF,119.6,MISC,122.4,MISC,271637S,1200544E,,Yeelirrie Airport,Western Australia,,small_airport
airports,YYMI,Australia,,124.9,CTAF,115.8,MISC,119.6,MISC,095357S,1424627E,,Yam Island Airport,Queensland,,small_airport
airports,YYND,Australia,2205,126.7,CTAF,119.8,FSS,,,221515S,1314655E,,Yuendumu Airport,Northern Territory,,small_airport
airports,YYNG,Australia,1267,126.7,CTAF,135.25,FSS,,,341520S,1481452E,,Young Airport,New South Wales,,medium_airport
airports,YYNR,Australia,80,124.8,CTAF,119.6,MISC,122.4,MISC,223100S,1144800E,,Yanrey Airport,Western Australia,,small_airport
airports,YYOO,Australia,,124.8,CTAF,119.6,MISC,122.4,MISC,314811S,1365136E,,Yalymboo Airport,South Australia,,small_airport
airports,YYOR,Australia,,126.7,CTAF,122.2,PAL,,,350012S,1373709E,,Yorketown Airport,South Australia,,small_airport
airports,YYRK,Australia,,120.7,CTAF,119.6,MISC,122.4,MISC,315118S,1164756E,,York Airport,Western Australia,,small_airport
airports,YYRM,Australia,15,126.7,CTAF,115.8,MISC,119.6,MISC,383400S,1464518E,,Yarram Airport,Victoria,,small_airport
airports,YYRN,Australia,,124.8,CTAF,119.6,MISC,122.4,MISC,280920S,1234036E,,Yamarna Airport,Western Australia,,small_airport
airports,YYRW,Australia,,123.9,CTAF,119.6,MISC,122.4,MISC,252729S,1175829E,,Yarlarweelor Airport,Western Australia,,small_airport
airports,YYTA,Australia,,,,,,,,312814S,1314929E,,Yalata Mission Airport,South Australia,,small_airport
airports,YYUM,Australia,,119.8,CTAF,119.6,MISC,122.4,MISC,283346S,1190108E,,Yuinmery Airport,Western Australia,,small_airport
airports,YYUN,Australia,,123.9,CTAF,119.6,MISC,122.4,MISC,323459S,1393300E,,Yunta Airport,South Australia,,small_airport
airports,YYWA,Australia,,,,,,,,275710S,1443739E,,Yowah Airport,Queensland,,small_airport
airports,YYWG,Australia,423,126.7,CTAF,125.2,FSS,,,360144S,1460144E,,Yarrawonga Airport,Victoria,,small_airport
airports,YYYA,Australia,439,,,,,,,211707S,1182307E,,Mugarinya Airport,Western Australia,,small_airport
airports,YZAN,Australia,,122.1,CTAF,119.6,MISC,122.4,MISC,310210S,1233404E,,Zanthus Airport,Western Australia,,small_airport
airports,YZCE,Australia,,,,,,,,272547S,1522242E,,Churchable Airstrip,Queensland,,small_airport
airports,YZHN,Australia,,,,,,,,415319S,1452102E,,Zeehan Airport,Tasmania,,small_airport
ifr,ABARB,Australia,,,,,,,,325106S,1545605E,,ABARB,,,
ifr,AKBUG,Australia,,,,,,,,185708S,1462625E,,AKBUG,,,
ifr,ABASS,Australia,,,,,,,,343500S,1505636E,,ABASS,,,
ifr,AKDAV,Australia,,,,,,,,330147S,1361213E,,AKDAV,,,
ifr,ABBEY,Australia,,,,,,,,342411S,1510541E,,ABBEY,,,
ifr,AKDEL,Australia,,,,,,,,375004S,1445208E,,AKDEL,,,
ifr,ABLOK,Australia,,,,,,,,124304S,1432624E,,ABLOK,,,
ifr,AKEMU,Australia,,,,,,,,335645S,1504616E,,AKEMU,,,
ifr,ABTOD,Australia,,,,,,,,325942S,1350800E,,ABTOD,,,
ifr,AKERO,Australia,,,,,,,,264227S,1532138E,,AKERO,,,
ifr,ABTOX,Australia,,,,,,,,184713S,1471015E,,ABTOX,,,
ifr,AKEVU,Australia,,,,,,,,243836S,1472724E,,AKEVU,,,
ifr,ABVAS,Australia,,,,,,,,225618S,1500156E,,ABVAS,,,
ifr,AKINU,Australia,,,,,,,,204152S,1430636E,,AKINU,,,
ifr,ABVOG,Australia,,,,,,,,374021S,1443916E,,ABVOG,,,
ifr,AKISO,Australia,,,,,,,,271415S,1401107E,,AKISO,,,
ifr,ABVOM,Australia,,,,,,,,292038S,1681033E,,ABVOM,,,
ifr,AKLAB,Australia,,,,,,,,400000S,1453046E,,AKLAB,,,
ifr,ABVUV,Australia,,,,,,,,123100S,1292600E,,ABVUV,,,
ifr,AKLIM,Australia,,,,,,,,351058S,1494740E,,AKLIM,,,
ifr,ACKER,Australia,,,,,,,,120116S,1321218E,,ACKER,,,
ifr,AKLOL,Australia,,,,,,,,325338S,1520731E,,AKLOL,,,
ifr,ACOOL,Australia,,,,,,,,300000S,1100000E,,ACOOL,,,
ifr,AKMER,Australia,,,,,,,,312531S,1155905E,,AKMER,,,
ifr,ACTIN,Australia,,,,,,,,333013S,1380133E,,ACTIN,,,
ifr,AKMIR,Australia,,,,,,,,341043S,1500624E,,AKMIR,,,
ifr,ADBER,Australia,,,,,,,,122111S,1305741E,,ADBER,,,
ifr,AKNEV,Australia,,,,,,,,331409S,1491406E,,AKNEV,,,
ifr,ADBOK,Australia,,,,,,,,341645S,1541523E,,ADBOK,,,
ifr,AKNOK,Australia,,,,,,,,341136S,1415249E,,AKNOK,,,
ifr,ADGAD,Australia,,,,,,,,250000S,1525500E,,ADGAD,,,
ifr,AKNON,Australia,,,,,,,,273827S,1524243E,,AKNON,,,
ifr,ADGET,Australia,,,,,,,,273025S,1531943E,,ADGET,,,
ifr,AKNUD,Australia,,,,,,,,122425S,1312026E,,AKNUD,,,
ifr,ADKIV,Australia,,,,,,,,140155S,1322940E,,ADKIV,,,
ifr,AKNUM,Australia,,,,,,,,353355S,1424717E,,AKNUM,,,
ifr,ADKOP,Australia,,,,,,,,234828S,1334839E,,ADKOP,,,
ifr,AKOBA,Australia,,,,,,,,264215S,1530344E,,AKOBA,,,
ifr,ADKUL,Australia,,,,,,,,092437S,1295620E,,ADKUL,,,
ifr,AKOGI,Australia,,,,,,,,205849S,1152359E,,AKOGI,,,
ifr,ADLAG,Australia,,,,,,,,183840S,1463816E,,ADLAG,,,
ifr,AKOGU,Australia,,,,,,,,163634S,1453322E,,AKOGU,,,
ifr,ADLEK,Australia,,,,,,,,355958S,1464859E,,ADLEK,,,
ifr,AKPAL,Australia,,,,,,,,322224S,1491047E,,AKPAL,,,
ifr,ADLIV,Australia,,,,,,,,331913S,1534312E,,ADLIV,,,
ifr,AKROM,Australia,,,,,,,,182114S,1464801E,,AKROM,,,
ifr,ADLOB,Australia,,,,,,,,204810S,1165255E,,ADLOB,,,
ifr,AKRUM,Australia,,,,,,,,171401S,1192100E,,AKRUM,,,
ifr,ADLOS,Australia,,,,,,,,232910S,1501942E,,ADLOS,,,
ifr,AKRUN,Australia,,,,,,,,334236S,1250000E,,AKRUN,,,
ifr,ADLOT,Australia,,,,,,,,141000S,1231900E,,ADLOT,,,
ifr,AKRUS,Australia,,,,,,,,324805S,1515951E,,AKRUS,,,
ifr,ADLUR,Australia,,,,,,,,233806S,1502757E,,ADLUR,,,
ifr,AKSID,Australia,,,,,,,,374553S,1450541E,,AKSID,,,
ifr,ADMAK,Australia,,,,,,,,282038S,1535210E,,ADMAK,,,
ifr,AKSOS,Australia,,,,,,,,330506S,1164658E,,AKSOS,,,
ifr,ADMAR,Australia,,,,,,,,301922S,1515443E,,ADMAR,,,
ifr,AKTAM,Australia,,,,,,,,394215S,1461429E,,AKTAM,,,
ifr,ADNOD,Australia,,,,,,,,190103S,1464748E,,ADNOD,,,
ifr,AKTEG,Australia,,,,,,,,330211S,1510029E,,AKTEG,,,
ifr,ADNUK,Australia,,,,,,,,264005S,1534826E,,ADNUK,,,
ifr,AKTOB,Australia,,,,,,,,273402S,1530005E,,AKTOB,,,
ifr,AGAGO,Australia,,,,,,,,281313S,1364539E,,AGAGO,,,
ifr,AKUKO,Australia,,,,,,,,090030S,1022106E,,AKUKO,,,
ifr,AGELU,Australia,,,,,,,,314954S,1154324E,,AGELU,,,
ifr,AKUMI,Australia,,,,,,,,251414S,1471922E,,AKUMI,,,
ifr,AGETA,Australia,,,,,,,,300143S,1480742E,,AGETA,,,
ifr,AKUVO,Australia,,,,,,,,204316S,1152404E,,AKUVO,,,
ifr,AGIGA,Australia,,,,,,,,122404S,1313241E,,AGIGA,,,
ifr,AKVEM,Australia,,,,,,,,273233S,1512812E,,AKVEM,,,
ifr,AGIVA,Australia,,,,,,,,272713S,1515600E,,AGIVA,,,
ifr,AKVIN,Australia,,,,,,,,375546S,1470053E,,AKVIN,,,
ifr,AGONI,Australia,,,,,,,,274332S,1523434E,,AGONI,,,
ifr,AKVOG,Australia,,,,,,,,281256S,1533218E,,AKVOG,,,
ifr,AGPOK,Australia,,,,,,,,192300S,1464900E,,AGPOK,,,
ifr,ALAKU,Australia,,,,,,,,210016S,1201614E,,ALAKU,,,
ifr,AGPUD,Australia,,,,,,,,263010S,1310748E,,AGPUD,,,
ifr,ALALI,Australia,,,,,,,,324750S,1514959E,,ALALI,,,
ifr,AGRAX,Australia,,,,,,,,224017S,1415030E,,AGRAX,,,
ifr,ALASU,Australia,,,,,,,,330000S,1440000E,,ALASU,,,
ifr,AGREK,Australia,,,,,,,,270120S,1211922E,,AGREK,,,
ifr,ALAXU,Australia,,,,,,,,251308S,1493049E,,ALAXU,,,
ifr,AGROS,Australia,,,,,,,,342500S,1375336E,,AGROS,,,
ifr,ALBAK,Australia,,,,,,,,374436S,1444236E,,ALBAK,,,
ifr,AGSAL,Australia,,,,,,,,263430S,1531347E,,AGSAL,,,
ifr,ALBEE,Australia,,,,,,,,192242S,1460822E,,ALBEE,,,
ifr,AGSAX,Australia,,,,,,,,345558S,1381841E,,AGSAX,,,
ifr,ALBIX,Australia,,,,,,,,333254S,1280000E,,ALBIX,,,
ifr,AGSEL,Australia,,,,,,,,195528S,1094101E,,AGSEL,,,
ifr,ALBUB,Australia,,,,,,,,272456S,1525400E,,ALBUB,,,
ifr,AGSIR,Australia,,,,,,,,191209S,1464715E,,AGSIR,,,
ifr,ALBUT,Australia,,,,,,,,354117S,1392053E,,ALBUT,,,
ifr,AGTEK,Australia,,,,,,,,280901S,1533826E,,AGTEK,,,
ifr,ALBUX,Australia,,,,,,,,200116S,1481255E,,ALBUX,,,
ifr,AGTEV,Australia,,,,,,,,373149S,1445734E,,AGTEV,,,
ifr,ALDAR,Australia,,,,,,,,293548S,1521041E,,ALDAR,,,
ifr,AGTIK,Australia,,,,,,,,283242S,1182621E,,AGTIK,,,
ifr,ALDAT,Australia,,,,,,,,345632S,1381332E,,ALDAT,,,
ifr,AGTOR,Australia,,,,,,,,304714S,1490741E,,AGTOR,,,
ifr,ALDEL,Australia,,,,,,,,252843S,1180932E,,ALDEL,,,
ifr,AGUST,Australia,,,,,,,,133743S,1311215E,,AGUST,,,
ifr,ALDIM,Australia,,,,,,,,234442S,1334720E,,ALDIM,,,
ifr,AGVAL,Australia,,,,,,,,122700S,1340600E,,AGVAL,,,
ifr,ALDOP,Australia,,,,,,,,350345S,1492257E,,ALDOP,,,
ifr,AGVIT,Australia,,,,,,,,191109S,1464922E,,AGVIT,,,
ifr,ALEGO,Australia,,,,,,,,103824S,1250800E,,ALEGO,,,
ifr,AHOSK,Australia,,,,,,,,404158S,1461237E,,AHOSK,,,
ifr,ALIRA,Australia,,,,,,,,180346S,1234846E,,ALIRA,,,
ifr,AIDEN,Australia,,,,,,,,235558S,1335120E,,AIDEN,,,
ifr,ALLEE,Australia,,,,,,,,130150S,1312934E,,ALLEE,,,
ifr,AKALU,Australia,,,,,,,,342230S,1550950E,,AKALU,,,
ifr,ALLOC,Australia,,,,,,,,335436S,1524213E,,ALLOC,,,
ifr,ALONE,Australia,,,,,,,,270600S,1495330E,,ALONE,,,
ifr,APUKU,Australia,,,,,,,,271201S,1530305E,,APUKU,,,
ifr,ALPAL,Australia,,,,,,,,391606S,1441640E,,ALPAL,,,
ifr,APUSS,Australia,,,,,,,,193307S,1430108E,,APUSS,,,
ifr,ALTIR,Australia,,,,,,,,323936S,1403012E,,ALTIR,,,
ifr,ARALO,Australia,,,,,,,,290854S,1150136E,,ARALO,,,
ifr,ALTRO,Australia,,,,,,,,330958S,1402035E,,ALTRO,,,
ifr,ARANA,Australia,,,,,,,,301306S,1394118E,,ARANA,,,
ifr,ALULU,Australia,,,,,,,,211427S,1172051E,,ALULU,,,
ifr,ARBEY,Australia,,,,,,,,371006S,1444354E,,ARBEY,,,
ifr,ALVES,Australia,,,,,,,,020000S,0860000E,,ALVES,,,
ifr,ARCHA,Australia,,,,,,,,291230S,1680741E,,ARCHA,,,
ifr,ALWYN,Australia,,,,,,,,315122S,1160731E,,ALWYN,,,
ifr,ARENI,Australia,,,,,,,,265550S,1323557E,,ARENI,,,
ifr,AMANA,Australia,,,,,,,,314528S,1163743E,,AMANA,,,
ifr,AREPA,Australia,,,,,,,,343428S,1375111E,,AREPA,,,
ifr,AMBLE,Australia,,,,,,,,271736S,1530542E,,AMBLE,,,
ifr,AREST,Australia,,,,,,,,321104S,1455147E,,AREST,,,
ifr,AMELI,Australia,,,,,,,,375421S,1471404E,,AMELI,,,
ifr,AREXO,Australia,,,,,,,,373216S,1445212E,,AREXO,,,
ifr,AMITY,Australia,,,,,,,,272542S,1533026E,,AMITY,,,
ifr,AROBI,Australia,,,,,,,,315327S,1154114E,,AROBI,,,
ifr,AMOCO,Australia,,,,,,,,240000S,1521230E,,AMOCO,,,
ifr,AROLI,Australia,,,,,,,,290703S,1463703E,,AROLI,,,
ifr,AMSTA,Australia,,,,,,,,291207S,1675623E,,AMSTA,,,
ifr,ARONU,Australia,,,,,,,,274031S,1531549E,,ARONU,,,
ifr,AMVOB,Australia,,,,,,,,334345S,1153910E,,AMVOB,,,
ifr,AROXO,Australia,,,,,,,,132811S,1390340E,,AROXO,,,
ifr,ANBAN,Australia,,,,,,,,311948S,1491614E,,ANBAN,,,
ifr,ARRAN,Australia,,,,,,,,355015S,1473822E,,ARRAN,,,
ifr,ANBEL,Australia,,,,,,,,372431S,1450703E,,ANBEL,,,
ifr,ARTHA,Australia,,,,,,,,373551S,1451508E,,ARTHA,,,
ifr,ANBEM,Australia,,,,,,,,373122S,1444838E,,ANBEM,,,
ifr,ARUMI,Australia,,,,,,,,343540S,1172256E,,ARUMI,,,
ifr,ANDAB,Australia,,,,,,,,171531S,1324452E,,ANDAB,,,
ifr,ARUPU,Australia,,,,,,,,121339S,1303705E,,ARUPU,,,
ifr,ANDEE,Australia,,,,,,,,161058S,1431408E,,ANDEE,,,
ifr,ARUTA,Australia,,,,,,,,253230S,1470948E,,ARUTA,,,
ifr,ANDOP,Australia,,,,,,,,162827S,1445807E,,ANDOP,,,
ifr,ASEBU,Australia,,,,,,,,200750S,1214903E,,ASEBU,,,
ifr,ANGAS,Australia,,,,,,,,250758S,1322622E,,ANGAS,,,
ifr,ASIKU,Australia,,,,,,,,175215S,1221618E,,ASIKU,,,
ifr,ANGAV,Australia,,,,,,,,350008S,1382104E,,ANGAV,,,
ifr,ASILI,Australia,,,,,,,,340007S,1375250E,,ASILI,,,
ifr,ANGED,Australia,,,,,,,,133556S,1314326E,,ANGED,,,
ifr,ASINO,Australia,,,,,,,,175651S,1221507E,,ASINO,,,
ifr,ANGEX,Australia,,,,,,,,374742S,1460528E,,ANGEX,,,
ifr,ASUBO,Australia,,,,,,,,252348S,1375900E,,ASUBO,,,
ifr,ANGIB,Australia,,,,,,,,350616S,1473614E,,ANGIB,,,
ifr,ASUKI,Australia,,,,,,,,374357S,1445059E,,ASUKI,,,
ifr,ANGIT,Australia,,,,,,,,203626S,1490706E,,ANGIT,,,
ifr,ASUMU,Australia,,,,,,,,343739S,1480150E,,ASUMU,,,
ifr,ANIRI,Australia,,,,,,,,271749S,1533508E,,ANIRI,,,
ifr,ASUVA,Australia,,,,,,,,330414S,1521226E,,ASUVA,,,
ifr,ANITA,Australia,,,,,,,,323824S,1354439E,,ANITA,,,
ifr,ASWAN,Australia,,,,,,,,353106S,1432024E,,ASWAN,,,
ifr,ANJJO,Australia,,,,,,,,125611S,1253733E,,ANJJO,,,
ifr,ATADO,Australia,,,,,,,,280000S,1543000E,,ATADO,,,
ifr,ANKED,Australia,,,,,,,,272543S,1524604E,,ANKED,,,
ifr,ATATA,Australia,,,,,,,,214033S,1213538E,,ATATA,,,
ifr,ANKEL,Australia,,,,,,,,275901S,1182712E,,ANKEL,,,
ifr,ATGOD,Australia,,,,,,,,351041S,1500202E,,ATGOD,,,
ifr,ANKUB,Australia,,,,,,,,335912S,1505835E,,ANKUB,,,
ifr,ATHEL,Australia,,,,,,,,345600S,1384454E,,ATHEL,,,
ifr,ANLAR,Australia,,,,,,,,150006S,1400000E,,ANLAR,,,
ifr,ATIBO,Australia,,,,,,,,374320S,1451301E,,ATIBO,,,
ifr,ANLID,Australia,,,,,,,,360704S,1480633E,,ANLID,,,
ifr,ATIGU,Australia,,,,,,,,422621S,1474118E,,ATIGU,,,
ifr,ANONA,Australia,,,,,,,,125045S,1303759E,,ANONA,,,
ifr,ATIVA,Australia,,,,,,,,332233S,1154038E,,ATIVA,,,
ifr,ANOSO,Australia,,,,,,,,382609S,1470942E,,ANOSO,,,
ifr,ATKEN,Australia,,,,,,,,281651S,1533942E,,ATKEN,,,
ifr,ANPEN,Australia,,,,,,,,335521S,1502916E,,ANPEN,,,
ifr,ATKOM,Australia,,,,,,,,411914S,1464443E,,ATKOM,,,
ifr,ANPUT,Australia,,,,,,,,344336S,1384147E,,ANPUT,,,
ifr,ATLIB,Australia,,,,,,,,290726S,1392914E,,ATLIB,,,
ifr,ANREP,Australia,,,,,,,,353424S,1490553E,,ANREP,,,
ifr,ATLID,Australia,,,,,,,,274612S,1524822E,,ATLID,,,
ifr,ANROM,Australia,,,,,,,,294734S,1470619E,,ANROM,,,
ifr,ATLOD,Australia,,,,,,,,233000S,1135342E,,ATLOD,,,
ifr,ANRUB,Australia,,,,,,,,195921S,1464217E,,ANRUB,,,
ifr,ATLOR,Australia,,,,,,,,322959S,1513546E,,ATLOR,,,
ifr,ANSIP,Australia,,,,,,,,295318S,1370206E,,ANSIP,,,
ifr,ATMAL,Australia,,,,,,,,120000S,1073530E,,ATMAL,,,
ifr,ANSOR,Australia,,,,,,,,274814S,1525155E,,ANSOR,,,
ifr,ATMAP,Australia,,,,,,,,120000S,1181518E,,ATMAP,,,
ifr,ANTLA,Australia,,,,,,,,400000S,1471116E,,ANTLA,,,
ifr,ATNAR,Australia,,,,,,,,344402S,1373903E,,ATNAR,,,
ifr,ANUGO,Australia,,,,,,,,360311S,1470402E,,ANUGO,,,
ifr,ATNAT,Australia,,,,,,,,335409S,1543012E,,ATNAT,,,
ifr,ANUPA,Australia,,,,,,,,113052S,1295425E,,ANUPA,,,
ifr,ATNOL,Australia,,,,,,,,373903S,1443920E,,ATNOL,,,
ifr,ANUXU,Australia,,,,,,,,304752S,1390541E,,ANUXU,,,
ifr,ATOKU,Australia,,,,,,,,375814S,1445340E,,ATOKU,,,
ifr,ANVAC,Australia,,,,,,,,350921S,1382713E,,ANVAC,,,
ifr,ATOSU,Australia,,,,,,,,163659S,1454312E,,ATOSU,,,
ifr,ANZAC,Australia,,,,,,,,224447S,1354926E,,ANZAC,,,
ifr,ATOTU,Australia,,,,,,,,142340S,1321549E,,ATOTU,,,
ifr,APAGI,Australia,,,,,,,,285056S,1523507E,,APAGI,,,
ifr,ATPAR,Australia,,,,,,,,232043S,1184134E,,ATPAR,,,
ifr,APAGU,Australia,,,,,,,,162120S,1455002E,,APAGU,,,
ifr,ATPER,Australia,,,,,,,,373248S,1452718E,,ATPER,,,
ifr,APIMA,Australia,,,,,,,,203655S,1160439E,,APIMA,,,
ifr,ATPIP,Australia,,,,,,,,352713S,1385507E,,ATPIP,,,
ifr,APISO,Australia,,,,,,,,120000S,1473624E,,APISO,,,
ifr,ATRAX,Australia,,,,,,,,270605S,1531327E,,ATRAX,,,
ifr,APOKI,Australia,,,,,,,,342649S,1383945E,,APOKI,,,
ifr,ATRET,Australia,,,,,,,,340329S,1511218E,,ATRET,,,
ifr,APOMA,Australia,,,,,,,,295353S,1424054E,,APOMA,,,
ifr,ATROP,Australia,,,,,,,,265542S,1535606E,,ATROP,,,
ifr,APOVU,Australia,,,,,,,,020000S,0820000E,,APOVU,,,
ifr,ATSEP,Australia,,,,,,,,271628S,1531858E,,ATSEP,,,
ifr,APPLE,Australia,,,,,,,,365539S,1442311E,,APPLE,,,
ifr,ATSIN,Australia,,,,,,,,255742S,1443400E,,ATSIN,,,
ifr,APUKA,Australia,,,,,,,,120000S,1445740E,,APUKA,,,
ifr,ATSUG,Australia,,,,,,,,324518S,1513043E,,ATSUG,,,
ifr,ATVAV,Australia,,,,,,,,311238S,1503843E,,ATVAV,,,
ifr,BATIR,Australia,,,,,,,,200647S,1464919E,,BATIR,,,
ifr,ATVIL,Australia,,,,,,,,262536S,1510943E,,ATVIL,,,
ifr,BAVAM,Australia,,,,,,,,212339S,1492000E,,BAVAM,,,
ifr,ATVON,Australia,,,,,,,,271158S,1523702E,,ATVON,,,
ifr,BAVEX,Australia,,,,,,,,141000S,1231400E,,BAVEX,,,
ifr,AUDRA,Australia,,,,,,,,400000S,1450942E,,AUDRA,,,
ifr,BAVOT,Australia,,,,,,,,180708S,1225441E,,BAVOT,,,
ifr,AUSGA,Australia,,,,,,,,150232S,1151126E,,AUSGA,,,
ifr,BAVUR,Australia,,,,,,,,424854S,1474309E,,BAVUR,,,
ifr,AVBAD,Australia,,,,,,,,320141S,1155622E,,AVBAD,,,
ifr,BAXIB,Australia,,,,,,,,122015S,1311039E,,BAXIB,,,
ifr,AVBEG,Australia,,,,,,,,344942S,1490232E,,AVBEG,,,
ifr,BAXMN,Australia,,,,,,,,253446S,1183428E,,BAXMN,,,
ifr,AVBOS,Australia,,,,,,,,292415S,1500137E,,AVBOS,,,
ifr,BAZZA,Australia,,,,,,,,284458S,1464126E,,BAZZA,,,
ifr,AVBUR,Australia,,,,,,,,350235S,1494356E,,AVBUR,,,
ifr,BEADS,Australia,,,,,,,,313614S,1535936E,,BEADS,,,
ifr,AVDAM,Australia,,,,,,,,345055S,1383001E,,AVDAM,,,
ifr,BEBAP,Australia,,,,,,,,171738S,1220445E,,BEBAP,,,
ifr,AVDAN,Australia,,,,,,,,160659S,1451938E,,AVDAN,,,
ifr,BEBEK,Australia,,,,,,,,422808S,1472952E,,BEBEK,,,
ifr,AVDED,Australia,,,,,,,,322314S,1515535E,,AVDED,,,
ifr,BEBEN,Australia,,,,,,,,131925S,1315500E,,BEBEN,,,
ifr,AVDEN,Australia,,,,,,,,345838S,1402057E,,AVDEN,,,
ifr,BEBIM,Australia,,,,,,,,103840S,0935008E,,BEBIM,,,
ifr,AVDIS,Australia,,,,,,,,292119S,1150646E,,AVDIS,,,
ifr,BEBOG,Australia,,,,,,,,033308S,0792559E,,BEBOG,,,
ifr,AVDOT,Australia,,,,,,,,263631S,1441527E,,AVDOT,,,
ifr,BEBUD,Australia,,,,,,,,193849S,1465239E,,BEBUD,,,
ifr,AVGEK,Australia,,,,,,,,294351S,1494933E,,AVGEK,,,
ifr,BEBUG,Australia,,,,,,,,130000S,1150848E,,BEBUG,,,
ifr,AVGEM,Australia,,,,,,,,152125S,1225519E,,AVGEM,,,
ifr,BEBUX,Australia,,,,,,,,145548S,1324038E,,BEBUX,,,
ifr,AVGIK,Australia,,,,,,,,312644S,1164431E,,AVGIK,,,
ifr,BEDAT,Australia,,,,,,,,273328S,1531248E,,BEDAT,,,
ifr,AVGOP,Australia,,,,,,,,323953S,1520712E,,AVGOP,,,
ifr,BEDUG,Australia,,,,,,,,113453S,1315752E,,BEDUG,,,
ifr,AVGUM,Australia,,,,,,,,413800S,1504800E,,AVGUM,,,
ifr,BEERN,Australia,,,,,,,,271713S,1531406E,,BEERN,,,
ifr,AVGUS,Australia,,,,,,,,285900S,1532920E,,AVGUS,,,
ifr,BEETI,Australia,,,,,,,,280312S,1470518E,,BEETI,,,
ifr,AVKAN,Australia,,,,,,,,270200S,1154124E,,AVKAN,,,
ifr,BEGMI,Australia,,,,,,,,095000S,1402436E,,BEGMI,,,
ifr,AVKAP,Australia,,,,,,,,351500S,1494002E,,AVKAP,,,
ifr,BEGVA,Australia,,,,,,,,315956S,1160610E,,BEGVA,,,
ifr,AVKIK,Australia,,,,,,,,210026S,1484643E,,AVKIK,,,
ifr,BEKAG,Australia,,,,,,,,273657S,1531043E,,BEKAG,,,
ifr,AVKIR,Australia,,,,,,,,334056S,1534744E,,AVKIR,,,
ifr,BEKED,Australia,,,,,,,,205638S,1152146E,,BEKED,,,
ifr,AVKUT,Australia,,,,,,,,325256S,1512309E,,AVKUT,,,
ifr,BEKID,Australia,,,,,,,,270911S,1530113E,,BEKID,,,
ifr,AVLAN,Australia,,,,,,,,260524S,1524400E,,AVLAN,,,
ifr,BEKIK,Australia,,,,,,,,290610S,1674539E,,BEKIK,,,
ifr,AVLUS,Australia,,,,,,,,203954S,1414327E,,AVLUS,,,
ifr,BEKKA,Australia,,,,,,,,374806S,1443026E,,BEKKA,,,
ifr,AVMAN,Australia,,,,,,,,103558S,1290920E,,AVMAN,,,
ifr,BELBI,Australia,,,,,,,,250048S,1200023E,,BELBI,,,
ifr,AVMAS,Australia,,,,,,,,275239S,1173204E,,AVMAS,,,
ifr,BELEL,Australia,,,,,,,,262804S,1175929E,,BELEL,,,
ifr,AVMAT,Australia,,,,,,,,190530S,1464452E,,AVMAT,,,
ifr,BELKI,Australia,,,,,,,,114112S,1282800E,,BELKI,,,
ifr,AVMON,Australia,,,,,,,,253004S,1322405E,,AVMON,,,
ifr,BELTA,Australia,,,,,,,,372744S,1444754E,,BELTA,,,
ifr,AVMOV,Australia,,,,,,,,334211S,1511838E,,AVMOV,,,
ifr,BELUL,Australia,,,,,,,,242534S,1452609E,,BELUL,,,
ifr,AVNAS,Australia,,,,,,,,400001S,1455300E,,AVNAS,,,
ifr,BELUN,Australia,,,,,,,,122908S,1304525E,,BELUN,,,
ifr,AVNEX,Australia,,,,,,,,304845S,1155138E,,AVNEX,,,
ifr,BEMAN,Australia,,,,,,,,272358S,1533329E,,BEMAN,,,
ifr,AVNIB,Australia,,,,,,,,323245S,1545503E,,AVNIB,,,
ifr,BEMGI,Australia,,,,,,,,360512S,1471620E,,BEMGI,,,
ifr,AVNOL,Australia,,,,,,,,084927S,1315143E,,AVNOL,,,
ifr,BEMVU,Australia,,,,,,,,195218S,1130624E,,BEMVU,,,
ifr,AVNOV,Australia,,,,,,,,233000S,1160019E,,AVNOV,,,
ifr,BENBU,Australia,,,,,,,,331148S,1495854E,,BENBU,,,
ifr,AVPAL,Australia,,,,,,,,303313S,1163754E,,AVPAL,,,
ifr,BENDO,Australia,,,,,,,,351436S,1393037E,,BENDO,,,
ifr,AVPAS,Australia,,,,,,,,323135S,1374204E,,AVPAS,,,
ifr,BENJI,Australia,,,,,,,,164606S,1454512E,,BENJI,,,
ifr,AVPES,Australia,,,,,,,,315458S,1152436E,,AVPES,,,
ifr,BENKI,Australia,,,,,,,,140000S,1470024E,,BENKI,,,
ifr,AVPIP,Australia,,,,,,,,260549S,1325641E,,AVPIP,,,
ifr,BENTA,Australia,,,,,,,,143518S,1443706E,,BENTA,,,
ifr,AVPIX,Australia,,,,,,,,373836S,1443144E,,AVPIX,,,
ifr,BENVO,Australia,,,,,,,,313002S,1545917E,,BENVO,,,
ifr,AZZAR,Australia,,,,,,,,313845S,1154328E,,AZZAR,,,
ifr,BEPKA,Australia,,,,,,,,341114S,1391848E,,BEPKA,,,
ifr,BAABA,Australia,,,,,,,,272629S,1531323E,,BAABA,,,
ifr,BEPKU,Australia,,,,,,,,174607S,1425550E,,BEPKU,,,
ifr,BADGR,Australia,,,,,,,,374306S,1452800E,,BADGR,,,
ifr,BEPNA,Australia,,,,,,,,264326S,1502558E,,BEPNA,,,
ifr,BAHBA,Australia,,,,,,,,314846S,1162000E,,BAHBA,,,
ifr,BEPSO,Australia,,,,,,,,364824S,1493958E,,BEPSO,,,
ifr,BAISH,Australia,,,,,,,,235421S,1342435E,,BAISH,,,
ifr,BERBU,Australia,,,,,,,,224736S,1335706E,,BERBU,,,
ifr,BAMIL,Australia,,,,,,,,320532S,1161244E,,BAMIL,,,
ifr,BERNI,Australia,,,,,,,,285018S,1532755E,,BERNI,,,
ifr,BANDA,Australia,,,,,,,,304759S,1523423E,,BANDA,,,
ifr,BEROW,Australia,,,,,,,,333648S,1510658E,,BEROW,,,
ifr,BANKS,Australia,,,,,,,,250112S,1164630E,,BANKS,,,
ifr,BERSI,Australia,,,,,,,,163755S,1455222E,,BERSI,,,
ifr,BARIA,Australia,,,,,,,,171248S,1462148E,,BARIA,,,
ifr,BERTI,Australia,,,,,,,,274654S,1531112E,,BERTI,,,
ifr,BARNY,Australia,,,,,,,,125002S,1302202E,,BARNY,,,
ifr,BERVU,Australia,,,,,,,,345718S,1440924E,,BERVU,,,
ifr,BAROW,Australia,,,,,,,,205150S,1152441E,,BAROW,,,
ifr,BESBO,Australia,,,,,,,,254440S,1512930E,,BESBO,,,
ifr,BARTA,Australia,,,,,,,,274428S,1500718E,,BARTA,,,
ifr,BESRO,Australia,,,,,,,,351409S,1492446E,,BESRO,,,
ifr,BARTN,Australia,,,,,,,,350335S,1490354E,,BARTN,,,
ifr,BETNI,Australia,,,,,,,,273059S,1525503E,,BETNI,,,
ifr,BASOB,Australia,,,,,,,,231234S,1501828E,,BASOB,,,
ifr,BETSO,Australia,,,,,,,,270938S,1531523E,,BETSO,,,
ifr,BATEN,Australia,,,,,,,,350034S,1382634E,,BATEN,,,
ifr,BEVSO,Australia,,,,,,,,341851S,1391059E,,BEVSO,,,
ifr,BEYNO,Australia,,,,,,,,140810S,1330910E,,BEYNO,,,
ifr,BOFOR,Australia,,,,,,,,141400S,1330730E,,BOFOR,,,
ifr,BEZZA,Australia,,,,,,,,305130S,1314830E,,BEZZA,,,
ifr,BOGES,Australia,,,,,,,,365110S,1454419E,,BOGES,,,
ifr,BIARO,Australia,,,,,,,,304641S,1502629E,,BIARO,,,
ifr,BOGUD,Australia,,,,,,,,350401S,1474124E,,BOGUD,,,
ifr,BIBGA,Australia,,,,,,,,192204S,1084017E,,BIBGA,,,
ifr,BOING,Australia,,,,,,,,221424S,1271502E,,BOING,,,
ifr,BIBRA,Australia,,,,,,,,320633S,1154834E,,BIBRA,,,
ifr,BOKAT,Australia,,,,,,,,281631S,1173242E,,BOKAT,,,
ifr,BIBRU,Australia,,,,,,,,352756S,1492006E,,BIBRU,,,
ifr,BOKED,Australia,,,,,,,,373140S,1581110E,,BOKED,,,
ifr,BIBVO,Australia,,,,,,,,425934S,1474316E,,BIBVO,,,
ifr,BOKES,Australia,,,,,,,,193700S,1464600E,,BOKES,,,
ifr,BICKL,Australia,,,,,,,,263927S,1531550E,,BICKL,,,
ifr,BOLAM,Australia,,,,,,,,345856S,1412810E,,BOLAM,,,
ifr,BIDAP,Australia,,,,,,,,242405S,1231444E,,BIDAP,,,
ifr,BOLTY,Australia,,,,,,,,374931S,1445636E,,BOLTY,,,
ifr,BIDGI,Australia,,,,,,,,353148S,1490842E,,BIDGI,,,
ifr,BOMTA,Australia,,,,,,,,185422S,1464200E,,BOMTA,,,
ifr,BIDGU,Australia,,,,,,,,265100S,1485400E,,BIDGU,,,
ifr,BONES,Australia,,,,,,,,161043S,1323741E,,BONES,,,
ifr,BIDKI,Australia,,,,,,,,261427S,1525716E,,BIDKI,,,
ifr,BONEY,Australia,,,,,,,,274830S,1555430E,,BONEY,,,
ifr,BIDSA,Australia,,,,,,,,122759S,1313640E,,BIDSA,,,
ifr,BONGS,Australia,,,,,,,,280000S,1100000E,,BONGS,,,
ifr,BIGEM,Australia,,,,,,,,341052S,1503910E,,BIGEM,,,
ifr,BONRU,Australia,,,,,,,,272617S,1513859E,,BONRU,,,
ifr,BIGIX,Australia,,,,,,,,273816S,1522927E,,BIGIX,,,
ifr,BOODA,Australia,,,,,,,,290522S,1680131E,,BOODA,,,
ifr,BIGUP,Australia,,,,,,,,185532S,1231947E,,BIGUP,,,
ifr,BOOGI,Australia,,,,,,,,340121S,1510016E,,BOOGI,,,
ifr,BIKEP,Australia,,,,,,,,270919S,1511602E,,BIKEP,,,
ifr,BOOKA,Australia,,,,,,,,320115S,1163933E,,BOOKA,,,
ifr,BIKER,Australia,,,,,,,,204356S,1361402E,,BIKER,,,
ifr,BOOMA,Australia,,,,,,,,200000S,1504112E,,BOOMA,,,
ifr,BIKUS,Australia,,,,,,,,340020S,1514646E,,BIKUS,,,
ifr,BOPKU,Australia,,,,,,,,353257S,1500022E,,BOPKU,,,
ifr,BILBI,Australia,,,,,,,,271038S,1525913E,,BILBI,,,
ifr,BOPLO,Australia,,,,,,,,120000S,1165506E,,BOPLO,,,
ifr,BILBY,Australia,,,,,,,,304231S,1545234E,,BILBY,,,
ifr,BORAH,Australia,,,,,,,,215713S,1191331E,,BORAH,,,
ifr,BILER,Australia,,,,,,,,185355S,1463836E,,BILER,,,
ifr,BOREE,Australia,,,,,,,,331414S,1510238E,,BOREE,,,
ifr,BIMAV,Australia,,,,,,,,232812S,1492542E,,BIMAV,,,
ifr,BORLI,Australia,,,,,,,,341458S,1460355E,,BORLI,,,
ifr,BIMBY,Australia,,,,,,,,294651S,1181427E,,BIMBY,,,
ifr,BORPU,Australia,,,,,,,,201652S,1132437E,,BORPU,,,
ifr,BIMOP,Australia,,,,,,,,345917S,1381754E,,BIMOP,,,
ifr,BORTO,Australia,,,,,,,,362334S,1404431E,,BORTO,,,
ifr,BIMUS,Australia,,,,,,,,425233S,1473938E,,BIMUS,,,
ifr,BORVI,Australia,,,,,,,,272248S,1153705E,,BORVI,,,
ifr,BINAG,Australia,,,,,,,,290518S,1481025E,,BINAG,,,
ifr,BOSGI,Australia,,,,,,,,374507S,1445112E,,BOSGI,,,
ifr,BINOG,Australia,,,,,,,,132000S,1184000E,,BINOG,,,
ifr,BOSLI,Australia,,,,,,,,311608S,1173141E,,BOSLI,,,
ifr,BINOX,Australia,,,,,,,,315758S,1153123E,,BINOX,,,
ifr,BOSUN,Australia,,,,,,,,323137S,1504306E,,BOSUN,,,
ifr,BINUN,Australia,,,,,,,,184801S,1463338E,,BINUN,,,
ifr,BOSVU,Australia,,,,,,,,272453S,1530641E,,BOSVU,,,
ifr,BINUP,Australia,,,,,,,,272057S,1524407E,,BINUP,,,
ifr,BOTGU,Australia,,,,,,,,402241S,1564645E,,BOTGU,,,
ifr,BIPUD,Australia,,,,,,,,272245S,1530038E,,BIPUD,,,
ifr,BOVPU,Australia,,,,,,,,350327S,1382221E,,BOVPU,,,
ifr,BIRER,Australia,,,,,,,,320418S,1182342E,,BIRER,,,
ifr,BOYDI,Australia,,,,,,,,184744S,1323118E,,BOYDI,,,
ifr,BISAB,Australia,,,,,,,,320758S,1551238E,,BISAB,,,
ifr,BOYSE,Australia,,,,,,,,371809S,1454010E,,BOYSE,,,
ifr,BISEK,Australia,,,,,,,,274022S,1530234E,,BISEK,,,
ifr,BOYSY,Australia,,,,,,,,332405S,1503300E,,BOYSY,,,
ifr,BITAP,Australia,,,,,,,,314713S,1150743E,,BITAP,,,
ifr,BRAKI,Australia,,,,,,,,345725S,1385647E,,BRAKI,,,
ifr,BITAS,Australia,,,,,,,,201016S,1475434E,,BITAS,,,
ifr,BRAND,Australia,,,,,,,,180103S,1220538E,,BRAND,,,
ifr,BITUL,Australia,,,,,,,,292732S,1475906E,,BITUL,,,
ifr,BRONY,Australia,,,,,,,,375622S,1471201E,,BRONY,,,
ifr,BITUM,Australia,,,,,,,,320706S,1155448E,,BITUM,,,
ifr,BRUKA,Australia,,,,,,,,350018S,1385526E,,BRUKA,,,
ifr,BIVAS,Australia,,,,,,,,261331S,1382324E,,BIVAS,,,
ifr,BUDGI,Australia,,,,,,,,234616S,1503017E,,BUDGI,,,
ifr,BIVAT,Australia,,,,,,,,273231S,1515443E,,BIVAT,,,
ifr,BUDLO,Australia,,,,,,,,184706S,1213926E,,BUDLO,,,
ifr,BIVED,Australia,,,,,,,,425520S,1474327E,,BIVED,,,
ifr,BUDMA,Australia,,,,,,,,315307S,1153128E,,BUDMA,,,
ifr,BIXAD,Australia,,,,,,,,264128S,1531447E,,BIXAD,,,
ifr,BUGBA,Australia,,,,,,,,434856S,1630000E,,BUGBA,,,
ifr,BIXAV,Australia,,,,,,,,354023S,1484851E,,BIXAV,,,
ifr,BUGNI,Australia,,,,,,,,335608S,1471124E,,BUGNI,,,
ifr,BIXAX,Australia,,,,,,,,191123S,1465546E,,BIXAX,,,
ifr,BUGNU,Australia,,,,,,,,265112S,1531038E,,BUGNU,,,
ifr,BLAKA,Australia,,,,,,,,281200S,1531318E,,BLAKA,,,
ifr,BUGSO,Australia,,,,,,,,271700S,1532229E,,BUGSO,,,
ifr,BOBEB,Australia,,,,,,,,170642S,1442324E,,BOBEB,,,
ifr,BUGSU,Australia,,,,,,,,344749S,1382313E,,BUGSU,,,
ifr,BOBED,Australia,,,,,,,,271552S,1531245E,,BOBED,,,
ifr,BUIYA,Australia,,,,,,,,260000S,1100000E,,BUIYA,,,
ifr,BOBEL,Australia,,,,,,,,373401S,1445452E,,BOBEL,,,
ifr,BUKBU,Australia,,,,,,,,270136S,1531420E,,BUKBU,,,
ifr,BOBIG,Australia,,,,,,,,340610S,1511341E,,BOBIG,,,
ifr,BUKRA,Australia,,,,,,,,262733S,1531744E,,BUKRA,,,
ifr,BOBOP,Australia,,,,,,,,285554S,1514050E,,BOBOP,,,
ifr,BULDA,Australia,,,,,,,,381400S,1615358E,,BULDA,,,
ifr,BOBUS,Australia,,,,,,,,265028S,1141048E,,BOBUS,,,
ifr,BULGI,Australia,,,,,,,,290003S,1194015E,,BULGI,,,
ifr,BOCKY,Australia,,,,,,,,345501S,1382132E,,BOCKY,,,
ifr,BULKO,Australia,,,,,,,,380912S,1460606E,,BULKO,,,
ifr,BODAP,Australia,,,,,,,,173241S,1461345E,,BODAP,,,
ifr,BULLA,Australia,,,,,,,,370440S,1462050E,,BULLA,,,
ifr,BODAS,Australia,,,,,,,,235856S,1334157E,,BODAS,,,
ifr,BULRA,Australia,,,,,,,,234615S,1333624E,,BULRA,,,
ifr,BODEG,Australia,,,,,,,,200737S,1630000E,,BODEG,,,
ifr,BUNGL,Australia,,,,,,,,302017S,1193139E,,BUNGL,,,
ifr,BODEP,Australia,,,,,,,,413819S,1471011E,,BODEP,,,
ifr,BUNGO,Australia,,,,,,,,345331S,1495120E,,BUNGO,,,
ifr,BODOV,Australia,,,,,,,,424716S,1474758E,,BODOV,,,
ifr,BUNGY,Australia,,,,,,,,372906S,1381948E,,BUNGY,,,
ifr,BUNNY,Australia,,,,,,,,273249S,1271213E,,BUNNY,,,
ifr,COOPA,Australia,,,,,,,,314751S,1513155E,,COOPA,,,
ifr,BUNPO,Australia,,,,,,,,164634S,1454604E,,BUNPO,,,
ifr,COPDI,Australia,,,,,,,,293320S,1175629E,,COPDI,,,
ifr,BUPLO,Australia,,,,,,,,342342S,1385215E,,BUPLO,,,
ifr,COPPA,Australia,,,,,,,,354654S,1473454E,,COPPA,,,
ifr,BUPMO,Australia,,,,,,,,130048S,1375654E,,BUPMO,,,
ifr,CORAL,Australia,,,,,,,,263252S,1531910E,,CORAL,,,
ifr,BURGU,Australia,,,,,,,,325811S,1183920E,,BURGU,,,
ifr,CORRS,Australia,,,,,,,,375532S,1453650E,,CORRS,,,
ifr,BURLI,Australia,,,,,,,,281133S,1533602E,,BURLI,,,
ifr,COTON,Australia,,,,,,,,273708S,1531300E,,COTON,,,
ifr,BURNA,Australia,,,,,,,,424509S,1472356E,,BURNA,,,
ifr,COTTS,Australia,,,,,,,,315836S,1154042E,,COTTS,,,
ifr,BURNO,Australia,,,,,,,,211820S,1492222E,,BURNO,,,
ifr,COWIE,Australia,,,,,,,,274026S,1525206E,,COWIE,,,
ifr,BURPA,Australia,,,,,,,,270423S,1525733E,,BURPA,,,
ifr,CRAVN,Australia,,,,,,,,320736S,1514600E,,CRAVN,,,
ifr,BUSKA,Australia,,,,,,,,423750S,1471407E,,BUSKA,,,
ifr,CREDY,Australia,,,,,,,,254824S,1531512E,,CREDY,,,
ifr,BUSTO,Australia,,,,,,,,235523S,1194705E,,BUSTO,,,
ifr,CRENA,Australia,,,,,,,,371624S,1400454E,,CRENA,,,
ifr,BUTON,Australia,,,,,,,,212448S,1180506E,,BUTON,,,
ifr,CRICK,Australia,,,,,,,,342930S,1250000E,,CRICK,,,
ifr,BUTPA,Australia,,,,,,,,083248S,1293954E,,BUTPA,,,
ifr,CUDGN,Australia,,,,,,,,281421S,1533239E,,CUDGN,,,
ifr,BUVEL,Australia,,,,,,,,301848S,1150314E,,BUVEL,,,
ifr,CULIN,Australia,,,,,,,,344424S,1492324E,,CULIN,,,
ifr,BUVGA,Australia,,,,,,,,360802S,1393904E,,BUVGA,,,
ifr,CURTN,Australia,,,,,,,,352058S,1491140E,,CURTN,,,
ifr,BUVIV,Australia,,,,,,,,372549S,1450016E,,BUVIV,,,
ifr,DABKO,Australia,,,,,,,,273651S,1525633E,,DABKO,,,
ifr,BUVLO,Australia,,,,,,,,333927S,1505919E,,BUVLO,,,
ifr,DABMI,Australia,,,,,,,,214340S,1450206E,,DABMI,,,
ifr,BUVOT,Australia,,,,,,,,315403S,1164255E,,BUVOT,,,
ifr,DABSU,Australia,,,,,,,,423852S,1471459E,,DABSU,,,
ifr,BUXAM,Australia,,,,,,,,360628S,1464457E,,BUXAM,,,
ifr,DABUX,Australia,,,,,,,,372713S,1444315E,,DABUX,,,
ifr,BYLLA,Australia,,,,,,,,270000S,1100000E,,BYLLA,,,
ifr,DADAD,Australia,,,,,,,,400843S,1503506E,,DADAD,,,
ifr,CALAR,Australia,,,,,,,,290000S,1364951E,,CALAR,,,
ifr,DADAN,Australia,,,,,,,,272949S,1530859E,,DADAN,,,
ifr,CALIG,Australia,,,,,,,,310200S,1162641E,,CALIG,,,
ifr,DADAR,Australia,,,,,,,,020000S,0792706E,,DADAR,,,
ifr,CALTX,Australia,,,,,,,,170000S,1493914E,,CALTX,,,
ifr,DADBO,Australia,,,,,,,,235211S,1505120E,,DADBO,,,
ifr,CAMBS,Australia,,,,,,,,250000S,1100000E,,CAMBS,,,
ifr,DADER,Australia,,,,,,,,364248S,1475401E,,DADER,,,
ifr,CANNU,Australia,,,,,,,,164939S,1454334E,,CANNU,,,
ifr,DADIS,Australia,,,,,,,,231034S,1503508E,,DADIS,,,
ifr,CANTY,Australia,,,,,,,,364824S,1443906E,,CANTY,,,
ifr,DADPI,Australia,,,,,,,,141722S,1263758E,,DADPI,,,
ifr,CAPER,Australia,,,,,,,,332245S,1505619E,,CAPER,,,
ifr,DADRU,Australia,,,,,,,,344955S,1360000E,,DADRU,,,
ifr,CARBN,Australia,,,,,,,,290722S,1465807E,,CARBN,,,
ifr,DADSI,Australia,,,,,,,,315646S,1162341E,,DADSI,,,
ifr,CARMN,Australia,,,,,,,,185157S,1461555E,,CARMN,,,
ifr,DADVA,Australia,,,,,,,,310044S,1372050E,,DADVA,,,
ifr,CARSL,Australia,,,,,,,,272106S,1530306E,,CARSL,,,
ifr,DAGAK,Australia,,,,,,,,123506S,1321534E,,DAGAK,,,
ifr,CARTS,Australia,,,,,,,,294116S,1361421E,,CARTS,,,
ifr,DAGSI,Australia,,,,,,,,204208S,1484715E,,DAGSI,,,
ifr,CATEY,Australia,,,,,,,,192825S,1460329E,,CATEY,,,
ifr,DAKLA,Australia,,,,,,,,271422S,1525541E,,DAKLA,,,
ifr,CAULI,Australia,,,,,,,,262730S,1321148E,,CAULI,,,
ifr,DAKTI,Australia,,,,,,,,122459S,1310905E,,DAKTI,,,
ifr,CAWLY,Australia,,,,,,,,341934S,1515728E,,CAWLY,,,
ifr,DALAR,Australia,,,,,,,,333213S,1510413E,,DALAR,,,
ifr,CBULA,Australia,,,,,,,,301600S,1533700E,,CBULA,,,
ifr,DALEY,Australia,,,,,,,,353342S,1491041E,,DALEY,,,
ifr,CESCI,Australia,,,,,,,,192216S,1245138E,,CESCI,,,
ifr,DALOS,Australia,,,,,,,,290129S,1673037E,,DALOS,,,
ifr,CHIDL,Australia,,,,,,,,315246S,1161554E,,CHIDL,,,
ifr,DALPA,Australia,,,,,,,,260000S,1240000E,,DALPA,,,
ifr,CHIMU,Australia,,,,,,,,373357S,1444750E,,CHIMU,,,
ifr,DALWU,Australia,,,,,,,,301441S,1164644E,,DALWU,,,
ifr,CHITT,Australia,,,,,,,,361618S,1434118E,,CHITT,,,
ifr,DAMDA,Australia,,,,,,,,272815S,1530324E,,DAMDA,,,
ifr,CHOOK,Australia,,,,,,,,281700S,1534138E,,CHOOK,,,
ifr,DAMIL,Australia,,,,,,,,162118S,1441608E,,DAMIL,,,
ifr,CITEE,Australia,,,,,,,,272812S,1530446E,,CITEE,,,
ifr,DAMKO,Australia,,,,,,,,352244S,1491140E,,DAMKO,,,
ifr,CLARY,Australia,,,,,,,,350559S,1383621E,,CLARY,,,
ifr,DAMOB,Australia,,,,,,,,314046S,1392118E,,DAMOB,,,
ifr,CLEOS,Australia,,,,,,,,275822S,1521734E,,CLEOS,,,
ifr,DAMPU,Australia,,,,,,,,212217S,1211608E,,DAMPU,,,
ifr,CLIFT,Australia,,,,,,,,203617S,1482727E,,CLIFT,,,
ifr,DAOVO,Australia,,,,,,,,025218S,0883542E,,DAOVO,,,
ifr,CLUGO,Australia,,,,,,,,320406S,1154212E,,CLUGO,,,
ifr,DAPLA,Australia,,,,,,,,192144S,1464202E,,DAPLA,,,
ifr,COBEL,Australia,,,,,,,,351006S,1280000E,,COBEL,,,
ifr,DAPMA,Australia,,,,,,,,144330S,1344419E,,DAPMA,,,
ifr,COBES,Australia,,,,,,,,231654S,1494948E,,COBES,,,
ifr,DAPPA,Australia,,,,,,,,253524S,1413030E,,DAPPA,,,
ifr,COBHI,Australia,,,,,,,,314754S,1433100E,,COBHI,,,
ifr,DAPTU,Australia,,,,,,,,271336S,1524817E,,DAPTU,,,
ifr,COCKA,Australia,,,,,,,,230231S,1493829E,,COCKA,,,
ifr,DARGI,Australia,,,,,,,,335518S,1502512E,,DARGI,,,
ifr,CODIE,Australia,,,,,,,,163242S,1453554E,,CODIE,,,
ifr,DARLY,Australia,,,,,,,,374414S,1443746E,,DARLY,,,
ifr,COLDS,Australia,,,,,,,,374240S,1452058E,,COLDS,,,
ifr,DAVEY,Australia,,,,,,,,202433S,1454459E,,DAVEY,,,
ifr,COLLY,Australia,,,,,,,,272922S,1473622E,,COLLY,,,
ifr,DAYBO,Australia,,,,,,,,270715S,1525306E,,DAYBO,,,
ifr,COLPY,Australia,,,,,,,,350211S,1382414E,,COLPY,,,
ifr,DAYLR,Australia,,,,,,,,321606S,1163317E,,DAYLR,,,
ifr,COMAC,Australia,,,,,,,,333308S,1375104E,,COMAC,,,
ifr,DAZZA,Australia,,,,,,,,212954S,1215918E,,DAZZA,,,
ifr,COMLY,Australia,,,,,,,,350947S,1390656E,,COMLY,,,
ifr,DEBAY,Australia,,,,,,,,271249S,1531023E,,DEBAY,,,
ifr,COOBI,Australia,,,,,,,,233517S,1201725E,,COOBI,,,
ifr,DEBAZ,Australia,,,,,,,,191736S,1402740E,,DEBAZ,,,
ifr,COODA,Australia,,,,,,,,271058S,1533942E,,COODA,,,
ifr,DEBEE,Australia,,,,,,,,280534S,1522050E,,DEBEE,,,
ifr,COOLA,Australia,,,,,,,,251800S,1502205E,,COOLA,,,
ifr,DECEM,Australia,,,,,,,,164605S,1121209E,,DECEM,,,
ifr,DEENA,Australia,,,,,,,,340624S,1511206E,,DEENA,,,
ifr,DOVOM,Australia,,,,,,,,284023S,1630000E,,DOVOM,,,
ifr,DEENO,Australia,,,,,,,,213509S,1311254E,,DEENO,,,
ifr,DOVPO,Australia,,,,,,,,322253S,1514724E,,DOVPO,,,
ifr,DEJAY,Australia,,,,,,,,285029S,1505344E,,DEJAY,,,
ifr,DOVUB,Australia,,,,,,,,255343S,1442007E,,DOVUB,,,
ifr,DELRU,Australia,,,,,,,,320336S,1160430E,,DELRU,,,
ifr,DOVUT,Australia,,,,,,,,365436S,1441240E,,DOVUT,,,
ifr,DENIS,Australia,,,,,,,,273323S,1530805E,,DENIS,,,
ifr,DOXAP,Australia,,,,,,,,330122S,1515946E,,DOXAP,,,
ifr,DERRY,Australia,,,,,,,,334317S,1480233E,,DERRY,,,
ifr,DOXIR,Australia,,,,,,,,325113S,1514522E,,DOXIR,,,
ifr,DERWY,Australia,,,,,,,,345847S,1380715E,,DERWY,,,
ifr,DRADO,Australia,,,,,,,,123952S,1305201E,,DRADO,,,
ifr,DESET,Australia,,,,,,,,245042S,1344612E,,DESET,,,
ifr,DRAIN,Australia,,,,,,,,270955S,1530504E,,DRAIN,,,
ifr,DEZZI,Australia,,,,,,,,290316S,1675744E,,DEZZI,,,
ifr,DRINA,Australia,,,,,,,,352513S,1391406E,,DRINA,,,
ifr,DICKO,Australia,,,,,,,,161810S,1301823E,,DICKO,,,
ifr,DUBAG,Australia,,,,,,,,153248S,0850000E,,DUBAG,,,
ifr,DIGLA,Australia,,,,,,,,211817S,1331127E,,DIGLA,,,
ifr,DUBOM,Australia,,,,,,,,271557S,1533334E,,DUBOM,,,
ifr,DIPLO,Australia,,,,,,,,400000S,1454100E,,DIPLO,,,
ifr,DUBOV,Australia,,,,,,,,344222S,1382030E,,DUBOV,,,
ifr,DIPPA,Australia,,,,,,,,335729S,1511926E,,DIPPA,,,
ifr,DUBSO,Australia,,,,,,,,094500S,1432518E,,DUBSO,,,
ifr,DIPSO,Australia,,,,,,,,335423S,1520419E,,DIPSO,,,
ifr,DUBUD,Australia,,,,,,,,290030S,1564139E,,DUBUD,,,
ifr,DISHA,Australia,,,,,,,,350410S,1390421E,,DISHA,,,
ifr,DUBUS,Australia,,,,,,,,360854S,1475143E,,DUBUS,,,
ifr,DISPT,Australia,,,,,,,,255557S,1531124E,,DISPT,,,
ifr,DUDEP,Australia,,,,,,,,323456S,1550237E,,DUDEP,,,
ifr,DOBGO,Australia,,,,,,,,203039S,1444358E,,DOBGO,,,
ifr,DUDIM,Australia,,,,,,,,140523S,1262312E,,DUDIM,,,
ifr,DOBGU,Australia,,,,,,,,303649S,1205432E,,DOBGU,,,
ifr,DUDIN,Australia,,,,,,,,315646S,1163249E,,DUDIN,,,
ifr,DODRO,Australia,,,,,,,,230527S,1405612E,,DODRO,,,
ifr,DUDOK,Australia,,,,,,,,340448S,1510438E,,DUDOK,,,
ifr,DOGAR,Australia,,,,,,,,020000S,0875100E,,DOGAR,,,
ifr,DUGAD,Australia,,,,,,,,380353S,1465400E,,DUGAD,,,
ifr,DOGMI,Australia,,,,,,,,410500S,1472820E,,DOGMI,,,
ifr,DUGAL,Australia,,,,,,,,274344S,1533151E,,DUGAL,,,
ifr,DOGMU,Australia,,,,,,,,275103S,1531656E,,DOGMU,,,
ifr,DUGAM,Australia,,,,,,,,123206S,1311654E,,DUGAM,,,
ifr,DOGRO,Australia,,,,,,,,350054S,1491020E,,DOGRO,,,
ifr,DUGEG,Australia,,,,,,,,304612S,1144759E,,DUGEG,,,
ifr,DOGTU,Australia,,,,,,,,365802S,1515905E,,DOGTU,,,
ifr,DUGGI,Australia,,,,,,,,363545S,1462650E,,DUGGI,,,
ifr,DOGVO,Australia,,,,,,,,315836S,1155018E,,DOGVO,,,
ifr,DUGOT,Australia,,,,,,,,373704S,1450252E,,DUGOT,,,
ifr,DOKSU,Australia,,,,,,,,284712S,1381842E,,DOKSU,,,
ifr,DUGOV,Australia,,,,,,,,223749S,1193910E,,DUGOV,,,
ifr,DOLIB,Australia,,,,,,,,203327S,1442501E,,DOLIB,,,
ifr,DUKAD,Australia,,,,,,,,264819S,1501020E,,DUKAD,,,
ifr,DOLKO,Australia,,,,,,,,240000S,1525218E,,DOLKO,,,
ifr,DUKEL,Australia,,,,,,,,262115S,1531026E,,DUKEL,,,
ifr,DOLSU,Australia,,,,,,,,270326S,1533452E,,DOLSU,,,
ifr,DUKEP,Australia,,,,,,,,124130S,1314248E,,DUKEP,,,
ifr,DOLVU,Australia,,,,,,,,344225S,1383754E,,DOLVU,,,
ifr,DUKEV,Australia,,,,,,,,291440S,1144456E,,DUKEV,,,
ifr,DOMBO,Australia,,,,,,,,273158S,1532716E,,DOMBO,,,
ifr,DUKID,Australia,,,,,,,,142122S,1322158E,,DUKID,,,
ifr,DOMOM,Australia,,,,,,,,162613S,1150758E,,DOMOM,,,
ifr,DUKUB,Australia,,,,,,,,120000S,1491934E,,DUKUB,,,
ifr,DOMTI,Australia,,,,,,,,142507S,1375717E,,DOMTI,,,
ifr,DUKUK,Australia,,,,,,,,185000S,1464500E,,DUKUK,,,
ifr,DONBU,Australia,,,,,,,,353859S,1350000E,,DONBU,,,
ifr,DULCI,Australia,,,,,,,,335454S,1521518E,,DULCI,,,
ifr,DONIC,Australia,,,,,,,,332247S,1515428E,,DONIC,,,
ifr,DULIN,Australia,,,,,,,,273856S,1524325E,,DULIN,,,
ifr,DONLO,Australia,,,,,,,,185157S,1462933E,,DONLO,,,
ifr,DULOG,Australia,,,,,,,,350703S,1382601E,,DULOG,,,
ifr,DOORA,Australia,,,,,,,,315424S,1490519E,,DOORA,,,
ifr,DULUB,Australia,,,,,,,,205356S,1152312E,,DULUB,,,
ifr,DOPTI,Australia,,,,,,,,344958S,1382750E,,DOPTI,,,
ifr,DUMAV,Australia,,,,,,,,135627S,1353545E,,DUMAV,,,
ifr,DOPUK,Australia,,,,,,,,181434S,1272509E,,DOPUK,,,
ifr,DUMIT,Australia,,,,,,,,424215S,1474346E,,DUMIT,,,
ifr,DOREN,Australia,,,,,,,,373636S,1450804E,,DOREN,,,
ifr,DUMOP,Australia,,,,,,,,333905S,1510559E,,DUMOP,,,
ifr,DORKO,Australia,,,,,,,,163012S,1454103E,,DORKO,,,
ifr,DUMPA,Australia,,,,,,,,132653S,1343049E,,DUMPA,,,
ifr,DORNU,Australia,,,,,,,,230931S,1501458E,,DORNU,,,
ifr,DUNAN,Australia,,,,,,,,211540S,1363407E,,DUNAN,,,
ifr,DOSAM,Australia,,,,,,,,165410S,1331200E,,DOSAM,,,
ifr,DUNDA,Australia,,,,,,,,324254S,1215200E,,DUNDA,,,
ifr,DOSBO,Australia,,,,,,,,135718S,1325012E,,DOSBO,,,
ifr,DUNES,Australia,,,,,,,,340136S,1511030E,,DUNES,,,
ifr,DOSEL,Australia,,,,,,,,370954S,1452343E,,DOSEL,,,
ifr,DUNNE,Australia,,,,,,,,375459S,1460715E,,DUNNE,,,
ifr,DOTAP,Australia,,,,,,,,200917S,1364326E,,DOTAP,,,
ifr,DUNNI,Australia,,,,,,,,272849S,1532322E,,DUNNI,,,
ifr,DOTBO,Australia,,,,,,,,334818S,1394209E,,DOTBO,,,
ifr,DUPUG,Australia,,,,,,,,260143S,1482753E,,DUPUG,,,
ifr,DOTLO,Australia,,,,,,,,204210S,1152733E,,DOTLO,,,
ifr,DUTAK,Australia,,,,,,,,293012S,1173256E,,DUTAK,,,
ifr,DOTOD,Australia,,,,,,,,151424S,1490411E,,DOTOD,,,
ifr,DUUKE,Australia,,,,,,,,325858S,1504753E,,DUUKE,,,
ifr,DOTOP,Australia,,,,,,,,320618S,1190448E,,DOTOP,,,
ifr,EAZEE,Australia,,,,,,,,163323S,1454106E,,EAZEE,,,
ifr,DOTPA,Australia,,,,,,,,371446S,1442927E,,DOTPA,,,
ifr,EBARR,Australia,,,,,,,,310000S,1100000E,,EBARR,,,
ifr,DOTTE,Australia,,,,,,,,184154S,1445242E,,DOTTE,,,
ifr,EBONY,Australia,,,,,,,,361057S,1470414E,,EBONY,,,
ifr,DOTUM,Australia,,,,,,,,240300S,1335410E,,DOTUM,,,
ifr,ECATT,Australia,,,,,,,,194124S,1405533E,,ECATT,,,
ifr,DOTVU,Australia,,,,,,,,404959S,1450454E,,DOTVU,,,
ifr,ECKHO,Australia,,,,,,,,393928S,1503104E,,ECKHO,,,
ifr,DOVAR,Australia,,,,,,,,344139S,1384721E,,DOVAR,,,
ifr,EDPEG,Australia,,,,,,,,284953S,1513543E,,EDPEG,,,
ifr,DOVEX,Australia,,,,,,,,364924S,1474723E,,DOVEX,,,
ifr,EEMUE,Australia,,,,,,,,352118S,1375914E,,EEMUE,,,
ifr,DOVMI,Australia,,,,,,,,263657S,1532314E,,DOVMI,,,
ifr,EFFEY,Australia,,,,,,,,200921S,1464031E,,EFFEY,,,
ifr,DOVOD,Australia,,,,,,,,341132S,1404033E,,DOVOD,,,
ifr,EGAPU,Australia,,,,,,,,322348S,1514136E,,EGAPU,,,
ifr,EGARO,Australia,,,,,,,,293000S,1140000E,,EGARO,,,
ifr,EMSIT,Australia,,,,,,,,270630S,1531129E,,EMSIT,,,
ifr,EGATU,Australia,,,,,,,,120000S,1160536E,,EGATU,,,
ifr,EMSOD,Australia,,,,,,,,273332S,1514738E,,EMSOD,,,
ifr,EGAVI,Australia,,,,,,,,182924S,1090224E,,EGAVI,,,
ifr,EMSUP,Australia,,,,,,,,220032S,1495704E,,EMSUP,,,
ifr,EGEKA,Australia,,,,,,,,374340S,1450111E,,EGEKA,,,
ifr,EMSUR,Australia,,,,,,,,323351S,1502815E,,EMSUR,,,
ifr,EGEVO,Australia,,,,,,,,330247S,1515143E,,EGEVO,,,
ifr,EMTID,Australia,,,,,,,,292346S,1502620E,,EMTID,,,
ifr,EGOPI,Australia,,,,,,,,201628S,1453552E,,EGOPI,,,
ifr,EMTUS,Australia,,,,,,,,293452S,1465705E,,EMTUS,,,
ifr,EGOPO,Australia,,,,,,,,340657S,1510109E,,EGOPO,,,
ifr,EMVAS,Australia,,,,,,,,112812S,1002942E,,EMVAS,,,
ifr,EGUBA,Australia,,,,,,,,282339S,1503358E,,EGUBA,,,
ifr,EMVEP,Australia,,,,,,,,205617S,1151835E,,EMVEP,,,
ifr,EGUGO,Australia,,,,,,,,235053S,1513256E,,EGUGO,,,
ifr,EMVOM,Australia,,,,,,,,331728S,1494823E,,EMVOM,,,
ifr,EGUMI,Australia,,,,,,,,153035S,1280905E,,EGUMI,,,
ifr,EMVUG,Australia,,,,,,,,332218S,1514555E,,EMVUG,,,
ifr,EKABO,Australia,,,,,,,,310355S,1503829E,,EKABO,,,
ifr,ENAID,Australia,,,,,,,,272256S,1533732E,,ENAID,,,
ifr,EKASA,Australia,,,,,,,,352003S,1493553E,,EKASA,,,
ifr,ENBAB,Australia,,,,,,,,120718S,1302613E,,ENBAB,,,
ifr,EKEGA,Australia,,,,,,,,344145S,1381546E,,EKEGA,,,
ifr,ENBET,Australia,,,,,,,,272752S,1525354E,,ENBET,,,
ifr,EKIBI,Australia,,,,,,,,320022S,1511302E,,EKIBI,,,
ifr,ENBUD,Australia,,,,,,,,372332S,1463528E,,ENBUD,,,
ifr,EKIDA,Australia,,,,,,,,315836S,1564649E,,EKIDA,,,
ifr,ENDET,Australia,,,,,,,,182405S,1453958E,,ENDET,,,
ifr,EKIPU,Australia,,,,,,,,331226S,1514426E,,EKIPU,,,
ifr,ENDEV,Australia,,,,,,,,341048S,1511454E,,ENDEV,,,
ifr,EKKAS,Australia,,,,,,,,380442S,1451124E,,EKKAS,,,
ifr,ENDIS,Australia,,,,,,,,344618S,1504447E,,ENDIS,,,
ifr,EKOKO,Australia,,,,,,,,304941S,1373915E,,EKOKO,,,
ifr,ENDOR,Australia,,,,,,,,351712S,1492049E,,ENDOR,,,
ifr,EKOKU,Australia,,,,,,,,161800S,1465354E,,EKOKU,,,
ifr,ENDOV,Australia,,,,,,,,240406S,1175622E,,ENDOV,,,
ifr,EKULA,Australia,,,,,,,,193235S,1144104E,,EKULA,,,
ifr,ENDUM,Australia,,,,,,,,373929S,1450925E,,ENDUM,,,
ifr,EKUNO,Australia,,,,,,,,290046S,1244209E,,EKUNO,,,
ifr,ENGUD,Australia,,,,,,,,295934S,1181234E,,ENGUD,,,
ifr,ELAPO,Australia,,,,,,,,330948S,1402706E,,ELAPO,,,
ifr,ENKIG,Australia,,,,,,,,144115S,1322424E,,ENKIG,,,
ifr,ELATA,Australia,,,,,,,,344322S,1390458E,,ELATA,,,
ifr,ENKIL,Australia,,,,,,,,375634S,1470529E,,ENKIL,,,
ifr,ELATI,Australia,,,,,,,,020000S,0895742E,,ELATI,,,
ifr,ENKOG,Australia,,,,,,,,273413S,1530058E,,ENKOG,,,
ifr,ELBIS,Australia,,,,,,,,090518S,1274342E,,ELBIS,,,
ifr,ENLIP,Australia,,,,,,,,275701S,1523451E,,ENLIP,,,
ifr,ELDEK,Australia,,,,,,,,203259S,1491430E,,ELDEK,,,
ifr,ENLUB,Australia,,,,,,,,345808S,1381810E,,ENLUB,,,
ifr,ELDID,Australia,,,,,,,,292858S,1171016E,,ELDID,,,
ifr,ENNGG,Australia,,,,,,,,344906S,1384954E,,ENNGG,,,
ifr,ELDUX,Australia,,,,,,,,284009S,1533226E,,ELDUX,,,
ifr,ENPAG,Australia,,,,,,,,313308S,1471141E,,ENPAG,,,
ifr,ELENI,Australia,,,,,,,,274233S,1522944E,,ELENI,,,
ifr,ENPIM,Australia,,,,,,,,375252S,1473407E,,ENPIM,,,
ifr,ELGAX,Australia,,,,,,,,351804S,1493115E,,ELGAX,,,
ifr,ENPIT,Australia,,,,,,,,232159S,1262918E,,ENPIT,,,
ifr,ELGIS,Australia,,,,,,,,345937S,1381639E,,ELGIS,,,
ifr,ENPUD,Australia,,,,,,,,110954S,1322902E,,ENPUD,,,
ifr,ELGOL,Australia,,,,,,,,344635S,1504507E,,ELGOL,,,
ifr,ENPUK,Australia,,,,,,,,271743S,1525604E,,ENPUK,,,
ifr,ELGON,Australia,,,,,,,,295342S,1361212E,,ELGON,,,
ifr,ENPUM,Australia,,,,,,,,314927S,1153955E,,ENPUM,,,
ifr,ELGUM,Australia,,,,,,,,121644S,1304425E,,ELGUM,,,
ifr,ENRES,Australia,,,,,,,,162646S,1360441E,,ENRES,,,
ifr,ELGUN,Australia,,,,,,,,432655S,1630000E,,ELGUN,,,
ifr,ENRIM,Australia,,,,,,,,281355S,1534640E,,ENRIM,,,
ifr,ELKAB,Australia,,,,,,,,321530S,1504640E,,ELKAB,,,
ifr,ENSAB,Australia,,,,,,,,214130S,1451930E,,ENSAB,,,
ifr,ELKAK,Australia,,,,,,,,315325S,1160328E,,ELKAK,,,
ifr,ENSEG,Australia,,,,,,,,372634S,1450022E,,ENSEG,,,
ifr,ELKOV,Australia,,,,,,,,325051S,1515425E,,ELKOV,,,
ifr,ENSID,Australia,,,,,,,,240218S,1154230E,,ENSID,,,
ifr,ELLOW,Australia,,,,,,,,245710S,1343627E,,ELLOW,,,
ifr,ENSOM,Australia,,,,,,,,192225S,1462559E,,ENSOM,,,
ifr,ELMEN,Australia,,,,,,,,332738S,1505015E,,ELMEN,,,
ifr,ENSUR,Australia,,,,,,,,320038S,1153652E,,ENSUR,,,
ifr,ELMEP,Australia,,,,,,,,324214S,1375715E,,ELMEP,,,
ifr,ENTAL,Australia,,,,,,,,282842S,1190633E,,ENTAL,,,
ifr,ELMOL,Australia,,,,,,,,272431S,1414829E,,ELMOL,,,
ifr,ENTOL,Australia,,,,,,,,172726S,1405000E,,ENTOL,,,
ifr,ELMOR,Australia,,,,,,,,400000S,1465137E,,ELMOR,,,
ifr,ENTOV,Australia,,,,,,,,361052S,1495026E,,ENTOV,,,
ifr,ELMUM,Australia,,,,,,,,284557S,1391607E,,ELMUM,,,
ifr,ENTOX,Australia,,,,,,,,274026S,1530150E,,ENTOX,,,
ifr,ELNAX,Australia,,,,,,,,263112S,1531158E,,ELNAX,,,
ifr,ENTRA,Australia,,,,,,,,333459S,1514149E,,ENTRA,,,
ifr,ELNIV,Australia,,,,,,,,383622S,1473200E,,ELNIV,,,
ifr,ENTRE,Australia,,,,,,,,313203S,1305657E,,ENTRE,,,
ifr,ELNOT,Australia,,,,,,,,160110S,1431722E,,ELNOT,,,
ifr,ENVIR,Australia,,,,,,,,323408S,1515302E,,ENVIR,,,
ifr,ELNUL,Australia,,,,,,,,281854S,1174030E,,ELNUL,,,
ifr,ENVOS,Australia,,,,,,,,284555S,1165817E,,ENVOS,,,
ifr,ELONG,Australia,,,,,,,,320406S,1485636E,,ELONG,,,
ifr,EPDAM,Australia,,,,,,,,121801S,1304811E,,EPDAM,,,
ifr,ELREL,Australia,,,,,,,,412230S,1471831E,,ELREL,,,
ifr,EPGAG,Australia,,,,,,,,164706S,1453051E,,EPGAG,,,
ifr,ELRIM,Australia,,,,,,,,333233S,1375252E,,ELRIM,,,
ifr,EPGIB,Australia,,,,,,,,205208S,1152409E,,EPGIB,,,
ifr,ELROX,Australia,,,,,,,,351537S,1375402E,,ELROX,,,
ifr,EPGIV,Australia,,,,,,,,323923S,1512924E,,EPGIV,,,
ifr,ELRUG,Australia,,,,,,,,255523S,1472103E,,ELRUG,,,
ifr,EPGUP,Australia,,,,,,,,103902S,0993306E,,EPGUP,,,
ifr,EMPUM,Australia,,,,,,,,275159S,1523529E,,EMPUM,,,
ifr,EPKEK,Australia,,,,,,,,315152S,1483914E,,EPKEK,,,
ifr,EMPUP,Australia,,,,,,,,344813S,1384625E,,EMPUP,,,
ifr,ERINA,Australia,,,,,,,,305646S,1344500E,,ERINA,,,
ifr,EMRIG,Australia,,,,,,,,373900S,1451141E,,EMRIG,,,
ifr,ERITH,Australia,,,,,,,,341155S,1382638E,,ERITH,,,
ifr,EMROT,Australia,,,,,,,,324520S,1494846E,,EMROT,,,
ifr,ERVEV,Australia,,,,,,,,323302S,1520212E,,ERVEV,,,
ifr,EMSEK,Australia,,,,,,,,373839S,1445728E,,EMSEK,,,
ifr,ESDAM,Australia,,,,,,,,192146S,1464255E,,ESDAM,,,
ifr,ESDAN,Australia,,,,,,,,374336S,1445441E,,ESDAN,,,
ifr,GAYLA,Australia,,,,,,,,265539S,1525212E,,GAYLA,,,
ifr,ESDEG,Australia,,,,,,,,291232S,1160125E,,ESDEG,,,
ifr,GEDEN,Australia,,,,,,,,374312S,1450054E,,GEDEN,,,
ifr,ESDIG,Australia,,,,,,,,374432S,1434524E,,ESDIG,,,
ifr,GEKKO,Australia,,,,,,,,211209S,1315024E,,GEKKO,,,
ifr,ESDIT,Australia,,,,,,,,204453S,1152950E,,ESDIT,,,
ifr,GEMAC,Australia,,,,,,,,381326S,1501930E,,GEMAC,,,
ifr,ESDOD,Australia,,,,,,,,322611S,1514502E,,ESDOD,,,
ifr,GEORG,Australia,,,,,,,,350340S,1493012E,,GEORG,,,
ifr,ESKAN,Australia,,,,,,,,273958S,1530536E,,ESKAN,,,
ifr,GEPEC,Australia,,,,,,,,274612S,1523229E,,GEPEC,,,
ifr,ESKUT,Australia,,,,,,,,224853S,1490708E,,ESKUT,,,
ifr,GERBL,Australia,,,,,,,,273430S,1522538E,,GERBL,,,
ifr,ESLAR,Australia,,,,,,,,223551S,1482104E,,ESLAR,,,
ifr,GEROS,Australia,,,,,,,,350105S,1545955E,,GEROS,,,
ifr,ESLES,Australia,,,,,,,,255831S,1472326E,,ESLES,,,
ifr,GETON,Australia,,,,,,,,350358S,1384438E,,GETON,,,
ifr,ESLOK,Australia,,,,,,,,375246S,1445238E,,ESLOK,,,
ifr,GIBIL,Australia,,,,,,,,353351S,1491243E,,GIBIL,,,
ifr,ESLOM,Australia,,,,,,,,290212S,1483950E,,ESLOM,,,
ifr,GILES,Australia,,,,,,,,350018S,1374752E,,GILES,,,
ifr,ESLUB,Australia,,,,,,,,271648S,1533006E,,ESLUB,,,
ifr,GILUM,Australia,,,,,,,,113636S,1390048E,,GILUM,,,
ifr,ESMIN,Australia,,,,,,,,325926S,1193410E,,ESMIN,,,
ifr,GIPPS,Australia,,,,,,,,374236S,1480506E,,GIPPS,,,
ifr,ESMUM,Australia,,,,,,,,185944S,1164023E,,ESMUM,,,
ifr,GITOP,Australia,,,,,,,,352541S,1373342E,,GITOP,,,
ifr,ESNAB,Australia,,,,,,,,380607S,1442725E,,ESNAB,,,
ifr,GITSM,Australia,,,,,,,,204127S,1165429E,,GITSM,,,
ifr,ESNAV,Australia,,,,,,,,270813S,1524638E,,ESNAV,,,
ifr,GIVEB,Australia,,,,,,,,311357S,1192121E,,GIVEB,,,
ifr,ESNIT,Australia,,,,,,,,271321S,1534103E,,ESNIT,,,
ifr,GIVID,Australia,,,,,,,,391412S,1502737E,,GIVID,,,
ifr,EURAD,Australia,,,,,,,,273734S,1143532E,,EURAD,,,
ifr,GIVOT,Australia,,,,,,,,424151S,1473506E,,GIVOT,,,
ifr,EVFRS,Australia,,,,,,,,165458S,1454655E,,EVFRS,,,
ifr,GIXOX,Australia,,,,,,,,232412S,1501732E,,GIXOX,,,
ifr,EVIEC,Australia,,,,,,,,302120S,1411922E,,EVIEC,,,
ifr,GLENN,Australia,,,,,,,,273430S,1530112E,,GLENN,,,
ifr,EVOKE,Australia,,,,,,,,284301S,1425658E,,EVOKE,,,
ifr,GLOBE,Australia,,,,,,,,344748S,1383355E,,GLOBE,,,
ifr,EVONN,Australia,,,,,,,,341143S,1520152E,,EVONN,,,
ifr,GOANA,Australia,,,,,,,,322630S,1540923E,,GOANA,,,
ifr,EXETA,Australia,,,,,,,,343826S,1501631E,,EXETA,,,
ifr,GOBAR,Australia,,,,,,,,224505S,1475954E,,GOBAR,,,
ifr,EXOTU,Australia,,,,,,,,311317S,1494243E,,EXOTU,,,
ifr,GODIM,Australia,,,,,,,,283530S,1481300E,,GODIM,,,
ifr,EXOVA,Australia,,,,,,,,340346S,1512810E,,EXOVA,,,
ifr,GODIP,Australia,,,,,,,,120012S,1440742E,,GODIP,,,
ifr,EXROM,Australia,,,,,,,,392421S,1460523E,,EXROM,,,
ifr,GODUX,Australia,,,,,,,,313725S,1150818E,,GODUX,,,
ifr,EXXON,Australia,,,,,,,,254636S,1433906E,,EXXON,,,
ifr,GOGEV,Australia,,,,,,,,174617S,1213338E,,GOGEV,,,
ifr,EYELA,Australia,,,,,,,,271535S,1502006E,,EYELA,,,
ifr,GOGEX,Australia,,,,,,,,272727S,1530513E,,GOGEX,,,
ifr,EYSAW,Australia,,,,,,,,192302S,1451044E,,EYSAW,,,
ifr,GOKIB,Australia,,,,,,,,302907S,1365236E,,GOKIB,,,
ifr,EZDON,Australia,,,,,,,,250000S,1202954E,,EZDON,,,
ifr,GOKUN,Australia,,,,,,,,230900S,1502754E,,GOKUN,,,
ifr,FAFKA,Australia,,,,,,,,195706S,1234048E,,FAFKA,,,
ifr,GOKUP,Australia,,,,,,,,232027S,1183305E,,GOKUP,,,
ifr,FALEE,Australia,,,,,,,,344549S,1381109E,,FALEE,,,
ifr,GOLOM,Australia,,,,,,,,324434S,1520721E,,GOLOM,,,
ifr,FARMA,Australia,,,,,,,,174855S,1433512E,,FARMA,,,
ifr,GOLUX,Australia,,,,,,,,175813S,1175217E,,GOLUX,,,
ifr,FASIE,Australia,,,,,,,,171952S,1431052E,,FASIE,,,
ifr,GOMAN,Australia,,,,,,,,353836S,1485449E,,GOMAN,,,
ifr,FAUKS,Australia,,,,,,,,282435S,1535136E,,FAUKS,,,
ifr,GOMAP,Australia,,,,,,,,224229S,1292028E,,GOMAP,,,
ifr,FECTI,Australia,,,,,,,,182803S,1165413E,,FECTI,,,
ifr,GOMOL,Australia,,,,,,,,281008S,1533015E,,GOMOL,,,
ifr,FENDA,Australia,,,,,,,,321826S,1154553E,,FENDA,,,
ifr,GOMOM,Australia,,,,,,,,420910S,1451741E,,GOMOM,,,
ifr,FIKUL,Australia,,,,,,,,282342S,1533912E,,FIKUL,,,
ifr,GOMUB,Australia,,,,,,,,335530S,1504117E,,GOMUB,,,
ifr,FISHA,Australia,,,,,,,,335436S,1512236E,,FISHA,,,
ifr,GOMUL,Australia,,,,,,,,273317S,1352630E,,GOMUL,,,
ifr,FLATS,Australia,,,,,,,,185806S,1404948E,,FLATS,,,
ifr,GONEB,Australia,,,,,,,,373145S,1471840E,,GONEB,,,
ifr,FLATY,Australia,,,,,,,,252450S,1545311E,,FLATY,,,
ifr,GOOLA,Australia,,,,,,,,374849S,1450034E,,GOOLA,,,
ifr,FLEMO,Australia,,,,,,,,350447S,1534401E,,FLEMO,,,
ifr,GOOMA,Australia,,,,,,,,330939S,1550258E,,GOOMA,,,
ifr,FLIKI,Australia,,,,,,,,400000S,1462336E,,FLIKI,,,
ifr,GOONY,Australia,,,,,,,,350353S,1491225E,,GOONY,,,
ifr,FOGGI,Australia,,,,,,,,163923S,1455334E,,FOGGI,,,
ifr,GOOTA,Australia,,,,,,,,220138S,1181919E,,GOOTA,,,
ifr,FONLO,Australia,,,,,,,,432852S,1574628E,,FONLO,,,
ifr,GOPMI,Australia,,,,,,,,132125S,1423201E,,GOPMI,,,
ifr,FOXLO,Australia,,,,,,,,353309S,1491847E,,FOXLO,,,
ifr,GOPVO,Australia,,,,,,,,292449S,1492646E,,GOPVO,,,
ifr,FRAZA,Australia,,,,,,,,332605S,1355227E,,FRAZA,,,
ifr,GORGN,Australia,,,,,,,,204335S,1163841E,,GORGN,,,
ifr,FREDO,Australia,,,,,,,,330250S,1515046E,,FREDO,,,
ifr,GORMA,Australia,,,,,,,,315149S,1154152E,,GORMA,,,
ifr,FYSTI,Australia,,,,,,,,272234S,1531545E,,FYSTI,,,
ifr,GORRI,Australia,,,,,,,,272710S,1525554E,,GORRI,,,
ifr,GAANY,Australia,,,,,,,,302620S,1371756E,,GAANY,,,
ifr,GORSO,Australia,,,,,,,,274322S,1525443E,,GORSO,,,
ifr,GAFER,Australia,,,,,,,,221751S,1363807E,,GAFER,,,
ifr,GORTA,Australia,,,,,,,,342128S,1545942E,,GORTA,,,
ifr,GALAH,Australia,,,,,,,,350454S,1420642E,,GALAH,,,
ifr,GOSKO,Australia,,,,,,,,374512S,1444345E,,GOSKO,,,
ifr,GALON,Australia,,,,,,,,303805S,1543200E,,GALON,,,
ifr,GOSNL,Australia,,,,,,,,320421S,1160510E,,GOSNL,,,
ifr,GARTH,Australia,,,,,,,,265954S,1524530E,,GARTH,,,
ifr,GOSVU,Australia,,,,,,,,203142S,1490520E,,GOSVU,,,
ifr,GASSO,Australia,,,,,,,,200000S,1512024E,,GASSO,,,
ifr,GOTLU,Australia,,,,,,,,414820S,1462509E,,GOTLU,,,
ifr,GATER,Australia,,,,,,,,282655S,1554104E,,GATER,,,
ifr,GOTSI,Australia,,,,,,,,192539S,1464105E,,GOTSI,,,
ifr,GATOR,Australia,,,,,,,,122743S,1314525E,,GATOR,,,
ifr,GRACY,Australia,,,,,,,,372050S,1413443E,,GRACY,,,
ifr,GAVAS,Australia,,,,,,,,322000S,1465936E,,GAVAS,,,
ifr,GRAEM,Australia,,,,,,,,271856S,1531005E,,GRAEM,,,
ifr,GREAV,Australia,,,,,,,,281900S,1533811E,,GREAV,,,
ifr,HARMN,Australia,,,,,,,,321012S,1155354E,,HARMN,,,
ifr,GREGA,Australia,,,,,,,,170020S,1324528E,,GREGA,,,
ifr,HARRO,Australia,,,,,,,,374658S,1451647E,,HARRO,,,
ifr,GRIGS,Australia,,,,,,,,345435S,1384320E,,GRIGS,,,
ifr,HARVS,Australia,,,,,,,,254300S,1560401E,,HARVS,,,
ifr,GROOK,Australia,,,,,,,,341204S,1511359E,,GROOK,,,
ifr,HAYCO,Australia,,,,,,,,320824S,1154206E,,HAYCO,,,
ifr,GUBVO,Australia,,,,,,,,175348S,1253636E,,GUBVO,,,
ifr,HAYES,Australia,,,,,,,,373306S,1451412E,,HAYES,,,
ifr,GUDSO,Australia,,,,,,,,261645S,1530614E,,GUDSO,,,
ifr,HAZOS,Australia,,,,,,,,302347S,1374043E,,HAZOS,,,
ifr,GUDUG,Australia,,,,,,,,070436S,0750000E,,GUDUG,,,
ifr,HEALE,Australia,,,,,,,,130848S,1400000E,,HEALE,,,
ifr,GUGAB,Australia,,,,,,,,294107S,1394959E,,GUGAB,,,
ifr,HECTO,Australia,,,,,,,,330018S,1203054E,,HECTO,,,
ifr,GUGAN,Australia,,,,,,,,192934S,1465104E,,GUGAN,,,
ifr,HELLI,Australia,,,,,,,,131435S,1294937E,,HELLI,,,
ifr,GUGED,Australia,,,,,,,,281701S,1533155E,,GUGED,,,
ifr,HENDO,Australia,,,,,,,,171315S,1455416E,,HENDO,,,
ifr,GUGMA,Australia,,,,,,,,353448S,1390104E,,GUGMA,,,
ifr,HERNE,Australia,,,,,,,,314949S,1160342E,,HERNE,,,
ifr,GUGON,Australia,,,,,,,,323012S,0750000E,,GUGON,,,
ifr,HEWIT,Australia,,,,,,,,423001S,1505529E,,HEWIT,,,
ifr,GUGRA,Australia,,,,,,,,212336S,1162542E,,GUGRA,,,
ifr,HIDOT,Australia,,,,,,,,321249S,1162720E,,HIDOT,,,
ifr,GUGTI,Australia,,,,,,,,345355S,1383615E,,GUGTI,,,
ifr,HIINE,Australia,,,,,,,,284956S,1342224E,,HIINE,,,
ifr,GUGUK,Australia,,,,,,,,145629S,1385236E,,GUGUK,,,
ifr,HILAR,Australia,,,,,,,,313843S,1482910E,,HILAR,,,
ifr,GUKEL,Australia,,,,,,,,163913S,1223438E,,GUKEL,,,
ifr,HIMOD,Australia,,,,,,,,344821S,1384100E,,HIMOD,,,
ifr,GUKON,Australia,,,,,,,,225621S,1213054E,,GUKON,,,
ifr,HINDS,Australia,,,,,,,,304742S,1163216E,,HINDS,,,
ifr,GUKVI,Australia,,,,,,,,161454S,1341536E,,GUKVI,,,
ifr,HIPPO,Australia,,,,,,,,352755S,1492307E,,HIPPO,,,
ifr,GULEB,Australia,,,,,,,,422933S,1472323E,,GULEB,,,
ifr,HIRST,Australia,,,,,,,,345438S,1385652E,,HIRST,,,
ifr,GULFF,Australia,,,,,,,,142200S,1400000E,,GULFF,,,
ifr,HOBBO,Australia,,,,,,,,120000S,1530933E,,HOBBO,,,
ifr,GULFS,Australia,,,,,,,,345111S,1380808E,,GULFS,,,
ifr,HODDA,Australia,,,,,,,,131604S,1315756E,,HODDA,,,
ifr,GULNU,Australia,,,,,,,,391901S,1443535E,,GULNU,,,
ifr,HOKOR,Australia,,,,,,,,133718S,1380000E,,HOKOR,,,
ifr,GULOP,Australia,,,,,,,,154912S,1415522E,,GULOP,,,
ifr,HOLIT,Australia,,,,,,,,342757S,1382123E,,HOLIT,,,
ifr,GULUM,Australia,,,,,,,,231313S,1282749E,,GULUM,,,
ifr,HONEY,Australia,,,,,,,,353555S,1490345E,,HONEY,,,
ifr,GUMAP,Australia,,,,,,,,305202S,1475354E,,GUMAP,,,
ifr,HONGI,Australia,,,,,,,,212957S,1312124E,,HONGI,,,
ifr,GUMBA,Australia,,,,,,,,274408S,1514820E,,GUMBA,,,
ifr,HOODY,Australia,,,,,,,,342454S,1193436E,,HOODY,,,
ifr,GUMKI,Australia,,,,,,,,271113S,1535133E,,GUMKI,,,
ifr,HOOLI,Australia,,,,,,,,215652S,1180744E,,HOOLI,,,
ifr,GUMUR,Australia,,,,,,,,123103S,1305531E,,GUMUR,,,
ifr,HOORN,Australia,,,,,,,,205052S,1163250E,,HOORN,,,
ifr,GUMUT,Australia,,,,,,,,192037S,1470823E,,GUMUT,,,
ifr,HOPLA,Australia,,,,,,,,373912S,1444143E,,HOPLA,,,
ifr,GUNAM,Australia,,,,,,,,144202S,1251213E,,GUNAM,,,
ifr,HORSH,Australia,,,,,,,,374336S,1445055E,,HORSH,,,
ifr,GUNGN,Australia,,,,,,,,315813S,1160759E,,GUNGN,,,
ifr,HORUS,Australia,,,,,,,,372642S,1450945E,,HORUS,,,
ifr,GUNOK,Australia,,,,,,,,313317S,1160728E,,GUNOK,,,
ifr,HOTTA,Australia,,,,,,,,222936S,1425812E,,HOTTA,,,
ifr,GUNRO,Australia,,,,,,,,163550S,1453721E,,GUNRO,,,
ifr,HOVEA,Australia,,,,,,,,315242S,1160454E,,HOVEA,,,
ifr,GUNTA,Australia,,,,,,,,331212S,1512819E,,GUNTA,,,
ifr,HOWLY,Australia,,,,,,,,344600S,1473636E,,HOWLY,,,
ifr,GUPDA,Australia,,,,,,,,152655S,1451114E,,GUPDA,,,
ifr,HUMOK,Australia,,,,,,,,311912S,1472800E,,HUMOK,,,
ifr,GUPOD,Australia,,,,,,,,121857S,1305102E,,GUPOD,,,
ifr,HUUGO,Australia,,,,,,,,280523S,1525529E,,HUUGO,,,
ifr,GUPOM,Australia,,,,,,,,211009S,1162250E,,GUPOM,,,
ifr,IBABI,Australia,,,,,,,,333751S,1410051E,,IBABI,,,
ifr,GUPOX,Australia,,,,,,,,164454S,0800000E,,GUPOX,,,
ifr,IBADI,Australia,,,,,,,,324444S,1515727E,,IBADI,,,
ifr,GUPUG,Australia,,,,,,,,373849S,1443530E,,GUPUG,,,
ifr,IBARU,Australia,,,,,,,,373320S,1452727E,,IBARU,,,
ifr,GURAB,Australia,,,,,,,,333856S,1152527E,,GURAB,,,
ifr,IBIMU,Australia,,,,,,,,273450S,1533536E,,IBIMU,,,
ifr,GUSNI,Australia,,,,,,,,281223S,1503317E,,GUSNI,,,
ifr,IBOBO,Australia,,,,,,,,381715S,1422713E,,IBOBO,,,
ifr,GUSNU,Australia,,,,,,,,125411S,1293758E,,GUSNU,,,
ifr,IBOMU,Australia,,,,,,,,122353S,1321606E,,IBOMU,,,
ifr,GUSPU,Australia,,,,,,,,341415S,1510251E,,GUSPU,,,
ifr,IBORI,Australia,,,,,,,,221644S,1471218E,,IBORI,,,
ifr,GUTEV,Australia,,,,,,,,080424S,1311936E,,GUTEV,,,
ifr,IBOVU,Australia,,,,,,,,351407S,1441830E,,IBOVU,,,
ifr,GUTIV,Australia,,,,,,,,335439S,1530614E,,GUTIV,,,
ifr,IBUNA,Australia,,,,,,,,270328S,1522832E,,IBUNA,,,
ifr,GUTLI,Australia,,,,,,,,240637S,1164750E,,GUTLI,,,
ifr,IBUNO,Australia,,,,,,,,190000S,1464900E,,IBUNO,,,
ifr,GUTMO,Australia,,,,,,,,350924S,1491236E,,GUTMO,,,
ifr,IBUPA,Australia,,,,,,,,244838S,1180633E,,IBUPA,,,
ifr,GUTTA,Australia,,,,,,,,271044S,1530743E,,GUTTA,,,
ifr,IBUSU,Australia,,,,,,,,160438S,1361818E,,IBUSU,,,
ifr,GUVIX,Australia,,,,,,,,264403S,1532146E,,GUVIX,,,
ifr,IBUXI,Australia,,,,,,,,184121S,1463041E,,IBUXI,,,
ifr,GUVNA,Australia,,,,,,,,230200S,1184125E,,GUVNA,,,
ifr,IDAGO,Australia,,,,,,,,332905S,1534515E,,IDAGO,,,
ifr,GUXIB,Australia,,,,,,,,233809S,1593048E,,GUXIB,,,
ifr,IDANU,Australia,,,,,,,,264058S,1354346E,,IDANU,,,
ifr,HAAKE,Australia,,,,,,,,345445S,1382013E,,HAAKE,,,
ifr,IDBIM,Australia,,,,,,,,340029S,1511444E,,IDBIM,,,
ifr,HAAVI,Australia,,,,,,,,251927S,1525259E,,HAAVI,,,
ifr,IDBUG,Australia,,,,,,,,294022S,1483941E,,IDBUG,,,
ifr,HAIGH,Australia,,,,,,,,314800S,1160021E,,HAIGH,,,
ifr,IDELU,Australia,,,,,,,,113545S,1362148E,,IDELU,,,
ifr,HALAS,Australia,,,,,,,,335053S,1511544E,,HALAS,,,
ifr,IDETU,Australia,,,,,,,,161153S,1442011E,,IDETU,,,
ifr,HAPPI,Australia,,,,,,,,345749S,1480135E,,HAPPI,,,
ifr,IDEVI,Australia,,,,,,,,061300S,0831854E,,IDEVI,,,
ifr,HARBY,Australia,,,,,,,,314351S,1152028E,,HARBY,,,
ifr,IDGIB,Australia,,,,,,,,304509S,1212036E,,IDGIB,,,
ifr,HARIZ,Australia,,,,,,,,335445S,1535038E,,HARIZ,,,
ifr,IDGIG,Australia,,,,,,,,311918S,1481835E,,IDGIG,,,
ifr,IDIDI,Australia,,,,,,,,321147S,1493229E,,IDIDI,,,
ifr,IGOLO,Australia,,,,,,,,263105S,1530107E,,IGOLO,,,
ifr,IDKEG,Australia,,,,,,,,292647S,1420329E,,IDKEG,,,
ifr,IGOMU,Australia,,,,,,,,280100S,1532534E,,IGOMU,,,
ifr,IDKOS,Australia,,,,,,,,271548S,1533635E,,IDKOS,,,
ifr,IGOPO,Australia,,,,,,,,115640S,1340706E,,IGOPO,,,
ifr,IDLEG,Australia,,,,,,,,260848S,1505451E,,IDLEG,,,
ifr,IGORU,Australia,,,,,,,,205919S,1152020E,,IGORU,,,
ifr,IDLUD,Australia,,,,,,,,121539S,1304105E,,IDLUD,,,
ifr,IGPEB,Australia,,,,,,,,351607S,1451745E,,IGPEB,,,
ifr,IDMIG,Australia,,,,,,,,142254S,1321655E,,IDMIG,,,
ifr,IGPIV,Australia,,,,,,,,273725S,1531558E,,IGPIV,,,
ifr,IDMIK,Australia,,,,,,,,212100S,1163258E,,IDMIK,,,
ifr,IGPON,Australia,,,,,,,,374014S,1451302E,,IGPON,,,
ifr,IDNER,Australia,,,,,,,,285228S,1530253E,,IDNER,,,
ifr,IGUBO,Australia,,,,,,,,113546S,1032033E,,IGUBO,,,
ifr,IDNOB,Australia,,,,,,,,310148S,1484808E,,IDNOB,,,
ifr,IGUPI,Australia,,,,,,,,262849S,1515542E,,IGUPI,,,
ifr,IDNUT,Australia,,,,,,,,313135S,1432229E,,IDNUT,,,
ifr,IGURI,Australia,,,,,,,,360517S,1465057E,,IGURI,,,
ifr,IDODA,Australia,,,,,,,,292646S,1450215E,,IDODA,,,
ifr,IGUVI,Australia,,,,,,,,132702S,1331432E,,IGUVI,,,
ifr,IDOGI,Australia,,,,,,,,305035S,1502740E,,IDOGI,,,
ifr,IKABI,Australia,,,,,,,,193423S,1393444E,,IKABI,,,
ifr,IDOKU,Australia,,,,,,,,181533S,1110651E,,IDOKU,,,
ifr,IKANO,Australia,,,,,,,,375744S,1442849E,,IKANO,,,
ifr,IDOTO,Australia,,,,,,,,113106S,1263848E,,IDOTO,,,
ifr,IKASA,Australia,,,,,,,,200000S,1032910E,,IKASA,,,
ifr,IDPAT,Australia,,,,,,,,274335S,1531720E,,IDPAT,,,
ifr,IKASO,Australia,,,,,,,,132607S,1281140E,,IKASO,,,
ifr,IDPEP,Australia,,,,,,,,324128S,1513321E,,IDPEP,,,
ifr,IKEBU,Australia,,,,,,,,325227S,1514702E,,IKEBU,,,
ifr,IDPIL,Australia,,,,,,,,143823S,1322947E,,IDPIL,,,
ifr,IKEKO,Australia,,,,,,,,283300S,1515748E,,IKEKO,,,
ifr,IDRAS,Australia,,,,,,,,271601S,1534730E,,IDRAS,,,
ifr,IKELI,Australia,,,,,,,,273221S,1524009E,,IKELI,,,
ifr,IDRET,Australia,,,,,,,,262935S,1385128E,,IDRET,,,
ifr,IKEMI,Australia,,,,,,,,332122S,1313000E,,IKEMI,,,
ifr,IDRIL,Australia,,,,,,,,274152S,1533425E,,IDRIL,,,
ifr,IKETU,Australia,,,,,,,,423443S,1470936E,,IKETU,,,
ifr,IDRIM,Australia,,,,,,,,234935S,1162244E,,IDRIM,,,
ifr,IKEVA,Australia,,,,,,,,291257S,1164112E,,IKEVA,,,
ifr,IDRUG,Australia,,,,,,,,425217S,1474503E,,IDRUG,,,
ifr,IKEXO,Australia,,,,,,,,103640S,1044906E,,IKEXO,,,
ifr,IDSAX,Australia,,,,,,,,324448S,1515705E,,IDSAX,,,
ifr,IKIMO,Australia,,,,,,,,325138S,1514202E,,IKIMO,,,
ifr,IDSEB,Australia,,,,,,,,320706S,1513740E,,IDSEB,,,
ifr,IKISA,Australia,,,,,,,,262921S,1531701E,,IKISA,,,
ifr,IDSOM,Australia,,,,,,,,325938S,1513535E,,IDSOM,,,
ifr,IKIVU,Australia,,,,,,,,345318S,1381111E,,IKIVU,,,
ifr,IDSOR,Australia,,,,,,,,424632S,1472548E,,IDSOR,,,
ifr,IKOBI,Australia,,,,,,,,423143S,1470952E,,IKOBI,,,
ifr,IDSUP,Australia,,,,,,,,325611S,1500103E,,IDSUP,,,
ifr,IKODA,Australia,,,,,,,,163724S,1572654E,,IKODA,,,
ifr,IDUSO,Australia,,,,,,,,290111S,1371842E,,IDUSO,,,
ifr,IKOLA,Australia,,,,,,,,192412S,1414100E,,IKOLA,,,
ifr,IFFEY,Australia,,,,,,,,315734S,1542131E,,IFFEY,,,
ifr,IKOMI,Australia,,,,,,,,134800S,1433700E,,IKOMI,,,
ifr,IGALA,Australia,,,,,,,,335046S,1510900E,,IGALA,,,
ifr,IKUMA,Australia,,,,,,,,102548S,1270806E,,IKUMA,,,
ifr,IGARU,Australia,,,,,,,,272514S,1531642E,,IGARU,,,
ifr,IMATI,Australia,,,,,,,,272920S,1522334E,,IMATI,,,
ifr,IGASO,Australia,,,,,,,,263818S,1164404E,,IGASO,,,
ifr,INDEE,Australia,,,,,,,,280443S,1533058E,,INDEE,,,
ifr,IGBAK,Australia,,,,,,,,324847S,1512628E,,IGBAK,,,
ifr,INGMA,Australia,,,,,,,,360603S,1600146E,,INGMA,,,
ifr,IGBER,Australia,,,,,,,,204504S,1152638E,,IGBER,,,
ifr,INOKE,Australia,,,,,,,,320200S,1511929E,,INOKE,,,
ifr,IGBIK,Australia,,,,,,,,191451S,1463549E,,IGBIK,,,
ifr,INTOG,Australia,,,,,,,,353900S,1390423E,,INTOG,,,
ifr,IGBIR,Australia,,,,,,,,125255S,1311753E,,IGBIR,,,
ifr,INVIX,Australia,,,,,,,,313959S,1170511E,,INVIX,,,
ifr,IGBON,Australia,,,,,,,,270622S,1530707E,,IGBON,,,
ifr,INVUS,Australia,,,,,,,,335432S,1534428E,,INVUS,,,
ifr,IGBOV,Australia,,,,,,,,122838S,1304353E,,IGBOV,,,
ifr,IPDIG,Australia,,,,,,,,315903S,1155231E,,IPDIG,,,
ifr,IGDAM,Australia,,,,,,,,322955S,1505445E,,IGDAM,,,
ifr,IPGAV,Australia,,,,,,,,271952S,1534116E,,IPGAV,,,
ifr,IGDEB,Australia,,,,,,,,233326S,1332257E,,IGDEB,,,
ifr,IPGOK,Australia,,,,,,,,310445S,1480736E,,IPGOK,,,
ifr,IGDEL,Australia,,,,,,,,351538S,1484003E,,IGDEL,,,
ifr,IPGUX,Australia,,,,,,,,322629S,1514328E,,IPGUX,,,
ifr,IGDIT,Australia,,,,,,,,292522S,1483501E,,IGDIT,,,
ifr,IPLAV,Australia,,,,,,,,174504S,1393154E,,IPLAV,,,
ifr,IGIKI,Australia,,,,,,,,180319S,1461352E,,IGIKI,,,
ifr,IPLET,Australia,,,,,,,,422053S,1474649E,,IPLET,,,
ifr,IGIPA,Australia,,,,,,,,334438S,1414900E,,IGIPA,,,
ifr,IPLOP,Australia,,,,,,,,364455S,1490021E,,IPLOP,,,
ifr,IGLAP,Australia,,,,,,,,282527S,1535930E,,IGLAP,,,
ifr,IPMAD,Australia,,,,,,,,254936S,1453006E,,IPMAD,,,
ifr,IGLUM,Australia,,,,,,,,325417S,1513341E,,IGLUM,,,
ifr,IPMED,Australia,,,,,,,,323907S,1513804E,,IPMED,,,
ifr,IGLUT,Australia,,,,,,,,215629S,1153431E,,IGLUT,,,
ifr,IPMOR,Australia,,,,,,,,315215S,1153142E,,IPMOR,,,
ifr,IGMAS,Australia,,,,,,,,271434S,1524710E,,IGMAS,,,
ifr,IPNET,Australia,,,,,,,,225043S,1500545E,,IPNET,,,
ifr,IGMET,Australia,,,,,,,,351109S,1484822E,,IGMET,,,
ifr,IPRAM,Australia,,,,,,,,295339S,1452904E,,IPRAM,,,
ifr,IGMIL,Australia,,,,,,,,351729S,1461055E,,IGMIL,,,
ifr,IPRIS,Australia,,,,,,,,214424S,1135212E,,IPRIS,,,
ifr,IGMOB,Australia,,,,,,,,322533S,1513629E,,IGMOB,,,
ifr,IRMEL,Australia,,,,,,,,274725S,1533020E,,IRMEL,,,
ifr,IGMOL,Australia,,,,,,,,163056S,1453757E,,IGMOL,,,
ifr,IRMOX,Australia,,,,,,,,264610S,1503701E,,IRMOX,,,
ifr,IGMUP,Australia,,,,,,,,325543S,1515133E,,IGMUP,,,
ifr,IRNOD,Australia,,,,,,,,313840S,1151256E,,IRNOD,,,
ifr,IGNES,Australia,,,,,,,,374634S,1443042E,,IGNES,,,
ifr,IRPES,Australia,,,,,,,,323600S,1512759E,,IRPES,,,
ifr,IGNIX,Australia,,,,,,,,241847S,1444537E,,IGNIX,,,
ifr,IRPOD,Australia,,,,,,,,280117S,1532454E,,IRPOD,,,
ifr,IGNOM,Australia,,,,,,,,312956S,1154106E,,IGNOM,,,
ifr,IRPOM,Australia,,,,,,,,140936S,1283612E,,IRPOM,,,
ifr,IGNUL,Australia,,,,,,,,125800S,1435800E,,IGNUL,,,
ifr,IRSIL,Australia,,,,,,,,310716S,1483857E,,IRSIL,,,
ifr,IGNUV,Australia,,,,,,,,323751S,1515531E,,IGNUV,,,
ifr,IRSOM,Australia,,,,,,,,411012S,1462603E,,IRSOM,,,
ifr,IRTAV,Australia,,,,,,,,181056S,1234725E,,IRTAV,,,
ifr,JAFFA,Australia,,,,,,,,312230S,1514136E,,JAFFA,,,
ifr,IRTED,Australia,,,,,,,,272800S,1534415E,,IRTED,,,
ifr,JAKLN,Australia,,,,,,,,340849S,1512224E,,JAKLN,,,
ifr,IRVAK,Australia,,,,,,,,373049S,1434726E,,IRVAK,,,
ifr,JAMBO,Australia,,,,,,,,325136S,1240000E,,JAMBO,,,
ifr,IRVIT,Australia,,,,,,,,315206S,1470548E,,IRVIT,,,
ifr,JAMMO,Australia,,,,,,,,371639S,1504716E,,JAMMO,,,
ifr,IRVUL,Australia,,,,,,,,270714S,1531428E,,IRVUL,,,
ifr,JANDO,Australia,,,,,,,,320530S,1155515E,,JANDO,,,
ifr,ISAAK,Australia,,,,,,,,222254S,1484030E,,ISAAK,,,
ifr,JANGU,Australia,,,,,,,,384554S,1484130E,,JANGU,,,
ifr,ISBEX,Australia,,,,,,,,342218S,1505936E,,ISBEX,,,
ifr,JARJA,Australia,,,,,,,,325640S,1513024E,,JARJA,,,
ifr,ISDOR,Australia,,,,,,,,260754S,1173223E,,ISDOR,,,
ifr,JATAR,Australia,,,,,,,,162639S,1252821E,,JATAR,,,
ifr,ISDUS,Australia,,,,,,,,323919S,1514341E,,ISDUS,,,
ifr,JAVVI,Australia,,,,,,,,020000S,0850000E,,JAVVI,,,
ifr,ISGEL,Australia,,,,,,,,312242S,1452007E,,ISGEL,,,
ifr,JAYBI,Australia,,,,,,,,373828S,1443203E,,JAYBI,,,
ifr,ISGOX,Australia,,,,,,,,223821S,1170214E,,ISGOX,,,
ifr,JAYDE,Australia,,,,,,,,290428S,1531455E,,JAYDE,,,
ifr,ISGUN,Australia,,,,,,,,282832S,1181222E,,ISGUN,,,
ifr,JEDDA,Australia,,,,,,,,270926S,1515710E,,JEDDA,,,
ifr,ISKAN,Australia,,,,,,,,165234S,1175815E,,ISKAN,,,
ifr,JELLI,Australia,,,,,,,,335338S,1512243E,,JELLI,,,
ifr,ISKIM,Australia,,,,,,,,293057S,1513947E,,ISKIM,,,
ifr,JEMMA,Australia,,,,,,,,194911S,1471130E,,JEMMA,,,
ifr,ISKOT,Australia,,,,,,,,344050S,1381650E,,ISKOT,,,
ifr,JENTL,Australia,,,,,,,,334840S,1510918E,,JENTL,,,
ifr,ISLAV,Australia,,,,,,,,325138S,1322048E,,ISLAV,,,
ifr,JEZZA,Australia,,,,,,,,272206S,1530628E,,JEZZA,,,
ifr,ISLIP,Australia,,,,,,,,221739S,1192612E,,ISLIP,,,
ifr,JILGO,Australia,,,,,,,,250000S,1191056E,,JILGO,,,
ifr,ISMER,Australia,,,,,,,,334525S,1504950E,,ISMER,,,
ifr,JIRRA,Australia,,,,,,,,234315S,1340836E,,JIRRA,,,
ifr,ISMIR,Australia,,,,,,,,413910S,1471812E,,ISMIR,,,
ifr,JITRA,Australia,,,,,,,,230806S,1501901E,,JITRA,,,
ifr,ISMOR,Australia,,,,,,,,283011S,1311149E,,ISMOR,,,
ifr,JNORT,Australia,,,,,,,,181019S,1222414E,,JNORT,,,
ifr,ISMUD,Australia,,,,,,,,093746S,1262700E,,ISMUD,,,
ifr,JOKER,Australia,,,,,,,,312500S,1515148E,,JOKER,,,
ifr,ISMUM,Australia,,,,,,,,332940S,1514332E,,ISMUM,,,
ifr,JOLLY,Australia,,,,,,,,230000S,1100000E,,JOLLY,,,
ifr,ISMUN,Australia,,,,,,,,181740S,1433257E,,ISMUN,,,
ifr,JORDY,Australia,,,,,,,,322333S,1544112E,,JORDY,,,
ifr,ISNER,Australia,,,,,,,,174105S,1454810E,,ISNER,,,
ifr,JOSBU,Australia,,,,,,,,330813S,1164024E,,JOSBU,,,
ifr,ISNET,Australia,,,,,,,,344404S,1534829E,,ISNET,,,
ifr,JOSHU,Australia,,,,,,,,134543S,1305622E,,JOSHU,,,
ifr,ISNOL,Australia,,,,,,,,342312S,1485832E,,ISNOL,,,
ifr,JOSSO,Australia,,,,,,,,381554S,1470630E,,JOSSO,,,
ifr,ISNUG,Australia,,,,,,,,324119S,1461446E,,ISNUG,,,
ifr,JUGGL,Australia,,,,,,,,205503S,1253928E,,JUGGL,,,
ifr,ISPEG,Australia,,,,,,,,374312S,1443612E,,ISPEG,,,
ifr,JULES,Australia,,,,,,,,150931S,1304633E,,JULES,,,
ifr,ISPET,Australia,,,,,,,,320100S,1154448E,,ISPET,,,
ifr,JULIA,Australia,,,,,,,,341457S,1511931E,,JULIA,,,
ifr,ISPID,Australia,,,,,,,,141051S,1511040E,,ISPID,,,
ifr,JULIE,Australia,,,,,,,,114746S,1294213E,,JULIE,,,
ifr,ISPON,Australia,,,,,,,,271144S,1532453E,,ISPON,,,
ifr,JULIM,Australia,,,,,,,,312459S,1161738E,,JULIM,,,
ifr,ISRAK,Australia,,,,,,,,210445S,1163210E,,ISRAK,,,
ifr,JULUP,Australia,,,,,,,,133313S,1301026E,,JULUP,,,
ifr,ISRAN,Australia,,,,,,,,114300S,1063306E,,ISRAN,,,
ifr,JUSAN,Australia,,,,,,,,124820S,0993757E,,JUSAN,,,
ifr,ISRED,Australia,,,,,,,,335306S,1313000E,,ISRED,,,
ifr,JUSTY,Australia,,,,,,,,375602S,1443422E,,JUSTY,,,
ifr,ISREV,Australia,,,,,,,,322822S,1504857E,,ISREV,,,
ifr,KABEK,Australia,,,,,,,,332319S,1392440E,,KABEK,,,
ifr,ISROV,Australia,,,,,,,,331854S,1385650E,,ISROV,,,
ifr,KABIX,Australia,,,,,,,,301723S,1473217E,,KABIX,,,
ifr,ISRUP,Australia,,,,,,,,314139S,1161317E,,ISRUP,,,
ifr,KABLI,Australia,,,,,,,,321050S,1165400E,,KABLI,,,
ifr,ISTEM,Australia,,,,,,,,243551S,1602300E,,ISTEM,,,
ifr,KABLO,Australia,,,,,,,,340417S,1503604E,,KABLO,,,
ifr,ISTIG,Australia,,,,,,,,425016S,1473923E,,ISTIG,,,
ifr,KABRO,Australia,,,,,,,,251908S,1192522E,,KABRO,,,
ifr,ISVAN,Australia,,,,,,,,271318S,1525602E,,ISVAN,,,
ifr,KABTA,Australia,,,,,,,,055430S,0790000E,,KABTA,,,
ifr,ISVUP,Australia,,,,,,,,324629S,1513209E,,ISVUP,,,
ifr,KACEY,Australia,,,,,,,,352637S,1465332E,,KACEY,,,
ifr,ITBAP,Australia,,,,,,,,205927S,1132554E,,ITBAP,,,
ifr,KADAP,Australia,,,,,,,,020000S,0840936E,,KADAP,,,
ifr,ITIDE,Australia,,,,,,,,264407S,1532924E,,ITIDE,,,
ifr,KADBA,Australia,,,,,,,,261242S,1325208E,,KADBA,,,
ifr,ITORT,Australia,,,,,,,,191807S,1460736E,,ITORT,,,
ifr,KADEM,Australia,,,,,,,,174854S,0750000E,,KADEM,,,
ifr,ITSMA,Australia,,,,,,,,174925S,1321606E,,ITSMA,,,
ifr,KADLU,Australia,,,,,,,,245321S,1145150E,,KADLU,,,
ifr,ITTSA,Australia,,,,,,,,123633S,1311159E,,ITTSA,,,
ifr,KADMU,Australia,,,,,,,,190551S,1433939E,,KADMU,,,
ifr,IVPEM,Australia,,,,,,,,323136S,1280000E,,IVPEM,,,
ifr,KADOM,Australia,,,,,,,,334239S,1501759E,,KADOM,,,
ifr,IVPEN,Australia,,,,,,,,232346S,1254150E,,IVPEN,,,
ifr,KADON,Australia,,,,,,,,425557S,1473845E,,KADON,,,
ifr,IVRAD,Australia,,,,,,,,264931S,1450509E,,IVRAD,,,
ifr,KADPA,Australia,,,,,,,,333608S,1485717E,,KADPA,,,
ifr,IVRAX,Australia,,,,,,,,360857S,1465947E,,IVRAX,,,
ifr,KADRU,Australia,,,,,,,,381407S,1475207E,,KADRU,,,
ifr,IVSES,Australia,,,,,,,,324150S,1515436E,,IVSES,,,
ifr,KADSI,Australia,,,,,,,,310330S,1524724E,,KADSI,,,
ifr,IVSUD,Australia,,,,,,,,203227S,1490434E,,IVSUD,,,
ifr,KADUN,Australia,,,,,,,,222100S,1215106E,,KADUN,,,
ifr,IVTAG,Australia,,,,,,,,330217S,1514528E,,IVTAG,,,
ifr,KADUV,Australia,,,,,,,,320136S,1451905E,,KADUV,,,
ifr,IVTET,Australia,,,,,,,,310926S,1500357E,,IVTET,,,
ifr,KAGBU,Australia,,,,,,,,190555S,1230634E,,KAGBU,,,
ifr,JAAPI,Australia,,,,,,,,281832S,1533553E,,JAAPI,,,
ifr,KAGDI,Australia,,,,,,,,230352S,1151620E,,KAGDI,,,
ifr,JACKA,Australia,,,,,,,,384612S,1451548E,,JACKA,,,
ifr,KAGES,Australia,,,,,,,,185739S,1470454E,,KAGES,,,
ifr,JACKI,Australia,,,,,,,,120845S,1293426E,,JACKI,,,
ifr,KAGIT,Australia,,,,,,,,333332S,1151831E,,KAGIT,,,
ifr,JADEL,Australia,,,,,,,,373348S,1445706E,,JADEL,,,
ifr,KAGMI,Australia,,,,,,,,314457S,1145428E,,KAGMI,,,
ifr,KAGRI,Australia,,,,,,,,412754S,1575001E,,KAGRI,,,
ifr,KELLY,Australia,,,,,,,,354149S,1485115E,,KELLY,,,
ifr,KAGRO,Australia,,,,,,,,332745S,1373405E,,KAGRO,,,
ifr,KELPI,Australia,,,,,,,,223410S,1513512E,,KELPI,,,
ifr,KAKAG,Australia,,,,,,,,164825S,1455017E,,KAKAG,,,
ifr,KELTA,Australia,,,,,,,,345943S,1381949E,,KELTA,,,
ifr,KAKAL,Australia,,,,,,,,141806S,1340424E,,KAKAL,,,
ifr,KELVN,Australia,,,,,,,,130924S,1363742E,,KELVN,,,
ifr,KAKDO,Australia,,,,,,,,290558S,1222711E,,KAKDO,,,
ifr,KEPPA,Australia,,,,,,,,364748S,1435833E,,KEPPA,,,
ifr,KAKEB,Australia,,,,,,,,271646S,1532405E,,KAKEB,,,
ifr,KERIN,Australia,,,,,,,,161236S,1411742E,,KERIN,,,
ifr,KAKLU,Australia,,,,,,,,344636S,1392444E,,KAKLU,,,
ifr,KERRI,Australia,,,,,,,,280911S,1533718E,,KERRI,,,
ifr,KAKMA,Australia,,,,,,,,290113S,1675403E,,KAKMA,,,
ifr,KETEN,Australia,,,,,,,,250417S,1520128E,,KETEN,,,
ifr,KAKRO,Australia,,,,,,,,192342S,1463406E,,KAKRO,,,
ifr,KEVEK,Australia,,,,,,,,374956S,1444416E,,KEVEK,,,
ifr,KAKTU,Australia,,,,,,,,184514S,1384211E,,KAKTU,,,
ifr,KEVIE,Australia,,,,,,,,271809S,1524618E,,KEVIE,,,
ifr,KAKVI,Australia,,,,,,,,281729S,1535344E,,KAKVI,,,
ifr,KEVIG,Australia,,,,,,,,370547S,1450302E,,KEVIG,,,
ifr,KAKVU,Australia,,,,,,,,333747S,1171446E,,KAKVU,,,
ifr,KEVIN,Australia,,,,,,,,340812S,1512217E,,KEVIN,,,
ifr,KALBA,Australia,,,,,,,,185702S,1460144E,,KALBA,,,
ifr,KEXAR,Australia,,,,,,,,322817S,1512444E,,KEXAR,,,
ifr,KALBI,Australia,,,,,,,,085218S,0750000E,,KALBI,,,
ifr,KEXIM,Australia,,,,,,,,222449S,1295021E,,KEXIM,,,
ifr,KALBO,Australia,,,,,,,,314840S,1151620E,,KALBO,,,
ifr,KIBAT,Australia,,,,,,,,285805S,1551854E,,KIBAT,,,
ifr,KALKA,Australia,,,,,,,,353150S,1490905E,,KALKA,,,
ifr,KIBET,Australia,,,,,,,,123929S,1325336E,,KIBET,,,
ifr,KALSA,Australia,,,,,,,,232639S,1190843E,,KALSA,,,
ifr,KIBOP,Australia,,,,,,,,175811S,1450650E,,KIBOP,,,
ifr,KALTO,Australia,,,,,,,,270358S,1533520E,,KALTO,,,
ifr,KIDEX,Australia,,,,,,,,275936S,1434854E,,KIDEX,,,
ifr,KALUG,Australia,,,,,,,,255400S,1364330E,,KALUG,,,
ifr,KIGAG,Australia,,,,,,,,381605S,1471707E,,KIGAG,,,
ifr,KALUV,Australia,,,,,,,,232500S,1163500E,,KALUV,,,
ifr,KIGOS,Australia,,,,,,,,124131S,1304358E,,KIGOS,,,
ifr,KALVI,Australia,,,,,,,,195023S,1451751E,,KALVI,,,
ifr,KIKAN,Australia,,,,,,,,212152S,1340324E,,KIKAN,,,
ifr,KAMBA,Australia,,,,,,,,332941S,1512557E,,KAMBA,,,
ifr,KIKEM,Australia,,,,,,,,095254S,1260724E,,KIKEM,,,
ifr,KAMBI,Australia,,,,,,,,340806S,1352023E,,KAMBI,,,
ifr,KIKEX,Australia,,,,,,,,372930S,1445648E,,KIKEX,,,
ifr,KAMSO,Australia,,,,,,,,123545S,1305927E,,KAMSO,,,
ifr,KIKOV,Australia,,,,,,,,350444S,1385551E,,KIKOV,,,
ifr,KAMUN,Australia,,,,,,,,033018S,0805330E,,KAMUN,,,
ifr,KILEL,Australia,,,,,,,,230930S,1164624E,,KILEL,,,
ifr,KANBU,Australia,,,,,,,,231048S,1492900E,,KANBU,,,
ifr,KILIK,Australia,,,,,,,,111013S,1264812E,,KILIK,,,
ifr,KANGI,Australia,,,,,,,,235831S,1453103E,,KANGI,,,
ifr,KIMMI,Australia,,,,,,,,143850S,1443009E,,KIMMI,,,
ifr,KANKO,Australia,,,,,,,,262823S,1490433E,,KANKO,,,
ifr,KIPPA,Australia,,,,,,,,200441S,1431342E,,KIPPA,,,
ifr,KANLI,Australia,,,,,,,,421921S,1472356E,,KANLI,,,
ifr,KITTY,Australia,,,,,,,,122945S,1305133E,,KITTY,,,
ifr,KANLU,Australia,,,,,,,,244248S,1502312E,,KANLU,,,
ifr,KLAVA,Australia,,,,,,,,341145S,1383026E,,KLAVA,,,
ifr,KANRA,Australia,,,,,,,,204757S,1152543E,,KANRA,,,
ifr,KNOBL,Australia,,,,,,,,345547S,1383333E,,KNOBL,,,
ifr,KANRO,Australia,,,,,,,,425345S,1473712E,,KANRO,,,
ifr,KNOPL,Australia,,,,,,,,283510S,1235717E,,KNOPL,,,
ifr,KAPGA,Australia,,,,,,,,225808S,1184849E,,KAPGA,,,
ifr,KOIKI,Australia,,,,,,,,320754S,1161337E,,KOIKI,,,
ifr,KAPNI,Australia,,,,,,,,185645S,1221958E,,KAPNI,,,
ifr,KOOKA,Australia,,,,,,,,154250S,1432534E,,KOOKA,,,
ifr,KAPSO,Australia,,,,,,,,120000S,1464300E,,KAPSO,,,
ifr,KOOLI,Australia,,,,,,,,122411S,1310639E,,KOOLI,,,
ifr,KAPSU,Australia,,,,,,,,282414S,1240936E,,KAPSU,,,
ifr,KOORI,Australia,,,,,,,,315134S,1160703E,,KOORI,,,
ifr,KARGO,Australia,,,,,,,,320409S,1160604E,,KARGO,,,
ifr,KOUPA,Australia,,,,,,,,272002S,1531421E,,KOUPA,,,
ifr,KASBA,Australia,,,,,,,,273421S,1531047E,,KASBA,,,
ifr,KRATT,Australia,,,,,,,,245012S,1502000E,,KRATT,,,
ifr,KASBU,Australia,,,,,,,,350929S,1384117E,,KASBU,,,
ifr,KROWS,Australia,,,,,,,,364954S,1371542E,,KROWS,,,
ifr,KASGU,Australia,,,,,,,,263834S,1530732E,,KASGU,,,
ifr,KURRT,Australia,,,,,,,,385418S,1502456E,,KURRT,,,
ifr,KASLI,Australia,,,,,,,,341237S,1415844E,,KASLI,,,
ifr,KVALM,Australia,,,,,,,,192026S,1464316E,,KVALM,,,
ifr,KASNA,Australia,,,,,,,,164349S,1454056E,,KASNA,,,
ifr,KYEMA,Australia,,,,,,,,320842S,1163730E,,KYEMA,,,
ifr,KASNO,Australia,,,,,,,,281911S,1533722E,,KASNO,,,
ifr,LABOR,Australia,,,,,,,,282814S,1422836E,,LABOR,,,
ifr,KASPA,Australia,,,,,,,,254847S,1523210E,,KASPA,,,
ifr,LACEY,Australia,,,,,,,,373305S,1453013E,,LACEY,,,
ifr,KASPI,Australia,,,,,,,,163606S,1454630E,,KASPI,,,
ifr,LADEP,Australia,,,,,,,,304952S,1213515E,,LADEP,,,
ifr,KASRU,Australia,,,,,,,,175705S,1221413E,,KASRU,,,
ifr,LADUR,Australia,,,,,,,,314400S,1601430E,,LADUR,,,
ifr,KATCM,Australia,,,,,,,,310918S,1172709E,,KATCM,,,
ifr,LAFAM,Australia,,,,,,,,341040S,1532137E,,LAFAM,,,
ifr,KATIA,Australia,,,,,,,,352948S,1491141E,,KATIA,,,
ifr,LAGEV,Australia,,,,,,,,273829S,1531906E,,LAGEV,,,
ifr,KAYOK,Australia,,,,,,,,274431S,1162601E,,KAYOK,,,
ifr,LAGOB,Australia,,,,,,,,274541S,1532004E,,LAGOB,,,
ifr,KEATS,Australia,,,,,,,,353236S,1485247E,,KEATS,,,
ifr,LAGUG,Australia,,,,,,,,372912S,1445814E,,LAGUG,,,
ifr,KEBAB,Australia,,,,,,,,331621S,1542934E,,KEBAB,,,
ifr,LAKAV,Australia,,,,,,,,284327S,1175749E,,LAKAV,,,
ifr,KEDDY,Australia,,,,,,,,343434S,1492734E,,KEDDY,,,
ifr,LAKEP,Australia,,,,,,,,373342S,1444912E,,LAKEP,,,
ifr,KEEFO,Australia,,,,,,,,345801S,1381650E,,KEEFO,,,
ifr,LAKIR,Australia,,,,,,,,313319S,1165242E,,LAKIR,,,
ifr,KEELA,Australia,,,,,,,,374430S,1444718E,,KEELA,,,
ifr,LAKMO,Australia,,,,,,,,294915S,1173818E,,LAKMO,,,
ifr,KEEWI,Australia,,,,,,,,164548S,1455600E,,KEEWI,,,
ifr,LAKOT,Australia,,,,,,,,213024S,1453422E,,LAKOT,,,
ifr,KEGAN,Australia,,,,,,,,280110S,1533517E,,KEGAN,,,
ifr,LAKUP,Australia,,,,,,,,130610S,1312240E,,LAKUP,,,
ifr,KELAN,Australia,,,,,,,,375703S,1472424E,,KELAN,,,
ifr,LALIB,Australia,,,,,,,,320205S,1504952E,,LALIB,,,
ifr,KELLA,Australia,,,,,,,,313255S,1173922E,,KELLA,,,
ifr,LALIS,Australia,,,,,,,,233245S,1503829E,,LALIS,,,
ifr,LAMAP,Australia,,,,,,,,140000S,1591000E,,LAMAP,,,
ifr,LEGAN,Australia,,,,,,,,363125S,1630000E,,LEGAN,,,
ifr,LAMEK,Australia,,,,,,,,180917S,1500235E,,LAMEK,,,
ifr,LEGUL,Australia,,,,,,,,123440S,1305229E,,LEGUL,,,
ifr,LAMIG,Australia,,,,,,,,352109S,1491540E,,LAMIG,,,
ifr,LEKAD,Australia,,,,,,,,215521S,1303934E,,LEKAD,,,
ifr,LAMOB,Australia,,,,,,,,120000S,1085300E,,LAMOB,,,
ifr,LEKEM,Australia,,,,,,,,375419S,1471249E,,LEKEM,,,
ifr,LAMSI,Australia,,,,,,,,282628S,1541138E,,LAMSI,,,
ifr,LELED,Australia,,,,,,,,111636S,0750000E,,LELED,,,
ifr,LAMUG,Australia,,,,,,,,263802S,1522256E,,LAMUG,,,
ifr,LEMAT,Australia,,,,,,,,350629S,1382817E,,LEMAT,,,
ifr,LANIK,Australia,,,,,,,,291815S,1234638E,,LANIK,,,
ifr,LEMER,Australia,,,,,,,,230434S,1493732E,,LEMER,,,
ifr,LANOL,Australia,,,,,,,,333633S,1511159E,,LANOL,,,
ifr,LEMIR,Australia,,,,,,,,300332S,1210139E,,LEMIR,,,
ifr,LANOP,Australia,,,,,,,,271853S,1265356E,,LANOP,,,
ifr,LEMUD,Australia,,,,,,,,184141S,1373416E,,LEMUD,,,
ifr,LANOS,Australia,,,,,,,,371702S,1472227E,,LANOS,,,
ifr,LEMUK,Australia,,,,,,,,424107S,1474410E,,LEMUK,,,
ifr,LANUN,Australia,,,,,,,,380036S,1430648E,,LANUN,,,
ifr,LEMUX,Australia,,,,,,,,121225S,1304716E,,LEMUX,,,
ifr,LANYO,Australia,,,,,,,,353017S,1490112E,,LANYO,,,
ifr,LENBA,Australia,,,,,,,,181651S,1453836E,,LENBA,,,
ifr,LAPAR,Australia,,,,,,,,122808S,1310235E,,LAPAR,,,
ifr,LENNY,Australia,,,,,,,,320024S,1154748E,,LENNY,,,
ifr,LAPES,Australia,,,,,,,,193704S,1465722E,,LAPES,,,
ifr,LENRI,Australia,,,,,,,,281515S,1591019E,,LENRI,,,
ifr,LAPIP,Australia,,,,,,,,270003S,1555446E,,LAPIP,,,
ifr,LENVU,Australia,,,,,,,,320601S,1174251E,,LENVU,,,
ifr,LAPOG,Australia,,,,,,,,204625S,1163733E,,LAPOG,,,
ifr,LEPTA,Australia,,,,,,,,270412S,1451542E,,LEPTA,,,
ifr,LARAB,Australia,,,,,,,,120404S,1291133E,,LARAB,,,
ifr,LERGU,Australia,,,,,,,,193420S,1383446E,,LERGU,,,
ifr,LAREG,Australia,,,,,,,,283133S,1514922E,,LAREG,,,
ifr,LERKI,Australia,,,,,,,,222848S,1493500E,,LERKI,,,
ifr,LAREX,Australia,,,,,,,,380901S,1473436E,,LAREX,,,
ifr,LERKO,Australia,,,,,,,,375842S,1462538E,,LERKO,,,
ifr,LAROO,Australia,,,,,,,,311642S,1395242E,,LAROO,,,
ifr,LESKO,Australia,,,,,,,,265252S,1533544E,,LESKO,,,
ifr,LAROS,Australia,,,,,,,,292851S,1543942E,,LAROS,,,
ifr,LESON,Australia,,,,,,,,350312S,1313000E,,LESON,,,
ifr,LASEL,Australia,,,,,,,,193442S,1461347E,,LASEL,,,
ifr,LEVKA,Australia,,,,,,,,310907S,1153038E,,LEVKA,,,
ifr,LASOL,Australia,,,,,,,,372445S,1444722E,,LASOL,,,
ifr,LEVPU,Australia,,,,,,,,261726S,1514901E,,LEVPU,,,
ifr,LASUD,Australia,,,,,,,,320343S,1485234E,,LASUD,,,
ifr,LEVRI,Australia,,,,,,,,132610S,1300047E,,LEVRI,,,
ifr,LATAP,Australia,,,,,,,,330631S,1374657E,,LATAP,,,
ifr,LEYOX,Australia,,,,,,,,341518S,1440518E,,LEYOX,,,
ifr,LATEP,Australia,,,,,,,,061018S,0750000E,,LATEP,,,
ifr,LIBMU,Australia,,,,,,,,323623S,1515820E,,LIBMU,,,
ifr,LATOG,Australia,,,,,,,,231447S,1370256E,,LATOG,,,
ifr,LIBNI,Australia,,,,,,,,322136S,1381106E,,LIBNI,,,
ifr,LATOX,Australia,,,,,,,,132656S,1092316E,,LATOX,,,
ifr,LIBTU,Australia,,,,,,,,200501S,1261252E,,LIBTU,,,
ifr,LATTA,Australia,,,,,,,,380736S,1450418E,,LATTA,,,
ifr,LIDBU,Australia,,,,,,,,244525S,1443301E,,LIDBU,,,
ifr,LATUL,Australia,,,,,,,,345021S,1381505E,,LATUL,,,
ifr,LIDGI,Australia,,,,,,,,320230S,1152858E,,LIDGI,,,
ifr,LATUM,Australia,,,,,,,,421128S,1472202E,,LATUM,,,
ifr,LIDIT,Australia,,,,,,,,091800S,1422000E,,LIDIT,,,
ifr,LATUT,Australia,,,,,,,,322849S,1520005E,,LATUT,,,
ifr,LIDLI,Australia,,,,,,,,334614S,1493558E,,LIDLI,,,
ifr,LAVEG,Australia,,,,,,,,264441S,1524541E,,LAVEG,,,
ifr,LIDPO,Australia,,,,,,,,275208S,1525243E,,LIDPO,,,
ifr,LAVER,Australia,,,,,,,,374912S,1444342E,,LAVER,,,
ifr,LIDVU,Australia,,,,,,,,380815S,1472805E,,LIDVU,,,
ifr,LAVEX,Australia,,,,,,,,315327S,1165610E,,LAVEX,,,
ifr,LIGNU,Australia,,,,,,,,345836S,1494047E,,LIGNU,,,
ifr,LAVIN,Australia,,,,,,,,270754S,1531501E,,LAVIN,,,
ifr,LIKTO,Australia,,,,,,,,265154S,1502338E,,LIKTO,,,
ifr,LAVOP,Australia,,,,,,,,430102S,1473659E,,LAVOP,,,
ifr,LILEE,Australia,,,,,,,,273656S,1530642E,,LILEE,,,
ifr,LAVUP,Australia,,,,,,,,165611S,1455905E,,LAVUP,,,
ifr,LILMI,Australia,,,,,,,,374229S,1443654E,,LILMI,,,
ifr,LAWNN,Australia,,,,,,,,271724S,1525824E,,LAWNN,,,
ifr,LIMLI,Australia,,,,,,,,314941S,1370430E,,LIMLI,,,
ifr,LAWRY,Australia,,,,,,,,270040S,1502150E,,LAWRY,,,
ifr,LIMLO,Australia,,,,,,,,331250S,1515146E,,LIMLO,,,
ifr,LAXIM,Australia,,,,,,,,282341S,1175616E,,LAXIM,,,
ifr,LINBO,Australia,,,,,,,,191506S,1472718E,,LINBO,,,
ifr,LAXOG,Australia,,,,,,,,225734S,1501059E,,LAXOG,,,
ifr,LINSU,Australia,,,,,,,,203529S,1474706E,,LINSU,,,
ifr,LAXOT,Australia,,,,,,,,413900S,1464418E,,LAXOT,,,
ifr,LIPLU,Australia,,,,,,,,312527S,1380714E,,LIPLU,,,
ifr,LAXUM,Australia,,,,,,,,321945S,1514129E,,LAXUM,,,
ifr,LIRRI,Australia,,,,,,,,271939S,1200100E,,LIRRI,,,
ifr,LAYUP,Australia,,,,,,,,303941S,1474441E,,LAYUP,,,
ifr,LISZT,Australia,,,,,,,,233958S,1333835E,,LISZT,,,
ifr,LEAKY,Australia,,,,,,,,271603S,1532022E,,LEAKY,,,
ifr,LITEL,Australia,,,,,,,,183430S,1380030E,,LITEL,,,
ifr,LEBAD,Australia,,,,,,,,171253S,1454120E,,LEBAD,,,
ifr,LIZZI,Australia,,,,,,,,372702S,1453817E,,LIZZI,,,
ifr,LEBIT,Australia,,,,,,,,264813S,1515627E,,LEBIT,,,
ifr,LLAMA,Australia,,,,,,,,311736S,1475006E,,LLAMA,,,
ifr,LEBOD,Australia,,,,,,,,280857S,1170805E,,LEBOD,,,
ifr,LOAFA,Australia,,,,,,,,250205S,1520639E,,LOAFA,,,
ifr,LEBOT,Australia,,,,,,,,190431S,1465557E,,LEBOT,,,
ifr,LOCKA,Australia,,,,,,,,160125S,1453629E,,LOCKA,,,
ifr,LEDET,Australia,,,,,,,,371901S,1470751E,,LEDET,,,
ifr,LOFFA,Australia,,,,,,,,274900S,1501118E,,LOFFA,,,
ifr,LEDIX,Australia,,,,,,,,314625S,1493634E,,LEDIX,,,
ifr,LOGOL,Australia,,,,,,,,211025S,1164405E,,LOGOL,,,
ifr,LEDOG,Australia,,,,,,,,190832S,1463903E,,LEDOG,,,
ifr,LOKYA,Australia,,,,,,,,325341S,1503404E,,LOKYA,,,
ifr,LEDON,Australia,,,,,,,,275010S,1532644E,,LEDON,,,
ifr,LOLLS,Australia,,,,,,,,361404S,1410000E,,LOLLS,,,
ifr,LEDUS,Australia,,,,,,,,205650S,1490156E,,LEDUS,,,
ifr,LONLY,Australia,,,,,,,,351112S,1350000E,,LONLY,,,
ifr,LEEAM,Australia,,,,,,,,235234S,1541502E,,LEEAM,,,
ifr,LOSKU,Australia,,,,,,,,302933S,1522133E,,LOSKU,,,
ifr,LEECE,Australia,,,,,,,,350315S,1495737E,,LEECE,,,
ifr,LOSPI,Australia,,,,,,,,310818S,1480606E,,LOSPI,,,
ifr,LEEFL,Australia,,,,,,,,254543S,1530909E,,LEEFL,,,
ifr,LOTGI,Australia,,,,,,,,343900S,1280000E,,LOTGI,,,
ifr,LOTMA,Australia,,,,,,,,280757S,1534459E,,LOTMA,,,
ifr,MAMAG,Australia,,,,,,,,200729S,1484556E,,MAMAG,,,
ifr,LOTVA,Australia,,,,,,,,170430S,1460524E,,LOTVA,,,
ifr,MAMUB,Australia,,,,,,,,231639S,1183454E,,MAMUB,,,
ifr,LOTVI,Australia,,,,,,,,194859S,1212053E,,LOTVI,,,
ifr,MAMUT,Australia,,,,,,,,162546S,1262553E,,MAMUT,,,
ifr,LOVMA,Australia,,,,,,,,044910S,0755323E,,LOVMA,,,
ifr,MANDA,Australia,,,,,,,,351735S,1483506E,,MANDA,,,
ifr,LOVRI,Australia,,,,,,,,284623S,1533839E,,LOVRI,,,
ifr,MANFA,Australia,,,,,,,,340234S,1512046E,,MANFA,,,
ifr,LOWDI,Australia,,,,,,,,333124S,1493648E,,LOWDI,,,
ifr,MANIG,Australia,,,,,,,,305116S,1170956E,,MANIG,,,
ifr,LOWEP,Australia,,,,,,,,330408S,1511347E,,LOWEP,,,
ifr,MANSA,Australia,,,,,,,,240918S,1432812E,,MANSA,,,
ifr,LUCRE,Australia,,,,,,,,341318S,1250000E,,LUCRE,,,
ifr,MAPTU,Australia,,,,,,,,152004S,1162153E,,MAPTU,,,
ifr,LUDPU,Australia,,,,,,,,123046S,1311027E,,LUDPU,,,
ifr,MARGO,Australia,,,,,,,,342450S,1380219E,,MARGO,,,
ifr,LUDVO,Australia,,,,,,,,315052S,1155105E,,LUDVO,,,
ifr,MARIT,Australia,,,,,,,,260050S,1282735E,,MARIT,,,
ifr,LUGDO,Australia,,,,,,,,272942S,1514308E,,LUGDO,,,
ifr,MARKY,Australia,,,,,,,,332525S,1504810E,,MARKY,,,
ifr,LUGSA,Australia,,,,,,,,220801S,1301830E,,LUGSA,,,
ifr,MARLN,Australia,,,,,,,,340205S,1520402E,,MARLN,,,
ifr,LUKEY,Australia,,,,,,,,273501S,1513937E,,LUKEY,,,
ifr,MARSH,Australia,,,,,,,,374218S,1441436E,,MARSH,,,
ifr,LUKPU,Australia,,,,,,,,224623S,1473730E,,LUKPU,,,
ifr,MARTO,Australia,,,,,,,,331913S,1514430E,,MARTO,,,
ifr,LULDI,Australia,,,,,,,,175409S,1221237E,,LULDI,,,
ifr,MARUB,Australia,,,,,,,,335554S,1512854E,,MARUB,,,
ifr,LULMI,Australia,,,,,,,,140000S,1420900E,,LULMI,,,
ifr,MASER,Australia,,,,,,,,194433S,1324618E,,MASER,,,
ifr,LULTO,Australia,,,,,,,,362557S,1425205E,,LULTO,,,
ifr,MASIM,Australia,,,,,,,,181233S,1221546E,,MASIM,,,
ifr,LUMDA,Australia,,,,,,,,205442S,1152551E,,LUMDA,,,
ifr,MASMI,Australia,,,,,,,,294020S,1514142E,,MASMI,,,
ifr,LUMVA,Australia,,,,,,,,205840S,1490851E,,LUMVA,,,
ifr,MASRA,Australia,,,,,,,,121337S,1321513E,,MASRA,,,
ifr,LUSLO,Australia,,,,,,,,304404S,1211707E,,LUSLO,,,
ifr,MATAR,Australia,,,,,,,,220619S,1461850E,,MATAR,,,
ifr,LUSTU,Australia,,,,,,,,372309S,1451418E,,LUSTU,,,
ifr,MATBO,Australia,,,,,,,,273437S,1525638E,,MATBO,,,
ifr,LUTKO,Australia,,,,,,,,270118S,1525929E,,LUTKO,,,
ifr,MATJI,Australia,,,,,,,,320331S,1161432E,,MATJI,,,
ifr,LUTSI,Australia,,,,,,,,272617S,1530431E,,LUTSI,,,
ifr,MATKU,Australia,,,,,,,,374001S,1445538E,,MATKU,,,
ifr,LUTUK,Australia,,,,,,,,384014S,1465955E,,LUTUK,,,
ifr,MATLA,Australia,,,,,,,,324518S,1513155E,,MATLA,,,
ifr,LUTVU,Australia,,,,,,,,362517S,1461816E,,LUTVU,,,
ifr,MATMA,Australia,,,,,,,,241954S,1351236E,,MATMA,,,
ifr,LUVAS,Australia,,,,,,,,371821S,1455451E,,LUVAS,,,
ifr,MATTI,Australia,,,,,,,,264527S,1530841E,,MATTI,,,
ifr,LUVAV,Australia,,,,,,,,243631S,1322950E,,LUVAV,,,
ifr,MATVI,Australia,,,,,,,,271501S,1511208E,,MATVI,,,
ifr,LUVKA,Australia,,,,,,,,373040S,1445738E,,LUVKA,,,
ifr,MAVGA,Australia,,,,,,,,272446S,1532603E,,MAVGA,,,
ifr,LUVLY,Australia,,,,,,,,280845S,1532939E,,LUVLY,,,
ifr,MAVTO,Australia,,,,,,,,360450S,1401503E,,MAVTO,,,
ifr,LUVNA,Australia,,,,,,,,271044S,1530853E,,LUVNA,,,
ifr,MAXAL,Australia,,,,,,,,372654S,1452502E,,MAXAL,,,
ifr,LUVOK,Australia,,,,,,,,343053S,1364653E,,LUVOK,,,
ifr,MAXEM,Australia,,,,,,,,343806S,1423321E,,MAXEM,,,
ifr,LUXAV,Australia,,,,,,,,263857S,1531804E,,LUXAV,,,
ifr,MAXXI,Australia,,,,,,,,123027S,1261327E,,MAXXI,,,
ifr,LUXUP,Australia,,,,,,,,332554S,1491220E,,LUXUP,,,
ifr,MAYSO,Australia,,,,,,,,274129S,1525737E,,MAYSO,,,
ifr,LYNDN,Australia,,,,,,,,233000S,1151058E,,LYNDN,,,
ifr,MCLOY,Australia,,,,,,,,205532S,1164009E,,MCLOY,,,
ifr,LYNSO,Australia,,,,,,,,244855S,1150000E,,LYNSO,,,
ifr,MEBAH,Australia,,,,,,,,301324S,1353300E,,MEBAH,,,
ifr,LYSMO,Australia,,,,,,,,331008S,1454527E,,LYSMO,,,
ifr,MEBKA,Australia,,,,,,,,164000S,1091200E,,MEBKA,,,
ifr,MABAM,Australia,,,,,,,,123038S,1310708E,,MABAM,,,
ifr,MEECE,Australia,,,,,,,,333736S,1393806E,,MEECE,,,
ifr,MACLA,Australia,,,,,,,,301021S,1430725E,,MACLA,,,
ifr,MEEGA,Australia,,,,,,,,334358S,1493310E,,MEEGA,,,
ifr,MADLU,Australia,,,,,,,,222400S,1412536E,,MADLU,,,
ifr,MEENA,Australia,,,,,,,,283632S,1183916E,,MEENA,,,
ifr,MAGGS,Australia,,,,,,,,405203S,1463403E,,MAGGS,,,
ifr,MEETA,Australia,,,,,,,,280710S,1533232E,,MEETA,,,
ifr,MAGPI,Australia,,,,,,,,250852S,1515316E,,MAGPI,,,
ifr,MEGOL,Australia,,,,,,,,213212S,1414824E,,MEGOL,,,
ifr,MAGRA,Australia,,,,,,,,222535S,1492228E,,MAGRA,,,
ifr,MEGUB,Australia,,,,,,,,273514S,1532015E,,MEGUB,,,
ifr,MAIDS,Australia,,,,,,,,280831S,1533337E,,MAIDS,,,
ifr,MEKAD,Australia,,,,,,,,132350S,1524202E,,MEKAD,,,
ifr,MAITE,Australia,,,,,,,,373850S,1451543E,,MAITE,,,
ifr,MEKOD,Australia,,,,,,,,323036S,1505800E,,MEKOD,,,
ifr,MAJAR,Australia,,,,,,,,334938S,1511723E,,MAJAR,,,
ifr,MEKOG,Australia,,,,,,,,123200S,1400000E,,MEKOG,,,
ifr,MAJOR,Australia,,,,,,,,351314S,1485559E,,MAJOR,,,
ifr,MEKON,Australia,,,,,,,,350703S,1485648E,,MEKON,,,
ifr,MAKIV,Australia,,,,,,,,353307S,1445706E,,MAKIV,,,
ifr,MEKUG,Australia,,,,,,,,274839S,1532548E,,MEKUG,,,
ifr,MAKKA,Australia,,,,,,,,342551S,1492005E,,MAKKA,,,
ifr,MELAN,Australia,,,,,,,,180951S,1223735E,,MELAN,,,
ifr,MAKNI,Australia,,,,,,,,101852S,1253331E,,MAKNI,,,
ifr,MEMEG,Australia,,,,,,,,374834S,1443843E,,MEMEG,,,
ifr,MAKON,Australia,,,,,,,,120110S,1353415E,,MAKON,,,
ifr,MEMIG,Australia,,,,,,,,142218S,1452020E,,MEMIG,,,
ifr,MAKOR,Australia,,,,,,,,330644S,1510821E,,MAKOR,,,
ifr,MEMON,Australia,,,,,,,,205458S,1181229E,,MEMON,,,
ifr,MAKRL,Australia,,,,,,,,382952S,1482528E,,MAKRL,,,
ifr,MEMOS,Australia,,,,,,,,145903S,1440032E,,MEMOS,,,
ifr,MAKRU,Australia,,,,,,,,273144S,1532950E,,MAKRU,,,
ifr,MEMOV,Australia,,,,,,,,301151S,1405759E,,MEMOV,,,
ifr,MALAN,Australia,,,,,,,,175646S,1221301E,,MALAN,,,
ifr,MEMUP,Australia,,,,,,,,334512S,1205230E,,MEMUP,,,
ifr,MALBI,Australia,,,,,,,,142959S,1082704E,,MALBI,,,
ifr,MENEN,Australia,,,,,,,,263452S,1515029E,,MENEN,,,
ifr,MALIK,Australia,,,,,,,,344730S,1383614E,,MALIK,,,
ifr,MENIG,Australia,,,,,,,,264434S,1391754E,,MENIG,,,
ifr,MALNU,Australia,,,,,,,,314653S,1250000E,,MALNU,,,
ifr,MENOB,Australia,,,,,,,,121853S,1310224E,,MENOB,,,
ifr,MALUP,Australia,,,,,,,,322150S,1173922E,,MALUP,,,
ifr,MENOG,Australia,,,,,,,,380805S,1443828E,,MENOG,,,
ifr,MENZI,Australia,,,,,,,,353149S,1491140E,,MENZI,,,
ifr,MONIC,Australia,,,,,,,,170045S,1320332E,,MONIC,,,
ifr,MEPAB,Australia,,,,,,,,212250S,1630000E,,MEPAB,,,
ifr,MONTY,Australia,,,,,,,,374331S,1450643E,,MONTY,,,
ifr,MEPAS,Australia,,,,,,,,195453S,1380701E,,MEPAS,,,
ifr,MOOLO,Australia,,,,,,,,264932S,1532145E,,MOOLO,,,
ifr,MEPEM,Australia,,,,,,,,262554S,1554357E,,MEPEM,,,
ifr,MOOVI,Australia,,,,,,,,275449S,1531742E,,MOOVI,,,
ifr,MEPIL,Australia,,,,,,,,332410S,1511241E,,MEPIL,,,
ifr,MOPET,Australia,,,,,,,,232255S,1185158E,,MOPET,,,
ifr,MEPUX,Australia,,,,,,,,200806S,1180311E,,MEPUX,,,
ifr,MOPRI,Australia,,,,,,,,344956S,1384156E,,MOPRI,,,
ifr,MERIB,Australia,,,,,,,,300400S,1124506E,,MERIB,,,
ifr,MORBI,Australia,,,,,,,,264708S,1524614E,,MORBI,,,
ifr,MERME,Australia,,,,,,,,211744S,1121520E,,MERME,,,
ifr,MORGO,Australia,,,,,,,,421018S,1470440E,,MORGO,,,
ifr,MESAM,Australia,,,,,,,,321148S,1160839E,,MESAM,,,
ifr,MORID,Australia,,,,,,,,260125S,1144909E,,MORID,,,
ifr,MESED,Australia,,,,,,,,271837S,1515128E,,MESED,,,
ifr,MORPH,Australia,,,,,,,,350612S,1383250E,,MORPH,,,
ifr,MESER,Australia,,,,,,,,334405S,1372715E,,MESER,,,
ifr,MORTN,Australia,,,,,,,,271739S,1531049E,,MORTN,,,
ifr,MESIM,Australia,,,,,,,,315630S,1510948E,,MESIM,,,
ifr,MOSDA,Australia,,,,,,,,350732S,1493320E,,MOSDA,,,
ifr,METAB,Australia,,,,,,,,150128S,1112305E,,METAB,,,
ifr,MOSDU,Australia,,,,,,,,191917S,1463131E,,MOSDU,,,
ifr,METAN,Australia,,,,,,,,092707S,1264047E,,METAN,,,
ifr,MOSLA,Australia,,,,,,,,340700S,1280000E,,MOSLA,,,
ifr,METEP,Australia,,,,,,,,273344S,1531755E,,METEP,,,
ifr,MOSSI,Australia,,,,,,,,262620S,1533758E,,MOSSI,,,
ifr,METUK,Australia,,,,,,,,262022S,1530311E,,METUK,,,
ifr,MOTRA,Australia,,,,,,,,412007S,1481654E,,MOTRA,,,
ifr,METUM,Australia,,,,,,,,140813S,1150832E,,METUM,,,
ifr,MOTRU,Australia,,,,,,,,135733S,1304639E,,MOTRU,,,
ifr,METUV,Australia,,,,,,,,341340S,1481444E,,METUV,,,
ifr,MOTSA,Australia,,,,,,,,314116S,1153738E,,MOTSA,,,
ifr,MEVAD,Australia,,,,,,,,322225S,1162718E,,MEVAD,,,
ifr,MOVBA,Australia,,,,,,,,233330S,1451753E,,MOVBA,,,
ifr,MEVUM,Australia,,,,,,,,205101S,1152445E,,MEVUM,,,
ifr,MOZZA,Australia,,,,,,,,380454S,1460554E,,MOZZA,,,
ifr,MEYJI,Australia,,,,,,,,252035S,1455337E,,MEYJI,,,
ifr,MRDAK,Australia,,,,,,,,150836S,1382042E,,MRDAK,,,
ifr,MIBAL,Australia,,,,,,,,422530S,1472248E,,MIBAL,,,
ifr,MUBID,Australia,,,,,,,,321140S,1214757E,,MUBID,,,
ifr,MIBEK,Australia,,,,,,,,213021S,1490138E,,MIBEK,,,
ifr,MUBNI,Australia,,,,,,,,170410S,1462632E,,MUBNI,,,
ifr,MIBUP,Australia,,,,,,,,280430S,1413218E,,MIBUP,,,
ifr,MUBNO,Australia,,,,,,,,150000S,1150819E,,MUBNO,,,
ifr,MICHM,Australia,,,,,,,,375042S,1451130E,,MICHM,,,
ifr,MUDAN,Australia,,,,,,,,234735S,1505954E,,MUDAN,,,
ifr,MICKS,Australia,,,,,,,,281501S,1533848E,,MICKS,,,
ifr,MUDDL,Australia,,,,,,,,272216S,1532047E,,MUDDL,,,
ifr,MIDAT,Australia,,,,,,,,402158S,1630000E,,MIDAT,,,
ifr,MUDGI,Australia,,,,,,,,323339S,1493537E,,MUDGI,,,
ifr,MIDDY,Australia,,,,,,,,265521S,1150000E,,MIDDY,,,
ifr,MUDIV,Australia,,,,,,,,305226S,1371323E,,MUDIV,,,
ifr,MIDIM,Australia,,,,,,,,275230S,1211611E,,MIDIM,,,
ifr,MUDMO,Australia,,,,,,,,235020S,1335750E,,MUDMO,,,
ifr,MIDLA,Australia,,,,,,,,315154S,1155913E,,MIDLA,,,
ifr,MUDOX,Australia,,,,,,,,233606S,1361725E,,MUDOX,,,
ifr,MIGAX,Australia,,,,,,,,160144S,1342645E,,MIGAX,,,
ifr,MUGLU,Australia,,,,,,,,231807S,1501717E,,MUGLU,,,
ifr,MIGIP,Australia,,,,,,,,123131S,1304721E,,MIGIP,,,
ifr,MUGOB,Australia,,,,,,,,314216S,1155041E,,MUGOB,,,
ifr,MIKEG,Australia,,,,,,,,383545S,1573205E,,MIKEG,,,
ifr,MUGSI,Australia,,,,,,,,312211S,1155122E,,MUGSI,,,
ifr,MIKER,Australia,,,,,,,,175628S,1221154E,,MIKER,,,
ifr,MUGTI,Australia,,,,,,,,242046S,1392737E,,MUGTI,,,
ifr,MIKIS,Australia,,,,,,,,414624S,1462742E,,MIKIS,,,
ifr,MUKIN,Australia,,,,,,,,285318S,1355611E,,MUKIN,,,
ifr,MILAK,Australia,,,,,,,,145350S,1413639E,,MILAK,,,
ifr,MULDM,Australia,,,,,,,,294708S,1202837E,,MULDM,,,
ifr,MILAL,Australia,,,,,,,,230529S,1194425E,,MILAL,,,
ifr,MULDR,Australia,,,,,,,,345309S,1382514E,,MULDR,,,
ifr,MILEM,Australia,,,,,,,,132938S,1280204E,,MILEM,,,
ifr,MULNI,Australia,,,,,,,,274351S,1525548E,,MULNI,,,
ifr,MILIV,Australia,,,,,,,,163306S,1335405E,,MILIV,,,
ifr,MUMOS,Australia,,,,,,,,314954S,1161926E,,MUMOS,,,
ifr,MILLA,Australia,,,,,,,,381256S,1455337E,,MILLA,,,
ifr,MUNAR,Australia,,,,,,,,212949S,1491702E,,MUNAR,,,
ifr,MILTY,Australia,,,,,,,,242636S,1510224E,,MILTY,,,
ifr,MUNEL,Australia,,,,,,,,142818S,1445512E,,MUNEL,,,
ifr,MILUS,Australia,,,,,,,,185218S,1163005E,,MILUS,,,
ifr,MUNNI,Australia,,,,,,,,211234S,1165158E,,MUNNI,,,
ifr,MIMIB,Australia,,,,,,,,274515S,1461219E,,MIMIB,,,
ifr,MUPIK,Australia,,,,,,,,272709S,1500000E,,MUPIK,,,
ifr,MIMIM,Australia,,,,,,,,403720S,1474340E,,MIMIM,,,
ifr,MUPOG,Australia,,,,,,,,202544S,1485744E,,MUPOG,,,
ifr,MIMUD,Australia,,,,,,,,282130S,1540142E,,MIMUD,,,
ifr,MURCH,Australia,,,,,,,,264539S,1185846E,,MURCH,,,
ifr,MINUR,Australia,,,,,,,,303716S,1364301E,,MINUR,,,
ifr,MURJO,Australia,,,,,,,,271703S,1530609E,,MURJO,,,
ifr,MIPAM,Australia,,,,,,,,261800S,1441142E,,MIPAM,,,
ifr,MUSEY,Australia,,,,,,,,171252S,1445740E,,MUSEY,,,
ifr,MISCH,Australia,,,,,,,,374550S,1444039E,,MISCH,,,
ifr,MUSOP,Australia,,,,,,,,353106S,1475412E,,MUSOP,,,
ifr,MISLY,Australia,,,,,,,,304941S,1555331E,,MISLY,,,
ifr,MUTMI,Australia,,,,,,,,040800S,0925842E,,MUTMI,,,
ifr,MITSA,Australia,,,,,,,,340155S,1504701E,,MITSA,,,
ifr,MYALL,Australia,,,,,,,,190600S,1393036E,,MYALL,,,
ifr,MITTS,Australia,,,,,,,,243900S,1374019E,,MITTS,,,
ifr,NABBA,Australia,,,,,,,,364219S,1470231E,,NABBA,,,
ifr,MOCUR,Australia,,,,,,,,321307S,1160716E,,MOCUR,,,
ifr,NAIDO,Australia,,,,,,,,272832S,1530032E,,NAIDO,,,
ifr,MOLGA,Australia,,,,,,,,340218S,1200054E,,MOLGA,,,
ifr,NAILA,Australia,,,,,,,,131255S,1280714E,,NAILA,,,
ifr,MOMAN,Australia,,,,,,,,120947S,1305358E,,MOMAN,,,
ifr,NALAR,Australia,,,,,,,,311834S,1202719E,,NALAR,,,
ifr,MOMBI,Australia,,,,,,,,352755S,1491140E,,MOMBI,,,
ifr,NALDO,Australia,,,,,,,,020000S,0810000E,,NALDO,,,
ifr,MOMGI,Australia,,,,,,,,264536S,1530244E,,MOMGI,,,
ifr,NAMBA,Australia,,,,,,,,323110S,1512752E,,NAMBA,,,
ifr,MOMSY,Australia,,,,,,,,373242S,1503242E,,MOMSY,,,
ifr,NAMIT,Australia,,,,,,,,233958S,1335809E,,NAMIT,,,
ifr,MONDO,Australia,,,,,,,,325636S,1511411E,,MONDO,,,
ifr,NAOMI,Australia,,,,,,,,373921S,1443755E,,NAOMI,,,
ifr,NASHO,Australia,,,,,,,,341143S,1510626E,,NASHO,,,
ifr,NOLEK,Australia,,,,,,,,141249S,1321919E,,NOLEK,,,
ifr,NASTI,Australia,,,,,,,,222507S,1254255E,,NASTI,,,
ifr,NOLEM,Australia,,,,,,,,335534S,1504545E,,NOLEM,,,
ifr,NASUX,Australia,,,,,,,,122129S,1304246E,,NASUX,,,
ifr,NOLES,Australia,,,,,,,,250402S,1370621E,,NOLES,,,
ifr,NATYA,Australia,,,,,,,,345808S,1431358E,,NATYA,,,
ifr,NOLOX,Australia,,,,,,,,385453S,1465539E,,NOLOX,,,
ifr,NEEKY,Australia,,,,,,,,273747S,1150000E,,NEEKY,,,
ifr,NOLUN,Australia,,,,,,,,360100S,1493036E,,NOLUN,,,
ifr,NEFER,Australia,,,,,,,,372630S,1445636E,,NEFER,,,
ifr,NOLUP,Australia,,,,,,,,213811S,1494622E,,NOLUP,,,
ifr,NEILO,Australia,,,,,,,,122947S,1310728E,,NEILO,,,
ifr,NOMAV,Australia,,,,,,,,291204S,1183136E,,NOMAV,,,
ifr,NELSN,Australia,,,,,,,,324335S,1521913E,,NELSN,,,
ifr,NOMEL,Australia,,,,,,,,204523S,1412328E,,NOMEL,,,
ifr,NESSY,Australia,,,,,,,,333335S,1503513E,,NESSY,,,
ifr,NOMEV,Australia,,,,,,,,273225S,1530223E,,NOMEV,,,
ifr,NETTY,Australia,,,,,,,,284350S,1553034E,,NETTY,,,
ifr,NOMID,Australia,,,,,,,,374447S,1445222E,,NOMID,,,
ifr,NEVIS,Australia,,,,,,,,371148S,1431618E,,NEVIS,,,
ifr,NOMIT,Australia,,,,,,,,290500S,1540000E,,NOMIT,,,
ifr,NEWMO,Australia,,,,,,,,320128S,1433100E,,NEWMO,,,
ifr,NOMON,Australia,,,,,,,,291502S,1432522E,,NOMON,,,
ifr,NICAY,Australia,,,,,,,,345742S,1390753E,,NICAY,,,
ifr,NONAK,Australia,,,,,,,,343642S,1385742E,,NONAK,,,
ifr,NICLA,Australia,,,,,,,,320305S,1520016E,,NICLA,,,
ifr,NONAX,Australia,,,,,,,,233117S,1235209E,,NONAX,,,
ifr,NIFTI,Australia,,,,,,,,395354S,1473906E,,NIFTI,,,
ifr,NONET,Australia,,,,,,,,252025S,1410853E,,NONET,,,
ifr,NIKKI,Australia,,,,,,,,280559S,1533420E,,NIKKI,,,
ifr,NONID,Australia,,,,,,,,341429S,1535449E,,NONID,,,
ifr,NIKKY,Australia,,,,,,,,190259S,1465527E,,NIKKY,,,
ifr,NONIR,Australia,,,,,,,,154032S,1481110E,,NONIR,,,
ifr,NIKOM,Australia,,,,,,,,154415S,1244323E,,NIKOM,,,
ifr,NONIX,Australia,,,,,,,,370434S,1451450E,,NONIX,,,
ifr,NILEV,Australia,,,,,,,,374006S,1472355E,,NILEV,,,
ifr,NONOG,Australia,,,,,,,,251728S,1122738E,,NONOG,,,
ifr,NIMEK,Australia,,,,,,,,331640S,1382912E,,NIMEK,,,
ifr,NONUM,Australia,,,,,,,,165501S,1452443E,,NONUM,,,
ifr,NINEK,Australia,,,,,,,,304053S,1165428E,,NINEK,,,
ifr,NONUP,Australia,,,,,,,,352550S,1481756E,,NONUP,,,
ifr,NIPOL,Australia,,,,,,,,343729S,1383749E,,NIPOL,,,
ifr,NOODL,Australia,,,,,,,,324926S,1512117E,,NOODL,,,
ifr,NIPOM,Australia,,,,,,,,220345S,1480431E,,NIPOM,,,
ifr,NOONA,Australia,,,,,,,,123342S,1310322E,,NOONA,,,
ifr,NIPON,Australia,,,,,,,,350722S,1221833E,,NIPON,,,
ifr,NOPAG,Australia,,,,,,,,105157S,1355229E,,NOPAG,,,
ifr,NIRIL,Australia,,,,,,,,361702S,1464707E,,NIRIL,,,
ifr,NOPAS,Australia,,,,,,,,274607S,1534052E,,NOPAS,,,
ifr,NIRUL,Australia,,,,,,,,314229S,1161550E,,NIRUL,,,
ifr,NOPED,Australia,,,,,,,,263631S,1192012E,,NOPED,,,
ifr,NISAD,Australia,,,,,,,,184343S,1253358E,,NISAD,,,
ifr,NOPET,Australia,,,,,,,,424210S,1473040E,,NOPET,,,
ifr,NISAX,Australia,,,,,,,,212044S,1160340E,,NISAX,,,
ifr,NORMA,Australia,,,,,,,,173946S,1453217E,,NORMA,,,
ifr,NISOP,Australia,,,,,,,,283644S,1222521E,,NISOP,,,
ifr,NUBKO,Australia,,,,,,,,124759S,1293551E,,NUBKO,,,
ifr,NITIT,Australia,,,,,,,,214239S,1490401E,,NITIT,,,
ifr,NUBMO,Australia,,,,,,,,250000S,1205352E,,NUBMO,,,
ifr,NITUN,Australia,,,,,,,,192055S,1372359E,,NITUN,,,
ifr,NUBNI,Australia,,,,,,,,330653S,1544940E,,NUBNI,,,
ifr,NIVED,Australia,,,,,,,,183309S,1380332E,,NIVED,,,
ifr,NUBTA,Australia,,,,,,,,272831S,1442713E,,NUBTA,,,
ifr,NIXEL,Australia,,,,,,,,273940S,1530307E,,NIXEL,,,
ifr,NUGRU,Australia,,,,,,,,233611S,1484825E,,NUGRU,,,
ifr,NIXEN,Australia,,,,,,,,374835S,1441427E,,NIXEN,,,
ifr,NUKSO,Australia,,,,,,,,424227S,1472507E,,NUKSO,,,
ifr,NIXUG,Australia,,,,,,,,312934S,1503126E,,NIXUG,,,
ifr,NUKTU,Australia,,,,,,,,281410S,1172459E,,NUKTU,,,
ifr,NOBAR,Australia,,,,,,,,334711S,1514424E,,NOBAR,,,
ifr,NULSO,Australia,,,,,,,,334345S,1152241E,,NULSO,,,
ifr,NOBEV,Australia,,,,,,,,345110S,1382135E,,NOBEV,,,
ifr,NUMBU,Australia,,,,,,,,235737S,1335339E,,NUMBU,,,
ifr,NOBIK,Australia,,,,,,,,350711S,1383002E,,NOBIK,,,
ifr,NUMRI,Australia,,,,,,,,221410S,1424549E,,NUMRI,,,
ifr,NOBIP,Australia,,,,,,,,170000S,1501754E,,NOBIP,,,
ifr,NUMSA,Australia,,,,,,,,392511S,1630000E,,NUMSA,,,
ifr,NODAB,Australia,,,,,,,,132135S,1063821E,,NODAB,,,
ifr,NUMVO,Australia,,,,,,,,351243S,1493538E,,NUMVO,,,
ifr,NODAS,Australia,,,,,,,,412436S,1465555E,,NODAS,,,
ifr,NUNDI,Australia,,,,,,,,274023S,1530445E,,NUNDI,,,
ifr,NODDY,Australia,,,,,,,,283317S,1522700E,,NODDY,,,
ifr,NUNLA,Australia,,,,,,,,254511S,1110053E,,NUNLA,,,
ifr,NODEK,Australia,,,,,,,,324700S,1455342E,,NODEK,,,
ifr,NUNPA,Australia,,,,,,,,400544S,1480053E,,NUNPA,,,
ifr,NODEV,Australia,,,,,,,,322014S,1183621E,,NODEV,,,
ifr,NUSBU,Australia,,,,,,,,271514S,1523532E,,NUSBU,,,
ifr,NODOK,Australia,,,,,,,,121112S,1550000E,,NODOK,,,
ifr,NUSKU,Australia,,,,,,,,342942S,1313000E,,NUSKU,,,
ifr,NODOL,Australia,,,,,,,,325717S,1375722E,,NODOL,,,
ifr,NUSVA,Australia,,,,,,,,285224S,1361236E,,NUSVA,,,
ifr,NODOR,Australia,,,,,,,,270850S,1520254E,,NODOR,,,
ifr,NUTLI,Australia,,,,,,,,354836S,1453624E,,NUTLI,,,
ifr,NODUG,Australia,,,,,,,,271547S,1524210E,,NODUG,,,
ifr,NUTPA,Australia,,,,,,,,271434S,1513644E,,NUTPA,,,
ifr,NODUR,Australia,,,,,,,,355112S,1313000E,,NODUR,,,
ifr,NUTSU,Australia,,,,,,,,315608S,1153937E,,NUTSU,,,
ifr,NOGAM,Australia,,,,,,,,262656S,1530252E,,NOGAM,,,
ifr,NUTTA,Australia,,,,,,,,150032S,1305816E,,NUTTA,,,
ifr,NOGAS,Australia,,,,,,,,253237S,1182608E,,NOGAS,,,
ifr,NUVTA,Australia,,,,,,,,423656S,1474036E,,NUVTA,,,
ifr,NOGIP,Australia,,,,,,,,381852S,1412824E,,NOGIP,,,
ifr,NUVTO,Australia,,,,,,,,264447S,1531535E,,NUVTO,,,
ifr,NOGOR,Australia,,,,,,,,351538S,1485017E,,NOGOR,,,
ifr,OBDEB,Australia,,,,,,,,424221S,1473540E,,OBDEB,,,
ifr,NOKAV,Australia,,,,,,,,230712S,1463654E,,NOKAV,,,
ifr,OBDES,Australia,,,,,,,,272248S,1532437E,,OBDES,,,
ifr,NOKOG,Australia,,,,,,,,310926S,1155623E,,NOKOG,,,
ifr,OBDIB,Australia,,,,,,,,323324S,1514624E,,OBDIB,,,
ifr,NOKUN,Australia,,,,,,,,125106S,1321154E,,NOKUN,,,
ifr,OBELO,Australia,,,,,,,,233514S,1334319E,,OBELO,,,
ifr,NOLAM,Australia,,,,,,,,192437S,1470945E,,NOLAM,,,
ifr,OBGAL,Australia,,,,,,,,375039S,1444708E,,OBGAL,,,
ifr,NOLAS,Australia,,,,,,,,100615S,0872140E,,NOLAS,,,
ifr,OBGOS,Australia,,,,,,,,320218S,1155611E,,OBGOS,,,
ifr,OBKOB,Australia,,,,,,,,304409S,1484653E,,OBKOB,,,
ifr,OLVEN,Australia,,,,,,,,344718S,1385252E,,OLVEN,,,
ifr,OBKUP,Australia,,,,,,,,324052S,1514030E,,OBKUP,,,
ifr,OLVEP,Australia,,,,,,,,324055S,1515823E,,OLVEP,,,
ifr,OBKUR,Australia,,,,,,,,323439S,1513219E,,OBKUR,,,
ifr,OLVIX,Australia,,,,,,,,350029S,1494224E,,OLVIX,,,
ifr,OCKLY,Australia,,,,,,,,324852S,1170916E,,OCKLY,,,
ifr,OLVOR,Australia,,,,,,,,295829S,1464842E,,OLVOR,,,
ifr,OCTAV,Australia,,,,,,,,234720S,1335214E,,OCTAV,,,
ifr,OLVUN,Australia,,,,,,,,272018S,1532217E,,OLVUN,,,
ifr,OCTOB,Australia,,,,,,,,110849S,1302938E,,OCTOB,,,
ifr,OMBAG,Australia,,,,,,,,242132S,1161111E,,OMBAG,,,
ifr,ODALE,Australia,,,,,,,,340521S,1503104E,,ODALE,,,
ifr,OMBAS,Australia,,,,,,,,272949S,1513210E,,OMBAS,,,
ifr,ODOTA,Australia,,,,,,,,194401S,1464743E,,ODOTA,,,
ifr,OMBIS,Australia,,,,,,,,370253S,1472004E,,OMBIS,,,
ifr,ODURA,Australia,,,,,,,,271554S,1531429E,,ODURA,,,
ifr,OMBOR,Australia,,,,,,,,380101S,1472250E,,OMBOR,,,
ifr,ODUTO,Australia,,,,,,,,275148S,1524622E,,ODUTO,,,
ifr,OMBOS,Australia,,,,,,,,303732S,1155441E,,OMBOS,,,
ifr,OGATU,Australia,,,,,,,,271801S,1531037E,,OGATU,,,
ifr,OMDAL,Australia,,,,,,,,345708S,1490742E,,OMDAL,,,
ifr,OGOGA,Australia,,,,,,,,272802S,1531528E,,OGOGA,,,
ifr,OMDIN,Australia,,,,,,,,345152S,1385035E,,OMDIN,,,
ifr,OGORA,Australia,,,,,,,,352345S,1491813E,,OGORA,,,
ifr,OMDUN,Australia,,,,,,,,262631S,1530652E,,OMDUN,,,
ifr,OGUGU,Australia,,,,,,,,350453S,1382453E,,OGUGU,,,
ifr,OMGAB,Australia,,,,,,,,332413S,1515321E,,OMGAB,,,
ifr,OJJAY,Australia,,,,,,,,322840S,1371814E,,OJJAY,,,
ifr,OMGIL,Australia,,,,,,,,262300S,1313608E,,OMGIL,,,
ifr,OKERU,Australia,,,,,,,,350758S,1491904E,,OKERU,,,
ifr,OMGOS,Australia,,,,,,,,301910S,1502622E,,OMGOS,,,
ifr,OKIBU,Australia,,,,,,,,181014S,1172139E,,OKIBU,,,
ifr,OMGUV,Australia,,,,,,,,270721S,1532047E,,OMGUV,,,
ifr,OKISI,Australia,,,,,,,,385404S,1430000E,,OKISI,,,
ifr,OMKAX,Australia,,,,,,,,291714S,1530652E,,OMKAX,,,
ifr,OKMEL,Australia,,,,,,,,373343S,1444904E,,OKMEL,,,
ifr,OMKEK,Australia,,,,,,,,302713S,1371000E,,OMKEK,,,
ifr,OKODU,Australia,,,,,,,,195859S,1431125E,,OKODU,,,
ifr,OMKIL,Australia,,,,,,,,313941S,1153737E,,OMKIL,,,
ifr,OKTON,Australia,,,,,,,,345116S,1384001E,,OKTON,,,
ifr,OMKIN,Australia,,,,,,,,422452S,1630000E,,OMKIN,,,
ifr,OKVAD,Australia,,,,,,,,321113S,1490703E,,OKVAD,,,
ifr,OMKON,Australia,,,,,,,,370031S,1430311E,,OMKON,,,
ifr,OKVAR,Australia,,,,,,,,212219S,1405242E,,OKVAR,,,
ifr,OMKUL,Australia,,,,,,,,424423S,1473623E,,OMKUL,,,
ifr,OKVIS,Australia,,,,,,,,271309S,1531201E,,OKVIS,,,
ifr,OMLAT,Australia,,,,,,,,281707S,1185411E,,OMLAT,,,
ifr,OLBEV,Australia,,,,,,,,272633S,1530256E,,OLBEV,,,
ifr,OMLAV,Australia,,,,,,,,342101S,1510758E,,OMLAV,,,
ifr,OLDER,Australia,,,,,,,,211112S,1471342E,,OLDER,,,
ifr,OMLIR,Australia,,,,,,,,323518S,1514154E,,OMLIR,,,
ifr,OLDET,Australia,,,,,,,,275158S,1532240E,,OLDET,,,
ifr,OMUBI,Australia,,,,,,,,233815S,1460406E,,OMUBI,,,
ifr,OLDIB,Australia,,,,,,,,240334S,1510023E,,OLDIB,,,
ifr,OMUNI,Australia,,,,,,,,123533S,1305127E,,OMUNI,,,
ifr,OLGEK,Australia,,,,,,,,314002S,1161105E,,OLGEK,,,
ifr,ONAGI,Australia,,,,,,,,382816S,1453724E,,ONAGI,,,
ifr,OLGUM,Australia,,,,,,,,280500S,1502000E,,OLGUM,,,
ifr,ONALA,Australia,,,,,,,,151110S,1170145E,,ONALA,,,
ifr,OLKUR,Australia,,,,,,,,295351S,1500937E,,OLKUR,,,
ifr,ONALI,Australia,,,,,,,,123041S,1305830E,,ONALI,,,
ifr,OLMAL,Australia,,,,,,,,271656S,1532025E,,OLMAL,,,
ifr,ONARA,Australia,,,,,,,,181903S,1431547E,,ONARA,,,
ifr,OLMAM,Australia,,,,,,,,323124S,1154630E,,OLMAM,,,
ifr,ONEGI,Australia,,,,,,,,262524S,1203436E,,ONEGI,,,
ifr,OLMAR,Australia,,,,,,,,144725S,1254933E,,OLMAR,,,
ifr,ONGAR,Australia,,,,,,,,291200S,1144755E,,ONGAR,,,
ifr,OLNAM,Australia,,,,,,,,243008S,1331215E,,OLNAM,,,
ifr,ONGLO,Australia,,,,,,,,352730S,1491706E,,ONGLO,,,
ifr,OLNOT,Australia,,,,,,,,341253S,1534043E,,OLNOT,,,
ifr,ONIPA,Australia,,,,,,,,272548S,1525822E,,ONIPA,,,
ifr,OLNUT,Australia,,,,,,,,194044S,1465623E,,OLNUT,,,
ifr,ONOPO,Australia,,,,,,,,351522S,1445403E,,ONOPO,,,
ifr,OLREB,Australia,,,,,,,,235936S,1333233E,,OLREB,,,
ifr,ONOXA,Australia,,,,,,,,120000S,1205242E,,ONOXA,,,
ifr,OLREL,Australia,,,,,,,,353903S,1630000E,,OLREL,,,
ifr,ONSLO,Australia,,,,,,,,213959S,1150643E,,ONSLO,,,
ifr,OLRIP,Australia,,,,,,,,302354S,1513821E,,OLRIP,,,
ifr,ONUMA,Australia,,,,,,,,305828S,1482249E,,ONUMA,,,
ifr,OLRON,Australia,,,,,,,,305715S,1501454E,,OLRON,,,
ifr,ONUTO,Australia,,,,,,,,373842S,1445000E,,ONUTO,,,
ifr,OLRUN,Australia,,,,,,,,232447S,1190020E,,OLRUN,,,
ifr,OPABA,Australia,,,,,,,,085130S,1380400E,,OPABA,,,
ifr,OLRUT,Australia,,,,,,,,355951S,1471853E,,OLRUT,,,
ifr,OPALL,Australia,,,,,,,,263443S,1182708E,,OPALL,,,
ifr,OLRUX,Australia,,,,,,,,321548S,1252944E,,OLRUX,,,
ifr,OPAMI,Australia,,,,,,,,290139S,1532801E,,OPAMI,,,
ifr,OLSAN,Australia,,,,,,,,123739S,1305020E,,OLSAN,,,
ifr,OPAVA,Australia,,,,,,,,373246S,1443837E,,OPAVA,,,
ifr,OLSEM,Australia,,,,,,,,333852S,1513619E,,OLSEM,,,
ifr,OPAXA,Australia,,,,,,,,271525S,1452623E,,OPAXA,,,
ifr,OLSEN,Australia,,,,,,,,175414S,1221547E,,OLSEN,,,
ifr,OPEGA,Australia,,,,,,,,312837S,1132244E,,OPEGA,,,
ifr,OLSIN,Australia,,,,,,,,173342S,1460055E,,OLSIN,,,
ifr,OPEKO,Australia,,,,,,,,144243S,1323758E,,OPEKO,,,
ifr,OLSOG,Australia,,,,,,,,340258S,1511251E,,OLSOG,,,
ifr,OPESO,Australia,,,,,,,,285626S,1532058E,,OPESO,,,
ifr,OLTAK,Australia,,,,,,,,254817S,1381146E,,OLTAK,,,
ifr,OPEXA,Australia,,,,,,,,351339S,1534205E,,OPEXA,,,
ifr,OLTAN,Australia,,,,,,,,355251S,1471203E,,OLTAN,,,
ifr,OPIPO,Australia,,,,,,,,265945S,1512804E,,OPIPO,,,
ifr,OLTAS,Australia,,,,,,,,125549S,1302738E,,OLTAS,,,
ifr,OPITU,Australia,,,,,,,,274846S,1525302E,,OPITU,,,
ifr,OLTEG,Australia,,,,,,,,123533S,1310859E,,OLTEG,,,
ifr,OPONA,Australia,,,,,,,,303730S,1153402E,,OPONA,,,
ifr,OLTIN,Australia,,,,,,,,323308S,1511527E,,OLTIN,,,
ifr,OPORI,Australia,,,,,,,,354523S,1423058E,,OPORI,,,
ifr,OLTOK,Australia,,,,,,,,273456S,1532202E,,OLTOK,,,
ifr,OPOSA,Australia,,,,,,,,185214S,1152400E,,OPOSA,,,
ifr,OLTUD,Australia,,,,,,,,262601S,1525321E,,OLTUD,,,
ifr,OPOSI,Australia,,,,,,,,203508S,1485829E,,OPOSI,,,
ifr,OLTUR,Australia,,,,,,,,374045S,1450936E,,OLTUR,,,
ifr,OPTIC,Australia,,,,,,,,342404S,1515320E,,OPTIC,,,
ifr,OLVAG,Australia,,,,,,,,341534S,1510906E,,OLVAG,,,
ifr,OPUDA,Australia,,,,,,,,130748S,1320354E,,OPUDA,,,
ifr,OPUDI,Australia,,,,,,,,343232S,1444958E,,OPUDI,,,
ifr,PADNA,Australia,,,,,,,,350328S,1494430E,,PADNA,,,
ifr,OPUKO,Australia,,,,,,,,312040S,1160454E,,OPUKO,,,
ifr,PADRY,Australia,,,,,,,,231952S,1153925E,,PADRY,,,
ifr,ORAGU,Australia,,,,,,,,380101S,1442816E,,ORAGU,,,
ifr,PADVU,Australia,,,,,,,,231323S,1503612E,,PADVU,,,
ifr,ORATI,Australia,,,,,,,,320438S,1151954E,,ORATI,,,
ifr,PAGMI,Australia,,,,,,,,111435S,1283921E,,PAGMI,,,
ifr,ORBUN,Australia,,,,,,,,341145S,1384316E,,ORBUN,,,
ifr,PAGRI,Australia,,,,,,,,333950S,1151413E,,PAGRI,,,
ifr,ORCHY,Australia,,,,,,,,315941S,1154052E,,ORCHY,,,
ifr,PAGSO,Australia,,,,,,,,123244S,1310400E,,PAGSO,,,
ifr,OREBA,Australia,,,,,,,,425253S,1473423E,,OREBA,,,
ifr,PAGTA,Australia,,,,,,,,284000S,1152600E,,PAGTA,,,
ifr,OREBI,Australia,,,,,,,,272719S,1523757E,,OREBI,,,
ifr,PAKLA,Australia,,,,,,,,132418S,1023328E,,PAKLA,,,
ifr,ORESO,Australia,,,,,,,,253027S,1181745E,,ORESO,,,
ifr,PAKTU,Australia,,,,,,,,430310S,1473919E,,PAKTU,,,
ifr,ORIDO,Australia,,,,,,,,315449S,1153645E,,ORIDO,,,
ifr,PAKVU,Australia,,,,,,,,305000S,1414436E,,PAKVU,,,
ifr,ORIGA,Australia,,,,,,,,180918S,1504206E,,ORIGA,,,
ifr,PALTI,Australia,,,,,,,,275109S,1164213E,,PALTI,,,
ifr,ORILI,Australia,,,,,,,,204719S,1133409E,,ORILI,,,
ifr,PAMBU,Australia,,,,,,,,270553S,1531106E,,PAMBU,,,
ifr,ORINO,Australia,,,,,,,,363947S,1444800E,,ORINO,,,
ifr,PAMDO,Australia,,,,,,,,183717S,1265302E,,PAMDO,,,
ifr,ORORO,Australia,,,,,,,,192129S,1465438E,,ORORO,,,
ifr,PAMGA,Australia,,,,,,,,122223S,1310532E,,PAMGA,,,
ifr,OSADA,Australia,,,,,,,,315736S,1151657E,,OSADA,,,
ifr,PAMGO,Australia,,,,,,,,270813S,1525715E,,PAMGO,,,
ifr,OSANO,Australia,,,,,,,,222748S,1421705E,,OSANO,,,
ifr,PAMMY,Australia,,,,,,,,344402S,1381945E,,PAMMY,,,
ifr,OSATO,Australia,,,,,,,,324256S,1513413E,,OSATO,,,
ifr,PAMRI,Australia,,,,,,,,280633S,1524237E,,PAMRI,,,
ifr,OSEGU,Australia,,,,,,,,270916S,1532946E,,OSEGU,,,
ifr,PANBA,Australia,,,,,,,,215824S,1151517E,,PANBA,,,
ifr,OSEMI,Australia,,,,,,,,390448S,1465902E,,OSEMI,,,
ifr,PANBI,Australia,,,,,,,,232915S,1191954E,,PANBI,,,
ifr,OSINA,Australia,,,,,,,,234328S,1332908E,,OSINA,,,
ifr,PANDU,Australia,,,,,,,,113806S,0782636E,,PANDU,,,
ifr,OSOKO,Australia,,,,,,,,271122S,1531303E,,OSOKO,,,
ifr,PANPU,Australia,,,,,,,,272924S,1501959E,,PANPU,,,
ifr,OSOTI,Australia,,,,,,,,300010S,1512045E,,OSOTI,,,
ifr,PANRO,Australia,,,,,,,,194630S,1360006E,,PANRO,,,
ifr,OSOTO,Australia,,,,,,,,180715S,1163554E,,OSOTO,,,
ifr,PANVA,Australia,,,,,,,,315742S,1160912E,,PANVA,,,
ifr,OSRAR,Australia,,,,,,,,315034S,1494930E,,OSRAR,,,
ifr,PANVO,Australia,,,,,,,,350454S,1382453E,,PANVO,,,
ifr,OSTAM,Australia,,,,,,,,282247S,1522907E,,OSTAM,,,
ifr,PAPDO,Australia,,,,,,,,380233S,1464220E,,PAPDO,,,
ifr,OSTIM,Australia,,,,,,,,383712S,1602107E,,OSTIM,,,
ifr,PARAD,Australia,,,,,,,,170234S,1243721E,,PARAD,,,
ifr,OSTOL,Australia,,,,,,,,274208S,1160735E,,OSTOL,,,
ifr,PARDA,Australia,,,,,,,,322839S,1382809E,,PARDA,,,
ifr,OSUMA,Australia,,,,,,,,272648S,1175507E,,OSUMA,,,
ifr,PARNU,Australia,,,,,,,,382548S,1463222E,,PARNU,,,
ifr,OSVOL,Australia,,,,,,,,201504S,1220256E,,OSVOL,,,
ifr,PARPO,Australia,,,,,,,,192830S,1464806E,,PARPO,,,
ifr,OTBOK,Australia,,,,,,,,360833S,1350000E,,OTBOK,,,
ifr,PARRY,Australia,,,,,,,,274446S,1522120E,,PARRY,,,
ifr,OTGAB,Australia,,,,,,,,382515S,1350000E,,OTGAB,,,
ifr,PARSI,Australia,,,,,,,,373229S,1443652E,,PARSI,,,
ifr,OTGAT,Australia,,,,,,,,265803S,1524337E,,OTGAT,,,
ifr,PASCO,Australia,,,,,,,,374312S,1445748E,,PASCO,,,
ifr,OTGAX,Australia,,,,,,,,123727S,1310243E,,OTGAX,,,
ifr,PASPO,Australia,,,,,,,,260643S,1530508E,,PASPO,,,
ifr,OTGUN,Australia,,,,,,,,385402S,1471136E,,OTGUN,,,
ifr,PATKO,Australia,,,,,,,,305212S,1300000E,,PATKO,,,
ifr,OTKED,Australia,,,,,,,,373546S,1494306E,,OTKED,,,
ifr,PATSU,Australia,,,,,,,,282002S,1540220E,,PATSU,,,
ifr,OTKIT,Australia,,,,,,,,204557S,1214132E,,OTKIT,,,
ifr,PAULA,Australia,,,,,,,,373424S,1450206E,,PAULA,,,
ifr,OTKUN,Australia,,,,,,,,320015S,1153241E,,OTKUN,,,
ifr,PAVBI,Australia,,,,,,,,293838S,1503407E,,PAVBI,,,
ifr,OTLAM,Australia,,,,,,,,285452S,1492406E,,OTLAM,,,
ifr,PAVGO,Australia,,,,,,,,112135S,1055918E,,PAVGO,,,
ifr,OTLEB,Australia,,,,,,,,263849S,1524004E,,OTLEB,,,
ifr,PAVNU,Australia,,,,,,,,193000S,1141457E,,PAVNU,,,
ifr,OTLED,Australia,,,,,,,,304952S,1154203E,,OTLED,,,
ifr,PAVSA,Australia,,,,,,,,343241S,1383024E,,PAVSA,,,
ifr,OVENS,Australia,,,,,,,,245912S,1491518E,,OVENS,,,
ifr,PAVSO,Australia,,,,,,,,342754S,1173929E,,PAVSO,,,
ifr,OVILS,Australia,,,,,,,,334206S,1510801E,,OVILS,,,
ifr,PAVTA,Australia,,,,,,,,163023S,1454912E,,PAVTA,,,
ifr,OVLET,Australia,,,,,,,,161346S,1450943E,,OVLET,,,
ifr,PAWSO,Australia,,,,,,,,171244S,1460620E,,PAWSO,,,
ifr,OVLUK,Australia,,,,,,,,303539S,1164647E,,OVLUK,,,
ifr,PEART,Australia,,,,,,,,372831S,1444327E,,PEART,,,
ifr,OVLUX,Australia,,,,,,,,331023S,1513704E,,OVLUX,,,
ifr,PEBAL,Australia,,,,,,,,375836S,1445836E,,PEBAL,,,
ifr,OVMAT,Australia,,,,,,,,345455S,1534609E,,OVMAT,,,
ifr,PEBBL,Australia,,,,,,,,123939S,1304924E,,PEBBL,,,
ifr,OVMIN,Australia,,,,,,,,320624S,1502016E,,OVMIN,,,
ifr,PEBDO,Australia,,,,,,,,301952S,1513521E,,PEBDO,,,
ifr,OVMIS,Australia,,,,,,,,162417S,1310024E,,OVMIS,,,
ifr,PEBRA,Australia,,,,,,,,333752S,1505308E,,PEBRA,,,
ifr,OVMUD,Australia,,,,,,,,290000S,1440352E,,OVMUD,,,
ifr,PEBTA,Australia,,,,,,,,105751S,1401031E,,PEBTA,,,
ifr,OVNER,Australia,,,,,,,,373519S,1444418E,,OVNER,,,
ifr,PEBTO,Australia,,,,,,,,373004S,1444052E,,PEBTO,,,
ifr,OVNOM,Australia,,,,,,,,293913S,1500605E,,OVNOM,,,
ifr,PEBTU,Australia,,,,,,,,341920S,1543920E,,PEBTU,,,
ifr,OVPAD,Australia,,,,,,,,424440S,1472449E,,OVPAD,,,
ifr,PECOB,Australia,,,,,,,,430943S,1505613E,,PECOB,,,
ifr,OVPEV,Australia,,,,,,,,325132S,1515523E,,OVPEV,,,
ifr,PEDLU,Australia,,,,,,,,335340S,1513129E,,PEDLU,,,
ifr,OVRON,Australia,,,,,,,,202104S,1485721E,,OVRON,,,
ifr,PEDPI,Australia,,,,,,,,131636S,0750000E,,PEDPI,,,
ifr,OVRUL,Australia,,,,,,,,264402S,1531747E,,OVRUL,,,
ifr,PEDSA,Australia,,,,,,,,135204S,1200446E,,PEDSA,,,
ifr,OVSIV,Australia,,,,,,,,315906S,1495355E,,OVSIV,,,
ifr,PEGBA,Australia,,,,,,,,335457S,1511655E,,PEGBA,,,
ifr,OVSOT,Australia,,,,,,,,282314S,1540050E,,OVSOT,,,
ifr,PEGLI,Australia,,,,,,,,375406S,1443617E,,PEGLI,,,
ifr,PADBU,Australia,,,,,,,,423154S,1462848E,,PADBU,,,
ifr,PEGSU,Australia,,,,,,,,341950S,1504708E,,PEGSU,,,
ifr,PEGTU,Australia,,,,,,,,350835S,1382616E,,PEGTU,,,
ifr,POSOD,Australia,,,,,,,,032930S,0940954E,,POSOD,,,
ifr,PENAR,Australia,,,,,,,,202116S,1411356E,,PENAR,,,
ifr,POSOX,Australia,,,,,,,,101330S,1435536E,,POSOX,,,
ifr,PEPPY,Australia,,,,,,,,260636S,1413930E,,PEPPY,,,
ifr,POSUM,Australia,,,,,,,,310553S,1564700E,,POSUM,,,
ifr,PETAA,Australia,,,,,,,,310543S,1153630E,,PETAA,,,
ifr,POTAD,Australia,,,,,,,,345233S,1504925E,,POTAD,,,
ifr,PETAB,Australia,,,,,,,,305000S,1160000E,,PETAB,,,
ifr,POTIP,Australia,,,,,,,,214137S,1250758E,,POTIP,,,
ifr,PETAC,Australia,,,,,,,,305000S,1153000E,,PETAC,,,
ifr,POTUM,Australia,,,,,,,,291744S,1465916E,,POTUM,,,
ifr,PETAD,Australia,,,,,,,,303730S,1142903E,,PETAD,,,
ifr,POTUS,Australia,,,,,,,,344431S,1382812E,,POTUS,,,
ifr,PETAG,Australia,,,,,,,,325618S,1153141E,,PETAG,,,
ifr,POVED,Australia,,,,,,,,193341S,1470240E,,POVED,,,
ifr,PETRL,Australia,,,,,,,,171216S,1352134E,,PETRL,,,
ifr,POVIT,Australia,,,,,,,,353331S,1621751E,,POVIT,,,
ifr,PEWEE,Australia,,,,,,,,175557S,1463005E,,PEWEE,,,
ifr,POXAL,Australia,,,,,,,,350733S,1382903E,,POXAL,,,
ifr,PEXIV,Australia,,,,,,,,380356S,1442747E,,PEXIV,,,
ifr,POXID,Australia,,,,,,,,421905S,1471534E,,POXID,,,
ifr,PEXOR,Australia,,,,,,,,242722S,1171846E,,PEXOR,,,
ifr,PRAWN,Australia,,,,,,,,335751S,1512246E,,PRAWN,,,
ifr,PIBED,Australia,,,,,,,,052012S,0904400E,,PIBED,,,
ifr,PUBAP,Australia,,,,,,,,361857S,1413844E,,PUBAP,,,
ifr,PIBOT,Australia,,,,,,,,205123S,1152422E,,PIBOT,,,
ifr,PUBAR,Australia,,,,,,,,135813S,1052951E,,PUBAR,,,
ifr,PIDEN,Australia,,,,,,,,271226S,1173050E,,PIDEN,,,
ifr,PUBIV,Australia,,,,,,,,272125S,1531955E,,PUBIV,,,
ifr,PIDIX,Australia,,,,,,,,422910S,1471441E,,PIDIX,,,
ifr,PUBOX,Australia,,,,,,,,144424S,1413436E,,PUBOX,,,
ifr,PIDOS,Australia,,,,,,,,425541S,1474339E,,PIDOS,,,
ifr,PUDIN,Australia,,,,,,,,185625S,1410933E,,PUDIN,,,
ifr,PIDOV,Australia,,,,,,,,285618S,1505855E,,PIDOV,,,
ifr,PUDUR,Australia,,,,,,,,242355S,1462922E,,PUDUR,,,
ifr,PIDUT,Australia,,,,,,,,315521S,1154222E,,PIDUT,,,
ifr,PUDUS,Australia,,,,,,,,320420S,1161042E,,PUDUS,,,
ifr,PIGIG,Australia,,,,,,,,105702S,1422734E,,PIGIG,,,
ifr,PUDUT,Australia,,,,,,,,325741S,1512824E,,PUDUT,,,
ifr,PIKIS,Australia,,,,,,,,343244S,1383005E,,PIKIS,,,
ifr,PUGEL,Australia,,,,,,,,194939S,1561328E,,PUGEL,,,
ifr,PIKON,Australia,,,,,,,,271125S,1531422E,,PIKON,,,
ifr,PUGON,Australia,,,,,,,,280739S,1520701E,,PUGON,,,
ifr,PILBY,Australia,,,,,,,,344014S,1364402E,,PILBY,,,
ifr,PUGUB,Australia,,,,,,,,145909S,1293826E,,PUGUB,,,
ifr,PILIG,Australia,,,,,,,,270357S,1532019E,,PILIG,,,
ifr,PUGUT,Australia,,,,,,,,274302S,1315311E,,PUGUT,,,
ifr,PILOS,Australia,,,,,,,,352753S,1491558E,,PILOS,,,
ifr,PUKIM,Australia,,,,,,,,384810S,1474308E,,PUKIM,,,
ifr,PILTA,Australia,,,,,,,,331130S,1414736E,,PILTA,,,
ifr,PULAX,Australia,,,,,,,,164045S,1453413E,,PULAX,,,
ifr,PIMOV,Australia,,,,,,,,423255S,1473440E,,PIMOV,,,
ifr,PULEB,Australia,,,,,,,,203310S,1301958E,,PULEB,,,
ifr,PINAV,Australia,,,,,,,,285254S,1290000E,,PINAV,,,
ifr,PULEX,Australia,,,,,,,,273729S,1525927E,,PULEX,,,
ifr,PINIP,Australia,,,,,,,,194648S,1470022E,,PINIP,,,
ifr,PULOL,Australia,,,,,,,,242716S,1364544E,,PULOL,,,
ifr,PIPOV,Australia,,,,,,,,042206S,0923230E,,PIPOV,,,
ifr,PUMAK,Australia,,,,,,,,240713S,1331942E,,PUMAK,,,
ifr,PIPPA,Australia,,,,,,,,144051S,1501124E,,PIPPA,,,
ifr,PUMED,Australia,,,,,,,,320212S,1155613E,,PUMED,,,
ifr,PLEDL,Australia,,,,,,,,290902S,1245648E,,PLEDL,,,
ifr,PUMET,Australia,,,,,,,,225723S,1494053E,,PUMET,,,
ifr,PLEZN,Australia,,,,,,,,344704S,1390424E,,PLEZN,,,
ifr,PUMIP,Australia,,,,,,,,285121S,1532830E,,PUMIP,,,
ifr,PLUGA,Australia,,,,,,,,353627S,1544120E,,PLUGA,,,
ifr,PUMRY,Australia,,,,,,,,323911S,1165930E,,PUMRY,,,
ifr,POKIP,Australia,,,,,,,,290218S,1140118E,,POKIP,,,
ifr,PUNED,Australia,,,,,,,,234949S,1335652E,,PUNED,,,
ifr,POKIT,Australia,,,,,,,,355842S,1465701E,,POKIT,,,
ifr,PUNEK,Australia,,,,,,,,274055S,1531607E,,PUNEK,,,
ifr,POKOP,Australia,,,,,,,,352847S,1490931E,,POKOP,,,
ifr,PUNIG,Australia,,,,,,,,272644S,1530538E,,PUNIG,,,
ifr,POKOS,Australia,,,,,,,,203427S,1224027E,,POKOS,,,
ifr,PUNIT,Australia,,,,,,,,163751S,1445422E,,PUNIT,,,
ifr,POLEV,Australia,,,,,,,,265513S,1381009E,,POLEV,,,
ifr,PUNOT,Australia,,,,,,,,113902S,1332254E,,PUNOT,,,
ifr,POLLI,Australia,,,,,,,,354413S,1483555E,,POLLI,,,
ifr,PUPEB,Australia,,,,,,,,142317S,1461434E,,PUPEB,,,
ifr,POLSO,Australia,,,,,,,,354646S,1454151E,,POLSO,,,
ifr,PUPIT,Australia,,,,,,,,120000S,1150900E,,PUPIT,,,
ifr,POLUM,Australia,,,,,,,,200000S,0983248E,,POLUM,,,
ifr,PUPIV,Australia,,,,,,,,134517S,1260855E,,PUPIV,,,
ifr,POLUP,Australia,,,,,,,,313324S,1370830E,,POLUP,,,
ifr,QUIET,Australia,,,,,,,,270636S,1530406E,,QUIET,,,
ifr,POLUX,Australia,,,,,,,,311145S,1153307E,,POLUX,,,
ifr,RACEV,Australia,,,,,,,,203031S,1411522E,,RACEV,,,
ifr,PONAN,Australia,,,,,,,,242106S,1475145E,,PONAN,,,
ifr,RACHL,Australia,,,,,,,,293209S,1500850E,,RACHL,,,
ifr,PONOD,Australia,,,,,,,,274501S,1530829E,,PONOD,,,
ifr,RADLA,Australia,,,,,,,,345852S,1384705E,,RADLA,,,
ifr,PONUX,Australia,,,,,,,,244253S,1541607E,,PONUX,,,
ifr,RAFFY,Australia,,,,,,,,211520S,1193544E,,RAFFY,,,
ifr,POODL,Australia,,,,,,,,273113S,1532020E,,POODL,,,
ifr,RAINY,Australia,,,,,,,,164200S,1453206E,,RAINY,,,
ifr,POPET,Australia,,,,,,,,351708S,1491904E,,POPET,,,
ifr,RAKSO,Australia,,,,,,,,340219S,1504130E,,RAKSO,,,
ifr,POPEX,Australia,,,,,,,,232628S,1504122E,,POPEX,,,
ifr,RANGU,Australia,,,,,,,,315303S,1153033E,,RANGU,,,
ifr,POPLA,Australia,,,,,,,,351336S,1481600E,,POPLA,,,
ifr,RAPLY,Australia,,,,,,,,175859S,1222123E,,RAPLY,,,
ifr,POREM,Australia,,,,,,,,372908S,1445315E,,POREM,,,
ifr,RARIE,Australia,,,,,,,,255206S,1173318E,,RARIE,,,
ifr,PORIV,Australia,,,,,,,,290000S,1452348E,,PORIV,,,
ifr,RARTI,Australia,,,,,,,,203000S,1343749E,,RARTI,,,
ifr,POROB,Australia,,,,,,,,193748S,1471417E,,POROB,,,
ifr,RASHI,Australia,,,,,,,,381412S,1472519E,,RASHI,,,
ifr,POROR,Australia,,,,,,,,133446S,0985848E,,POROR,,,
ifr,RASKY,Australia,,,,,,,,205047S,1231224E,,RASKY,,,
ifr,PORTS,Australia,,,,,,,,380112S,1445414E,,PORTS,,,
ifr,RAYNA,Australia,,,,,,,,343812S,1383622E,,RAYNA,,,
ifr,PORUV,Australia,,,,,,,,343214S,1535101E,,PORUV,,,
ifr,REBEG,Australia,,,,,,,,255829S,1530646E,,REBEG,,,
ifr,POSAS,Australia,,,,,,,,314432S,1151207E,,POSAS,,,
ifr,REBIR,Australia,,,,,,,,211326S,1235714E,,REBIR,,,
ifr,REDOM,Australia,,,,,,,,310705S,1144858E,,REDOM,,,
ifr,ROGUE,Australia,,,,,,,,343548S,1380527E,,ROGUE,,,
ifr,REEFE,Australia,,,,,,,,110000S,1431530E,,REEFE,,,
ifr,ROKDL,Australia,,,,,,,,373528S,1444922E,,ROKDL,,,
ifr,REEZA,Australia,,,,,,,,285652S,1674256E,,REEZA,,,
ifr,ROKUU,Australia,,,,,,,,281103S,1494008E,,ROKUU,,,
ifr,REGIN,Australia,,,,,,,,190909S,1471115E,,REGIN,,,
ifr,ROLFE,Australia,,,,,,,,171300S,1460954E,,ROLFE,,,
ifr,REGOM,Australia,,,,,,,,280545S,1532744E,,REGOM,,,
ifr,ROLOB,Australia,,,,,,,,314735S,1161454E,,ROLOB,,,
ifr,REKAK,Australia,,,,,,,,415715S,1471838E,,REKAK,,,
ifr,ROMPA,Australia,,,,,,,,362700S,1313000E,,ROMPA,,,
ifr,RELEM,Australia,,,,,,,,231256S,1500916E,,RELEM,,,
ifr,RONAN,Australia,,,,,,,,315216S,1163507E,,RONAN,,,
ifr,RELEP,Australia,,,,,,,,361000S,1420507E,,RELEP,,,
ifr,ROOKI,Australia,,,,,,,,105650S,1391216E,,ROOKI,,,
ifr,RELOK,Australia,,,,,,,,122526S,1303843E,,RELOK,,,
ifr,ROONY,Australia,,,,,,,,283133S,1533614E,,ROONY,,,
ifr,REMOR,Australia,,,,,,,,265322S,1525051E,,REMOR,,,
ifr,ROTTO,Australia,,,,,,,,131219S,1251434E,,ROTTO,,,
ifr,REMOT,Australia,,,,,,,,383531S,1473249E,,REMOT,,,
ifr,ROYAL,Australia,,,,,,,,352747S,1490947E,,ROYAL,,,
ifr,RENAK,Australia,,,,,,,,215849S,1431941E,,RENAK,,,
ifr,RUDEY,Australia,,,,,,,,272309S,1522327E,,RUDEY,,,
ifr,RENAM,Australia,,,,,,,,335204S,1511002E,,RENAM,,,
ifr,RUFLE,Australia,,,,,,,,370154S,1350000E,,RUFLE,,,
ifr,RENEL,Australia,,,,,,,,304519S,1340637E,,RENEL,,,
ifr,RUGBO,Australia,,,,,,,,292049S,1165656E,,RUGBO,,,
ifr,RENER,Australia,,,,,,,,374220S,1444348E,,RENER,,,
ifr,RUGMU,Australia,,,,,,,,233959S,1333834E,,RUGMU,,,
ifr,REPAN,Australia,,,,,,,,032853S,0765335E,,REPAN,,,
ifr,RUKNA,Australia,,,,,,,,340806S,1381431E,,RUKNA,,,
ifr,REPOB,Australia,,,,,,,,313408S,1484104E,,REPOB,,,
ifr,RUKNO,Australia,,,,,,,,271859S,1524954E,,RUKNO,,,
ifr,REPOK,Australia,,,,,,,,313539S,1163151E,,REPOK,,,
ifr,RUKSI,Australia,,,,,,,,182609S,1334448E,,RUKSI,,,
ifr,REPUD,Australia,,,,,,,,354651S,1580455E,,REPUD,,,
ifr,RULUN,Australia,,,,,,,,265408S,1532929E,,RULUN,,,
ifr,REPUX,Australia,,,,,,,,271543S,1525221E,,REPUX,,,
ifr,RULVI,Australia,,,,,,,,275013S,1171155E,,RULVI,,,
ifr,RERAB,Australia,,,,,,,,430000S,0750000E,,RERAB,,,
ifr,RUMAK,Australia,,,,,,,,315615S,1160659E,,RUMAK,,,
ifr,RETEP,Australia,,,,,,,,282956S,1350040E,,RETEP,,,
ifr,RUMES,Australia,,,,,,,,361117S,1470427E,,RUMES,,,
ifr,REVGU,Australia,,,,,,,,331002S,1513716E,,REVGU,,,
ifr,RUMGI,Australia,,,,,,,,154531S,1432412E,,RUMGI,,,
ifr,REVKI,Australia,,,,,,,,335419S,1495634E,,REVKI,,,
ifr,RUMIE,Australia,,,,,,,,361947S,1474343E,,RUMIE,,,
ifr,RIBLI,Australia,,,,,,,,422824S,1470042E,,RIBLI,,,
ifr,RUMIX,Australia,,,,,,,,270737S,1630000E,,RUMIX,,,
ifr,RIBLU,Australia,,,,,,,,313134S,1564330E,,RIBLU,,,
ifr,RUMKA,Australia,,,,,,,,174712S,1464939E,,RUMKA,,,
ifr,RIBNU,Australia,,,,,,,,122039S,1303816E,,RIBNU,,,
ifr,RUMRO,Australia,,,,,,,,273746S,1530349E,,RUMRO,,,
ifr,RIDLE,Australia,,,,,,,,354518S,1280000E,,RIDLE,,,
ifr,RUMUM,Australia,,,,,,,,424425S,1474344E,,RUMUM,,,
ifr,RIDMA,Australia,,,,,,,,351209S,1383042E,,RIDMA,,,
ifr,RUNAG,Australia,,,,,,,,423448S,1473648E,,RUNAG,,,
ifr,RIDVO,Australia,,,,,,,,284923S,1531527E,,RIDVO,,,
ifr,RUNDA,Australia,,,,,,,,345636S,1462324E,,RUNDA,,,
ifr,RIGBO,Australia,,,,,,,,274436S,1332736E,,RIGBO,,,
ifr,RUNIV,Australia,,,,,,,,304447S,1211917E,,RUNIV,,,
ifr,RIGMI,Australia,,,,,,,,321205S,1630000E,,RIGMI,,,
ifr,RUNLA,Australia,,,,,,,,221600S,1501124E,,RUNLA,,,
ifr,RIGTU,Australia,,,,,,,,255100S,1483300E,,RIGTU,,,
ifr,RUNNA,Australia,,,,,,,,331552S,1504717E,,RUNNA,,,
ifr,RIKNI,Australia,,,,,,,,340456S,1523356E,,RIKNI,,,
ifr,RUNOD,Australia,,,,,,,,360925S,1630000E,,RUNOD,,,
ifr,RIKTU,Australia,,,,,,,,342419S,1401315E,,RIKTU,,,
ifr,RUNRO,Australia,,,,,,,,322718S,1435636E,,RUNRO,,,
ifr,RIKUS,Australia,,,,,,,,380132S,1465343E,,RIKUS,,,
ifr,RUNRU,Australia,,,,,,,,245831S,1305851E,,RUNRU,,,
ifr,RIKVA,Australia,,,,,,,,204218S,1470840E,,RIKVA,,,
ifr,RUNUT,Australia,,,,,,,,134937S,0912250E,,RUNUT,,,
ifr,RIKVI,Australia,,,,,,,,350148S,1381415E,,RIKVI,,,
ifr,RUPEG,Australia,,,,,,,,124257S,1321346E,,RUPEG,,,
ifr,RILGO,Australia,,,,,,,,264225S,1493526E,,RILGO,,,
ifr,RUPEL,Australia,,,,,,,,344540S,1381117E,,RUPEL,,,
ifr,RILVO,Australia,,,,,,,,200644S,1402352E,,RILVO,,,
ifr,RUPEM,Australia,,,,,,,,335322S,1493452E,,RUPEM,,,
ifr,RIMSU,Australia,,,,,,,,373609S,1462805E,,RIMSU,,,
ifr,RUPIK,Australia,,,,,,,,342754S,1384812E,,RUPIK,,,
ifr,RINKI,Australia,,,,,,,,272808S,1531935E,,RINKI,,,
ifr,RUPOD,Australia,,,,,,,,383356S,1461618E,,RUPOD,,,
ifr,RINLA,Australia,,,,,,,,134030S,1341728E,,RINLA,,,
ifr,RUPUS,Australia,,,,,,,,211925S,1332729E,,RUPUS,,,
ifr,RIPMA,Australia,,,,,,,,253659S,1184352E,,RIPMA,,,
ifr,RURAP,Australia,,,,,,,,244146S,1312224E,,RURAP,,,
ifr,RIPMI,Australia,,,,,,,,121110S,1304325E,,RIPMI,,,
ifr,RURLA,Australia,,,,,,,,360136S,1464329E,,RURLA,,,
ifr,RIPMO,Australia,,,,,,,,374216S,1442942E,,RIPMO,,,
ifr,RUROX,Australia,,,,,,,,242939S,1503412E,,RUROX,,,
ifr,RIPNA,Australia,,,,,,,,140000S,1582500E,,RIPNA,,,
ifr,RURTO,Australia,,,,,,,,192430S,1470046E,,RURTO,,,
ifr,RIRBO,Australia,,,,,,,,274944S,1524746E,,RIRBO,,,
ifr,RUSAD,Australia,,,,,,,,304910S,1334023E,,RUSAD,,,
ifr,RIRSA,Australia,,,,,,,,264654S,1480648E,,RIRSA,,,
ifr,RUSIP,Australia,,,,,,,,273502S,1531924E,,RUSIP,,,
ifr,RISMI,Australia,,,,,,,,070755S,0872006E,,RISMI,,,
ifr,RUSIR,Australia,,,,,,,,375747S,1470051E,,RUSIR,,,
ifr,RITVU,Australia,,,,,,,,271803S,1525853E,,RITVU,,,
ifr,RUSKA,Australia,,,,,,,,124435S,1320036E,,RUSKA,,,
ifr,RIVET,Australia,,,,,,,,341651S,1502549E,,RIVET,,,
ifr,RUSOM,Australia,,,,,,,,314151S,1155258E,,RUSOM,,,
ifr,RIVGO,Australia,,,,,,,,350336S,1391248E,,RIVGO,,,
ifr,RUSVA,Australia,,,,,,,,272541S,1525349E,,RUSVA,,,
ifr,RIVTO,Australia,,,,,,,,122040S,1304021E,,RIVTO,,,
ifr,RUTAT,Australia,,,,,,,,272626S,1531504E,,RUTAT,,,
ifr,RIXON,Australia,,,,,,,,325728S,1520511E,,RIXON,,,
ifr,RUTAX,Australia,,,,,,,,270907S,1530123E,,RUTAX,,,
ifr,ROCEL,Australia,,,,,,,,374517S,1450110E,,ROCEL,,,
ifr,RUTED,Australia,,,,,,,,185638S,1464358E,,RUTED,,,
ifr,ROESA,Australia,,,,,,,,380001S,1471918E,,ROESA,,,
ifr,RUTMO,Australia,,,,,,,,330044S,1365043E,,RUTMO,,,
ifr,ROGGS,Australia,,,,,,,,350341S,1385421E,,ROGGS,,,
ifr,RUTOS,Australia,,,,,,,,331448S,1504019E,,RUTOS,,,
ifr,RUTRS,Australia,,,,,,,,181040S,1222936E,,RUTRS,,,
ifr,SAPNO,Australia,,,,,,,,290000S,1461047E,,SAPNO,,,
ifr,RUVAL,Australia,,,,,,,,211141S,1484655E,,RUVAL,,,
ifr,SAPOX,Australia,,,,,,,,340750S,1525745E,,SAPOX,,,
ifr,RUVOT,Australia,,,,,,,,162955S,1454443E,,RUVOT,,,
ifr,SAPUG,Australia,,,,,,,,315740S,1161237E,,SAPUG,,,
ifr,RUVTI,Australia,,,,,,,,122147S,0992828E,,RUVTI,,,
ifr,SARAG,Australia,,,,,,,,344543S,1383740E,,SARAG,,,
ifr,RUVUS,Australia,,,,,,,,361239S,1393108E,,RUVUS,,,
ifr,SARAP,Australia,,,,,,,,325507S,1630000E,,SARAP,,,
ifr,RUXIB,Australia,,,,,,,,301437S,1472608E,,RUXIB,,,
ifr,SARGA,Australia,,,,,,,,191415S,1463028E,,SARGA,,,
ifr,SABAX,Australia,,,,,,,,381747S,1470624E,,SABAX,,,
ifr,SARIG,Australia,,,,,,,,231132S,1183334E,,SARIG,,,
ifr,SABEK,Australia,,,,,,,,020833S,0775337E,,SABEK,,,
ifr,SARIK,Australia,,,,,,,,220032S,1414545E,,SARIK,,,
ifr,SABTI,Australia,,,,,,,,242217S,1271926E,,SABTI,,,
ifr,SARIS,Australia,,,,,,,,290745S,1680550E,,SARIS,,,
ifr,SABTO,Australia,,,,,,,,312538S,1155800E,,SABTO,,,
ifr,SAROK,Australia,,,,,,,,262339S,1290425E,,SAROK,,,
ifr,SABUR,Australia,,,,,,,,224810S,1484218E,,SABUR,,,
ifr,SARRE,Australia,,,,,,,,122857S,1310500E,,SARRE,,,
ifr,SADAK,Australia,,,,,,,,344701S,1390851E,,SADAK,,,
ifr,SARUS,Australia,,,,,,,,233736S,1503507E,,SARUS,,,
ifr,SADAR,Australia,,,,,,,,121340S,1303148E,,SADAR,,,
ifr,SASMO,Australia,,,,,,,,193939S,1464755E,,SASMO,,,
ifr,SADEL,Australia,,,,,,,,250224S,1342300E,,SADEL,,,
ifr,SASRO,Australia,,,,,,,,383451S,1630000E,,SASRO,,,
ifr,SADID,Australia,,,,,,,,210633S,1491751E,,SADID,,,
ifr,SATCO,Australia,,,,,,,,192748S,1464006E,,SATCO,,,
ifr,SADLO,Australia,,,,,,,,324717S,1505750E,,SADLO,,,
ifr,SATNA,Australia,,,,,,,,110412S,1243412E,,SATNA,,,
ifr,SADMI,Australia,,,,,,,,345942S,1382101E,,SADMI,,,
ifr,SATPA,Australia,,,,,,,,272859S,1403753E,,SATPA,,,
ifr,SADOL,Australia,,,,,,,,320858S,1154547E,,SADOL,,,
ifr,SAVER,Australia,,,,,,,,273111S,1540336E,,SAVER,,,
ifr,SADUD,Australia,,,,,,,,133329S,1065734E,,SADUD,,,
ifr,SCARP,Australia,,,,,,,,320948S,1160300E,,SCARP,,,
ifr,SAFIR,Australia,,,,,,,,192200S,1203430E,,SAFIR,,,
ifr,SCATZ,Australia,,,,,,,,323918S,1501518E,,SCATZ,,,
ifr,SAGAR,Australia,,,,,,,,320201S,1155439E,,SAGAR,,,
ifr,SCHEE,Australia,,,,,,,,225906S,1285206E,,SCHEE,,,
ifr,SAGIR,Australia,,,,,,,,354158S,1483333E,,SAGIR,,,
ifr,SCOTT,Australia,,,,,,,,275206S,1534800E,,SCOTT,,,
ifr,SAGLI,Australia,,,,,,,,261816S,1525259E,,SAGLI,,,
ifr,SCUBY,Australia,,,,,,,,160542S,1295412E,,SCUBY,,,
ifr,SAGNO,Australia,,,,,,,,215832S,1145831E,,SAGNO,,,
ifr,SCULN,Australia,,,,,,,,350338S,1485327E,,SCULN,,,
ifr,SAGTA,Australia,,,,,,,,271905S,1525850E,,SAGTA,,,
ifr,SEBLU,Australia,,,,,,,,392615S,1463341E,,SEBLU,,,
ifr,SAILA,Australia,,,,,,,,280631S,1533547E,,SAILA,,,
ifr,SEBVA,Australia,,,,,,,,261723S,1523902E,,SEBVA,,,
ifr,SAKAB,Australia,,,,,,,,143100S,1025800E,,SAKAB,,,
ifr,SEBVI,Australia,,,,,,,,351024S,1492937E,,SEBVI,,,
ifr,SAKAP,Australia,,,,,,,,264137S,1531745E,,SAKAP,,,
ifr,SEDNI,Australia,,,,,,,,143238S,1323236E,,SEDNI,,,
ifr,SAKBI,Australia,,,,,,,,350558S,1591141E,,SAKBI,,,
ifr,SEDRA,Australia,,,,,,,,333553S,1374337E,,SEDRA,,,
ifr,SAKBO,Australia,,,,,,,,271656S,1530952E,,SAKBO,,,
ifr,SEEKR,Australia,,,,,,,,235714S,1335807E,,SEEKR,,,
ifr,SAKEG,Australia,,,,,,,,081017S,0852004E,,SAKEG,,,
ifr,SEEMO,Australia,,,,,,,,305221S,1255216E,,SEEMO,,,
ifr,SAKEN,Australia,,,,,,,,120540S,1345336E,,SAKEN,,,
ifr,SEKRI,Australia,,,,,,,,331416S,1380540E,,SEKRI,,,
ifr,SAKOM,Australia,,,,,,,,313930S,1152104E,,SAKOM,,,
ifr,SEKRU,Australia,,,,,,,,220500S,1135200E,,SEKRU,,,
ifr,SAKUT,Australia,,,,,,,,425142S,1474621E,,SAKUT,,,
ifr,SEMAJ,Australia,,,,,,,,284036S,1535342E,,SEMAJ,,,
ifr,SALEL,Australia,,,,,,,,273818S,1532340E,,SALEL,,,
ifr,SEMBU,Australia,,,,,,,,190500S,1462100E,,SEMBU,,,
ifr,SALGA,Australia,,,,,,,,272211S,1532424E,,SALGA,,,
ifr,SEMGO,Australia,,,,,,,,161626S,1222546E,,SEMGO,,,
ifr,SALLY,Australia,,,,,,,,372612S,1445500E,,SALLY,,,
ifr,SEVSI,Australia,,,,,,,,305100S,1233737E,,SEVSI,,,
ifr,SALOT,Australia,,,,,,,,344756S,1365725E,,SALOT,,,
ifr,SHAWN,Australia,,,,,,,,234424S,1340352E,,SHAWN,,,
ifr,SALOX,Australia,,,,,,,,193200S,1463100E,,SALOX,,,
ifr,SHAZA,Australia,,,,,,,,333940S,1520054E,,SHAZA,,,
ifr,SALRI,Australia,,,,,,,,354852S,1435233E,,SALRI,,,
ifr,SHEED,Australia,,,,,,,,374351S,1445453E,,SHEED,,,
ifr,SALUS,Australia,,,,,,,,324749S,1514959E,,SALUS,,,
ifr,SHIKO,Australia,,,,,,,,265624S,1500700E,,SHIKO,,,
ifr,SAMIG,Australia,,,,,,,,375542S,1444518E,,SAMIG,,,
ifr,SHINN,Australia,,,,,,,,191042S,1401718E,,SHINN,,,
ifr,SAMIN,Australia,,,,,,,,321820S,1374300E,,SAMIN,,,
ifr,SHNAB,Australia,,,,,,,,272446S,1523603E,,SHNAB,,,
ifr,SAMLA,Australia,,,,,,,,313743S,1155059E,,SAMLA,,,
ifr,SHUTL,Australia,,,,,,,,323944S,1520459E,,SHUTL,,,
ifr,SAMOR,Australia,,,,,,,,132119S,1414321E,,SAMOR,,,
ifr,SHYNN,Australia,,,,,,,,283348S,1151540E,,SHYNN,,,
ifr,SAMOT,Australia,,,,,,,,285924S,1675046E,,SAMOT,,,
ifr,SIFRA,Australia,,,,,,,,294805S,1561225E,,SIFRA,,,
ifr,SAMSN,Australia,,,,,,,,271918S,1525242E,,SAMSN,,,
ifr,SILVN,Australia,,,,,,,,342737S,1401445E,,SILVN,,,
ifr,SAMVI,Australia,,,,,,,,272220S,1524437E,,SAMVI,,,
ifr,SIMAS,Australia,,,,,,,,201428S,1431737E,,SIMAS,,,
ifr,SANAD,Australia,,,,,,,,312311S,1512445E,,SANAD,,,
ifr,SIMOS,Australia,,,,,,,,264348S,1530418E,,SIMOS,,,
ifr,SANDR,Australia,,,,,,,,373306S,1450036E,,SANDR,,,
ifr,SINAM,Australia,,,,,,,,260000S,1062906E,,SINAM,,,
ifr,SANEG,Australia,,,,,,,,274904S,1530238E,,SANEG,,,
ifr,SINNK,Australia,,,,,,,,271239S,1531340E,,SINNK,,,
ifr,SANEM,Australia,,,,,,,,374343S,1445946E,,SANEM,,,
ifr,SKIPA,Australia,,,,,,,,265423S,1262207E,,SKIPA,,,
ifr,SANOX,Australia,,,,,,,,251035S,1470645E,,SANOX,,,
ifr,SLASH,Australia,,,,,,,,222300S,1444954E,,SLASH,,,
ifr,SAPAN,Australia,,,,,,,,360502S,1465211E,,SAPAN,,,
ifr,SLICK,Australia,,,,,,,,352756S,1492537E,,SLICK,,,
ifr,SAPDA,Australia,,,,,,,,120000S,1112536E,,SAPDA,,,
ifr,SLOAN,Australia,,,,,,,,354919S,1533558E,,SLOAN,,,
ifr,SAPED,Australia,,,,,,,,312107S,1410026E,,SAPED,,,
ifr,SMALL,Australia,,,,,,,,281146S,1533133E,,SMALL,,,
ifr,SAPIT,Australia,,,,,,,,350539S,1492126E,,SAPIT,,,
ifr,SMIFF,Australia,,,,,,,,420931S,1563848E,,SMIFF,,,
ifr,SAPKO,Australia,,,,,,,,312903S,1162440E,,SAPKO,,,
ifr,SMOKA,Australia,,,,,,,,265233S,1523756E,,SMOKA,,,
ifr,SNELY,Australia,,,,,,,,383423S,1502217E,,SNELY,,,
ifr,SUNOB,Australia,,,,,,,,400252S,1484742E,,SUNOB,,,
ifr,SNICK,Australia,,,,,,,,123442S,1314436E,,SNICK,,,
ifr,SUNPO,Australia,,,,,,,,145158S,1273858E,,SUNPO,,,
ifr,SNOOD,Australia,,,,,,,,150930S,1342307E,,SNOOD,,,
ifr,SUNTI,Australia,,,,,,,,383028S,1451249E,,SUNTI,,,
ifr,SOAPY,Australia,,,,,,,,371158S,1443548E,,SOAPY,,,
ifr,SUNUB,Australia,,,,,,,,275034S,1531849E,,SUNUB,,,
ifr,SOCAR,Australia,,,,,,,,131317S,1331957E,,SOCAR,,,
ifr,SUPAS,Australia,,,,,,,,331054S,1250000E,,SUPAS,,,
ifr,SOFAL,Australia,,,,,,,,330006S,1494624E,,SOFAL,,,
ifr,SUPGA,Australia,,,,,,,,250508S,1473019E,,SUPGA,,,
ifr,SOLIH,Australia,,,,,,,,024844S,0772337E,,SOLIH,,,
ifr,SUPKA,Australia,,,,,,,,292007S,1151141E,,SUPKA,,,
ifr,SOLIT,Australia,,,,,,,,235500S,0750000E,,SOLIT,,,
ifr,SUREB,Australia,,,,,,,,270351S,1512644E,,SUREB,,,
ifr,SOLLI,Australia,,,,,,,,202958S,1311545E,,SOLLI,,,
ifr,SURGN,Australia,,,,,,,,345037S,1390402E,,SURGN,,,
ifr,SOLUS,Australia,,,,,,,,322854S,1161641E,,SOLUS,,,
ifr,SURIS,Australia,,,,,,,,281111S,1200000E,,SURIS,,,
ifr,SOOTY,Australia,,,,,,,,272431S,1523644E,,SOOTY,,,
ifr,SURPO,Australia,,,,,,,,265508S,1523422E,,SURPO,,,
ifr,SOPAT,Australia,,,,,,,,161634S,1130029E,,SOPAT,,,
ifr,SURSI,Australia,,,,,,,,275750S,1532059E,,SURSI,,,
ifr,SORCE,Australia,,,,,,,,302717S,1473529E,,SORCE,,,
ifr,SURUR,Australia,,,,,,,,163349S,1453157E,,SURUR,,,
ifr,SORTI,Australia,,,,,,,,314915S,1515245E,,SORTI,,,
ifr,SURVO,Australia,,,,,,,,152150S,1364007E,,SURVO,,,
ifr,SORTU,Australia,,,,,,,,320954S,1203854E,,SORTU,,,
ifr,SUSAK,Australia,,,,,,,,373451S,1445711E,,SUSAK,,,
ifr,SORVA,Australia,,,,,,,,273230S,1530910E,,SORVA,,,
ifr,SUSGI,Australia,,,,,,,,253542S,1514023E,,SUSGI,,,
ifr,SORVI,Australia,,,,,,,,423528S,1472750E,,SORVI,,,
ifr,SWAGY,Australia,,,,,,,,240000S,1100000E,,SWAGY,,,
ifr,SOSIJ,Australia,,,,,,,,341020S,1511405E,,SOSIJ,,,
ifr,SWAGZ,Australia,,,,,,,,164530S,1453330E,,SWAGZ,,,
ifr,SOSTU,Australia,,,,,,,,253111S,1524236E,,SOSTU,,,
ifr,SYNOT,Australia,,,,,,,,421312S,1465348E,,SYNOT,,,
ifr,SOTKI,Australia,,,,,,,,335041S,1551108E,,SOTKI,,,
ifr,TAGOD,Australia,,,,,,,,395430S,1350000E,,TAGOD,,,
ifr,SOTMI,Australia,,,,,,,,265530S,1351012E,,SOTMI,,,
ifr,TAITE,Australia,,,,,,,,383132S,1442825E,,TAITE,,,
ifr,SOVMU,Australia,,,,,,,,264754S,1205730E,,SOVMU,,,
ifr,TALAG,Australia,,,,,,,,350653S,1491215E,,TALAG,,,
ifr,SOVRO,Australia,,,,,,,,104942S,1405728E,,SOVRO,,,
ifr,TAMED,Australia,,,,,,,,145512S,1440506E,,TAMED,,,
ifr,SOVRU,Australia,,,,,,,,363206S,1475042E,,SOVRU,,,
ifr,TAMMI,Australia,,,,,,,,340608S,1504941E,,TAMMI,,,
ifr,SPARK,Australia,,,,,,,,285415S,1534042E,,SPARK,,,
ifr,TAMOD,Australia,,,,,,,,331606S,1182818E,,TAMOD,,,
ifr,SPEER,Australia,,,,,,,,273617S,1315530E,,SPEER,,,
ifr,TANEM,Australia,,,,,,,,153108S,1100712E,,TANEM,,,
ifr,SPENA,Australia,,,,,,,,341542S,1365427E,,SPENA,,,
ifr,TANIK,Australia,,,,,,,,273549S,1525903E,,TANIK,,,
ifr,SPITY,Australia,,,,,,,,310433S,1160030E,,SPITY,,,
ifr,TANOV,Australia,,,,,,,,330000S,1370000E,,TANOV,,,
ifr,SPODD,Australia,,,,,,,,384928S,1414745E,,SPODD,,,
ifr,TANTA,Australia,,,,,,,,355250S,1483154E,,TANTA,,,
ifr,SPOTA,Australia,,,,,,,,340431S,1374437E,,SPOTA,,,
ifr,TANUD,Australia,,,,,,,,213503S,1491236E,,TANUD,,,
ifr,SPUDO,Australia,,,,,,,,314928S,1161113E,,SPUDO,,,
ifr,TAPAX,Australia,,,,,,,,361818S,1250000E,,TAPAX,,,
ifr,SQARE,Australia,,,,,,,,284031S,1185248E,,SQARE,,,
ifr,TAPET,Australia,,,,,,,,260633S,1525754E,,TAPET,,,
ifr,STANG,Australia,,,,,,,,311337S,1153946E,,STANG,,,
ifr,TAPIO,Australia,,,,,,,,325753S,1520417E,,TAPIO,,,
ifr,STEVO,Australia,,,,,,,,374730S,1444612E,,STEVO,,,
ifr,TAPIT,Australia,,,,,,,,224236S,1191955E,,TAPIT,,,
ifr,STILE,Australia,,,,,,,,331154S,1215036E,,STILE,,,
ifr,TAPUL,Australia,,,,,,,,273312S,1525334E,,TAPUL,,,
ifr,STIMP,Australia,,,,,,,,280630S,1533439E,,STIMP,,,
ifr,TARAK,Australia,,,,,,,,204545S,1120307E,,TARAK,,,
ifr,STIRL,Australia,,,,,,,,350347S,1384445E,,STIRL,,,
ifr,TARAL,Australia,,,,,,,,343007S,1495601E,,TARAL,,,
ifr,STOES,Australia,,,,,,,,132655S,1314705E,,STOES,,,
ifr,TARES,Australia,,,,,,,,224106S,1495826E,,TARES,,,
ifr,SUBUM,Australia,,,,,,,,374842S,1350000E,,SUBUM,,,
ifr,TARET,Australia,,,,,,,,191100S,1452600E,,TARET,,,
ifr,SUDAG,Australia,,,,,,,,115358S,1301434E,,SUDAG,,,
ifr,TAROL,Australia,,,,,,,,263212S,1522124E,,TAROL,,,
ifr,SUDLU,Australia,,,,,,,,123807S,1304609E,,SUDLU,,,
ifr,TASED,Australia,,,,,,,,423134S,1473640E,,TASED,,,
ifr,SUGAB,Australia,,,,,,,,284629S,1191312E,,SUGAB,,,
ifr,TASEG,Australia,,,,,,,,321135S,1441047E,,TASEG,,,
ifr,SUKBU,Australia,,,,,,,,192908S,1470706E,,SUKBU,,,
ifr,TASMA,Australia,,,,,,,,395959S,1460422E,,TASMA,,,
ifr,SUKTU,Australia,,,,,,,,290507S,1510446E,,SUKTU,,,
ifr,TASUM,Australia,,,,,,,,425050S,1473136E,,TASUM,,,
ifr,SULDA,Australia,,,,,,,,364021S,1474957E,,SULDA,,,
ifr,TASUN,Australia,,,,,,,,203724S,1472354E,,TASUN,,,
ifr,SULDO,Australia,,,,,,,,273521S,1525419E,,SULDO,,,
ifr,TATAP,Australia,,,,,,,,104540S,1331521E,,TATAP,,,
ifr,SULMI,Australia,,,,,,,,281318S,1492315E,,SULMI,,,
ifr,TATEN,Australia,,,,,,,,282924S,1523212E,,TATEN,,,
ifr,SULON,Australia,,,,,,,,395131S,1630000E,,SULON,,,
ifr,TATOD,Australia,,,,,,,,105906S,1025842E,,TATOD,,,
ifr,SULTU,Australia,,,,,,,,200439S,1452555E,,SULTU,,,
ifr,TATUK,Australia,,,,,,,,192546S,1263847E,,TATUK,,,
ifr,SUMPA,Australia,,,,,,,,163143S,1164002E,,SUMPA,,,
ifr,TAVET,Australia,,,,,,,,381718S,1481045E,,TAVET,,,
ifr,SUMRU,Australia,,,,,,,,380012S,1443515E,,SUMRU,,,
ifr,TAVEV,Australia,,,,,,,,241536S,1432633E,,TAVEV,,,
ifr,SUMSA,Australia,,,,,,,,331235S,1514537E,,SUMSA,,,
ifr,TAXEG,Australia,,,,,,,,291323S,1511413E,,TAXEG,,,
ifr,SUMUP,Australia,,,,,,,,324400S,1372100E,,SUMUP,,,
ifr,TAXES,Australia,,,,,,,,350532S,1383429E,,TAXES,,,
ifr,SUNAL,Australia,,,,,,,,331428S,1375943E,,SUNAL,,,
ifr,TAXUM,Australia,,,,,,,,222155S,1430502E,,TAXUM,,,
ifr,SUNEK,Australia,,,,,,,,422359S,1473934E,,SUNEK,,,
ifr,TAYER,Australia,,,,,,,,161745S,1172142E,,TAYER,,,
ifr,SUNIL,Australia,,,,,,,,165600S,1275354E,,SUNIL,,,
ifr,TCART,Australia,,,,,,,,175452S,1220556E,,TCART,,,
ifr,SUNIX,Australia,,,,,,,,141116S,1345526E,,SUNIX,,,
ifr,TEBIP,Australia,,,,,,,,310533S,1163427E,,TEBIP,,,
ifr,SUNKI,Australia,,,,,,,,381842S,0750000E,,SUNKI,,,
ifr,TEBOT,Australia,,,,,,,,270001S,1534555E,,TEBOT,,,
ifr,TEBUM,Australia,,,,,,,,381314S,1465654E,,TEBUM,,,
ifr,TOMUM,Australia,,,,,,,,362530S,1350000E,,TOMUM,,,
ifr,TEBUR,Australia,,,,,,,,232824S,1630000E,,TEBUR,,,
ifr,TONAR,Australia,,,,,,,,375037S,1445110E,,TONAR,,,
ifr,TEDEB,Australia,,,,,,,,291145S,1532346E,,TEDEB,,,
ifr,TONEG,Australia,,,,,,,,320916S,1154713E,,TONEG,,,
ifr,TEDOR,Australia,,,,,,,,414250S,1472112E,,TEDOR,,,
ifr,TONIM,Australia,,,,,,,,360154S,1542046E,,TONIM,,,
ifr,TEDUS,Australia,,,,,,,,345441S,1373648E,,TEDUS,,,
ifr,TONTO,Australia,,,,,,,,341734S,1503842E,,TONTO,,,
ifr,TEENA,Australia,,,,,,,,374706S,1442700E,,TEENA,,,
ifr,TONUX,Australia,,,,,,,,334304S,1510742E,,TONUX,,,
ifr,TEGAL,Australia,,,,,,,,314733S,1361808E,,TEGAL,,,
ifr,TOODY,Australia,,,,,,,,314731S,1161130E,,TOODY,,,
ifr,TEGEX,Australia,,,,,,,,311309S,1354416E,,TEGEX,,,
ifr,TOOKI,Australia,,,,,,,,331603S,1513349E,,TOOKI,,,
ifr,TEGIL,Australia,,,,,,,,271029S,1524504E,,TEGIL,,,
ifr,TOPIR,Australia,,,,,,,,291100S,1164007E,,TOPIR,,,
ifr,TEGIT,Australia,,,,,,,,123640S,1310756E,,TEGIT,,,
ifr,TOPUL,Australia,,,,,,,,371253S,1473635E,,TOPUL,,,
ifr,TEKAN,Australia,,,,,,,,120000S,1504330E,,TEKAN,,,
ifr,TORAG,Australia,,,,,,,,345155S,1503809E,,TORAG,,,
ifr,TEKEP,Australia,,,,,,,,302924S,1630000E,,TEKEP,,,
ifr,TOREX,Australia,,,,,,,,072400S,1333530E,,TOREX,,,
ifr,TEKOD,Australia,,,,,,,,343824S,1361935E,,TEKOD,,,
ifr,TOROB,Australia,,,,,,,,335347S,1494518E,,TOROB,,,
ifr,TEKUP,Australia,,,,,,,,381524S,1300000E,,TEKUP,,,
ifr,TOROT,Australia,,,,,,,,122622S,1305717E,,TOROT,,,
ifr,TELAP,Australia,,,,,,,,191120S,1465544E,,TELAP,,,
ifr,TOSAS,Australia,,,,,,,,120000S,1470554E,,TOSAS,,,
ifr,TELIP,Australia,,,,,,,,364434S,1441934E,,TELIP,,,
ifr,TOSOB,Australia,,,,,,,,122759S,1304622E,,TOSOB,,,
ifr,TELOG,Australia,,,,,,,,281440S,1535437E,,TELOG,,,
ifr,TOSUG,Australia,,,,,,,,423323S,1472519E,,TOSUG,,,
ifr,TEMAN,Australia,,,,,,,,180130S,1222134E,,TEMAN,,,
ifr,TOTTY,Australia,,,,,,,,171424S,1453836E,,TOTTY,,,
ifr,TEMAP,Australia,,,,,,,,315143S,1152926E,,TEMAP,,,
ifr,TRAIL,Australia,,,,,,,,154448S,1454102E,,TRAIL,,,
ifr,TEMIS,Australia,,,,,,,,371223S,1455006E,,TEMIS,,,
ifr,TREBL,Australia,,,,,,,,265130S,1363218E,,TREBL,,,
ifr,TEMPL,Australia,,,,,,,,375234S,1442941E,,TEMPL,,,
ifr,TREES,Australia,,,,,,,,320000S,1100000E,,TREES,,,
ifr,TEMUL,Australia,,,,,,,,271756S,1532834E,,TEMUL,,,
ifr,TREST,Australia,,,,,,,,345300S,1442518E,,TREST,,,
ifr,TENCH,Australia,,,,,,,,145347S,1480342E,,TENCH,,,
ifr,TREVR,Australia,,,,,,,,374641S,1471517E,,TREVR,,,
ifr,TENER,Australia,,,,,,,,412118S,1470149E,,TENER,,,
ifr,TRIKI,Australia,,,,,,,,265220S,1532113E,,TRIKI,,,
ifr,TENIP,Australia,,,,,,,,281819S,1534430E,,TENIP,,,
ifr,TRINA,Australia,,,,,,,,322334S,1514238E,,TRINA,,,
ifr,TEPUN,Australia,,,,,,,,302830S,1161655E,,TEPUN,,,
ifr,TROFE,Australia,,,,,,,,321609S,1490256E,,TROFE,,,
ifr,TERAR,Australia,,,,,,,,175611S,1384907E,,TERAR,,,
ifr,TROUB,Australia,,,,,,,,350510S,1380920E,,TROUB,,,
ifr,TEROG,Australia,,,,,,,,280212S,1160400E,,TEROG,,,
ifr,TRUKA,Australia,,,,,,,,135827S,1332809E,,TRUKA,,,
ifr,TEROS,Australia,,,,,,,,052916S,0752312E,,TEROS,,,
ifr,TUCAB,Australia,,,,,,,,292848S,1531606E,,TUCAB,,,
ifr,TERRA,Australia,,,,,,,,281424S,1533312E,,TERRA,,,
ifr,TUCKI,Australia,,,,,,,,285518S,1532212E,,TUCKI,,,
ifr,TERUV,Australia,,,,,,,,253742S,1525429E,,TERUV,,,
ifr,TULPO,Australia,,,,,,,,205355S,1152350E,,TULPO,,,
ifr,TESAS,Australia,,,,,,,,332051S,1594932E,,TESAS,,,
ifr,TUMAN,Australia,,,,,,,,343613S,1401750E,,TUMAN,,,
ifr,TESAT,Australia,,,,,,,,335638S,1511057E,,TESAT,,,
ifr,TUMDI,Australia,,,,,,,,350138S,1382501E,,TUMDI,,,
ifr,TESSI,Australia,,,,,,,,292704S,1521845E,,TESSI,,,
ifr,TUMSO,Australia,,,,,,,,241449S,1332653E,,TUMSO,,,
ifr,TEXAN,Australia,,,,,,,,190042S,1372924E,,TEXAN,,,
ifr,TUNGO,Australia,,,,,,,,413112S,1410000E,,TUNGO,,,
ifr,TEZZA,Australia,,,,,,,,270427S,1521259E,,TEZZA,,,
ifr,TUNGU,Australia,,,,,,,,243754S,1450354E,,TUNGU,,,
ifr,THENA,Australia,,,,,,,,281322S,1420022E,,THENA,,,
ifr,TUNKA,Australia,,,,,,,,371956S,1444631E,,TUNKA,,,
ifr,THOMO,Australia,,,,,,,,194129S,1451426E,,THOMO,,,
ifr,TUNVI,Australia,,,,,,,,275824S,1413215E,,TUNVI,,,
ifr,THRUM,Australia,,,,,,,,403002S,1445251E,,THRUM,,,
ifr,TUPSI,Australia,,,,,,,,342607S,1383346E,,TUPSI,,,
ifr,TICAL,Australia,,,,,,,,120000S,1512231E,,TICAL,,,
ifr,TUPSO,Australia,,,,,,,,193000S,1150712E,,TUPSO,,,
ifr,TIGGA,Australia,,,,,,,,274337S,1410447E,,TIGGA,,,
ifr,TURBI,Australia,,,,,,,,361910S,1422441E,,TURBI,,,
ifr,TIMBO,Australia,,,,,,,,321023S,1512742E,,TIMBO,,,
ifr,TUREK,Australia,,,,,,,,231349S,1180552E,,TUREK,,,
ifr,TIMET,Australia,,,,,,,,190741S,1161917E,,TIMET,,,
ifr,TURGO,Australia,,,,,,,,121658S,1310036E,,TURGO,,,
ifr,TINAH,Australia,,,,,,,,213618S,1414518E,,TINAH,,,
ifr,TUSGO,Australia,,,,,,,,345510S,1385218E,,TUSGO,,,
ifr,TOBOB,Australia,,,,,,,,345603S,1450449E,,TOBOB,,,
ifr,TUSTU,Australia,,,,,,,,122041S,1342444E,,TUSTU,,,
ifr,TODEG,Australia,,,,,,,,163859S,1454928E,,TODEG,,,
ifr,TUSVA,Australia,,,,,,,,243219S,1180820E,,TUSVA,,,
ifr,TODIK,Australia,,,,,,,,275346S,1174136E,,TODIK,,,
ifr,TUTNI,Australia,,,,,,,,292450S,1170330E,,TUTNI,,,
ifr,TODIV,Australia,,,,,,,,375000S,1474824E,,TODIV,,,
ifr,TUTNO,Australia,,,,,,,,344618S,1350000E,,TUTNO,,,
ifr,TODOT,Australia,,,,,,,,091758S,1265724E,,TODOT,,,
ifr,TUTRA,Australia,,,,,,,,285704S,1674635E,,TUTRA,,,
ifr,TODOX,Australia,,,,,,,,191130S,1470100E,,TODOX,,,
ifr,TUVBA,Australia,,,,,,,,320045S,1154911E,,TUVBA,,,
ifr,TOGAM,Australia,,,,,,,,320329S,1161154E,,TOGAM,,,
ifr,TUVBI,Australia,,,,,,,,405356S,1604237E,,TUVBI,,,
ifr,TOGAT,Australia,,,,,,,,410936S,1472546E,,TOGAT,,,
ifr,TUVNO,Australia,,,,,,,,191223S,1464734E,,TUVNO,,,
ifr,TOGEN,Australia,,,,,,,,204312S,1455318E,,TOGEN,,,
ifr,TUVRA,Australia,,,,,,,,391427S,1440946E,,TUVRA,,,
ifr,TOGIN,Australia,,,,,,,,272848S,1525635E,,TOGIN,,,
ifr,TWIST,Australia,,,,,,,,154406S,1250206E,,TWIST,,,
ifr,TOKAX,Australia,,,,,,,,424753S,1472737E,,TOKAX,,,
ifr,TYERS,Australia,,,,,,,,375436S,1481054E,,TYERS,,,
ifr,TOLAG,Australia,,,,,,,,234019S,1141322E,,TOLAG,,,
ifr,TYNDI,Australia,,,,,,,,374817S,1421856E,,TYNDI,,,
ifr,TOLAX,Australia,,,,,,,,270224S,1525813E,,TOLAX,,,
ifr,UBDAK,Australia,,,,,,,,285434S,1654827E,,UBDAK,,,
ifr,TOMAR,Australia,,,,,,,,410814S,1630000E,,TOMAR,,,
ifr,UBDIB,Australia,,,,,,,,341403S,1402100E,,UBDIB,,,
ifr,UBDIG,Australia,,,,,,,,125350S,1303206E,,UBDIG,,,
ifr,UPROX,Australia,,,,,,,,123121S,1305621E,,UPROX,,,
ifr,UBGAN,Australia,,,,,,,,272012S,1481027E,,UBGAN,,,
ifr,UPRUM,Australia,,,,,,,,303454S,1514536E,,UPRUM,,,
ifr,UBGIM,Australia,,,,,,,,325632S,1515143E,,UBGIM,,,
ifr,UPRUN,Australia,,,,,,,,252800S,1294135E,,UPRUN,,,
ifr,UBGUT,Australia,,,,,,,,364019S,1421005E,,UBGUT,,,
ifr,UPSAD,Australia,,,,,,,,310031S,1572348E,,UPSAD,,,
ifr,UBGUX,Australia,,,,,,,,121337S,1304316E,,UBGUX,,,
ifr,UPSAL,Australia,,,,,,,,373616S,1464527E,,UPSAL,,,
ifr,UBLEN,Australia,,,,,,,,425257S,1473430E,,UBLEN,,,
ifr,UPSEN,Australia,,,,,,,,123334S,1304504E,,UPSEN,,,
ifr,UBLIN,Australia,,,,,,,,274941S,1630000E,,UBLIN,,,
ifr,UPSES,Australia,,,,,,,,304204S,1363800E,,UPSES,,,
ifr,UBLOM,Australia,,,,,,,,320352S,1510657E,,UBLOM,,,
ifr,UPSID,Australia,,,,,,,,151117S,1230703E,,UPSID,,,
ifr,UBLUK,Australia,,,,,,,,284901S,1495112E,,UBLUK,,,
ifr,UPSUK,Australia,,,,,,,,351329S,1494437E,,UPSUK,,,
ifr,UBMAX,Australia,,,,,,,,325440S,1515236E,,UBMAX,,,
ifr,UPTAL,Australia,,,,,,,,272050S,1515159E,,UPTAL,,,
ifr,UBNIL,Australia,,,,,,,,323809S,1520256E,,UBNIL,,,
ifr,UPTAM,Australia,,,,,,,,154721S,1140015E,,UPTAM,,,
ifr,UBNIS,Australia,,,,,,,,081618S,0800000E,,UBNIS,,,
ifr,UPTEB,Australia,,,,,,,,324455S,1514608E,,UPTEB,,,
ifr,UBNUB,Australia,,,,,,,,324022S,1435139E,,UBNUB,,,
ifr,UPTEK,Australia,,,,,,,,310630S,1151657E,,UPTEK,,,
ifr,UBSON,Australia,,,,,,,,322552S,1515211E,,UBSON,,,
ifr,UPTIK,Australia,,,,,,,,205244S,1164132E,,UPTIK,,,
ifr,UDEPO,Australia,,,,,,,,325139S,1515932E,,UDEPO,,,
ifr,UPTOD,Australia,,,,,,,,290737S,1474755E,,UPTOD,,,
ifr,UDERI,Australia,,,,,,,,274114S,1513807E,,UDERI,,,
ifr,UPTUN,Australia,,,,,,,,343125S,1383855E,,UPTUN,,,
ifr,UDISI,Australia,,,,,,,,330822S,1534057E,,UDISI,,,
ifr,UPVEN,Australia,,,,,,,,314656S,1501439E,,UPVEN,,,
ifr,UDIXA,Australia,,,,,,,,324700S,1520500E,,UDIXA,,,
ifr,UPVIB,Australia,,,,,,,,325728S,1520341E,,UPVIB,,,
ifr,UGAVI,Australia,,,,,,,,232515S,1245822E,,UGAVI,,,
ifr,URADA,Australia,,,,,,,,345805S,1384653E,,URADA,,,
ifr,UGISU,Australia,,,,,,,,324455S,1513423E,,UGISU,,,
ifr,URAMU,Australia,,,,,,,,264550S,1202708E,,URAMU,,,
ifr,UGITO,Australia,,,,,,,,391532S,1464623E,,UGITO,,,
ifr,URBEN,Australia,,,,,,,,415236S,1461736E,,URBEN,,,
ifr,UGPOT,Australia,,,,,,,,315322S,1523034E,,UGPOT,,,
ifr,URBEP,Australia,,,,,,,,312816S,1501833E,,URBEP,,,
ifr,UGPUR,Australia,,,,,,,,360955S,1444553E,,UGPUR,,,
ifr,URBIN,Australia,,,,,,,,270319S,1533808E,,URBIN,,,
ifr,UGTUG,Australia,,,,,,,,272922S,1535232E,,UGTUG,,,
ifr,URBOB,Australia,,,,,,,,355354S,1500834E,,URBOB,,,
ifr,UGUMO,Australia,,,,,,,,272422S,1533401E,,UGUMO,,,
ifr,URBUN,Australia,,,,,,,,344913S,1382313E,,URBUN,,,
ifr,UGUXA,Australia,,,,,,,,344046S,1382612E,,UGUXA,,,
ifr,URDAX,Australia,,,,,,,,324352S,1514440E,,URDAX,,,
ifr,UGVER,Australia,,,,,,,,353730S,1472802E,,UGVER,,,
ifr,URDEN,Australia,,,,,,,,334448S,1510727E,,URDEN,,,
ifr,UGVOK,Australia,,,,,,,,325059S,1513302E,,UGVOK,,,
ifr,URGUL,Australia,,,,,,,,351446S,1443616E,,URGUL,,,
ifr,UKADI,Australia,,,,,,,,265927S,1394427E,,UKADI,,,
ifr,URKER,Australia,,,,,,,,313648S,1502300E,,URKER,,,
ifr,UKAPI,Australia,,,,,,,,260812S,1531518E,,UKAPI,,,
ifr,UTTOX,Australia,,,,,,,,123859S,1303633E,,UTTOX,,,
ifr,UKDAV,Australia,,,,,,,,341432S,1511449E,,UKDAV,,,
ifr,UVUPU,Australia,,,,,,,,335032S,1423257E,,UVUPU,,,
ifr,UKDIP,Australia,,,,,,,,323904S,1514620E,,UKDIP,,,
ifr,UXAMA,Australia,,,,,,,,335226S,1512731E,,UXAMA,,,
ifr,UNDER,Australia,,,,,,,,290000S,1100000E,,UNDER,,,
ifr,UXILO,Australia,,,,,,,,264931S,1452701E,,UXILO,,,
ifr,UNDOW,Australia,,,,,,,,314945S,1162414E,,UNDOW,,,
ifr,UXORA,Australia,,,,,,,,260000S,1091344E,,UXORA,,,
ifr,UNSAR,Australia,,,,,,,,321217S,1490448E,,UNSAR,,,
ifr,VABLI,Australia,,,,,,,,123715S,1311611E,,VABLI,,,
ifr,UNSIG,Australia,,,,,,,,372658S,1473003E,,UNSIG,,,
ifr,VADMA,Australia,,,,,,,,350634S,1490311E,,VADMA,,,
ifr,UNSOK,Australia,,,,,,,,262342S,1174818E,,UNSOK,,,
ifr,VAGPO,Australia,,,,,,,,310000S,1424844E,,VAGPO,,,
ifr,UNSOV,Australia,,,,,,,,181105S,1253325E,,UNSOV,,,
ifr,VAKSA,Australia,,,,,,,,151106S,1434805E,,VAKSA,,,
ifr,UNSOX,Australia,,,,,,,,335308S,1394829E,,UNSOX,,,
ifr,VALDU,Australia,,,,,,,,370828S,1473308E,,VALDU,,,
ifr,UNSUS,Australia,,,,,,,,330641S,1485146E,,UNSUS,,,
ifr,VALDZ,Australia,,,,,,,,232700S,1414148E,,VALDZ,,,
ifr,UNTAP,Australia,,,,,,,,423326S,1471720E,,UNTAP,,,
ifr,VALES,Australia,,,,,,,,372152S,1452057E,,VALES,,,
ifr,UNVAT,Australia,,,,,,,,254810S,1495347E,,UNVAT,,,
ifr,VALRA,Australia,,,,,,,,214241S,1221248E,,VALRA,,,
ifr,UNVAX,Australia,,,,,,,,275455S,1175123E,,UNVAX,,,
ifr,VALVO,Australia,,,,,,,,272754S,1532121E,,VALVO,,,
ifr,UPDUR,Australia,,,,,,,,361226S,1464408E,,UPDUR,,,
ifr,VAMSO,Australia,,,,,,,,321323S,1481345E,,VAMSO,,,
ifr,UPKAN,Australia,,,,,,,,373450S,1443552E,,UPKAN,,,
ifr,VANDI,Australia,,,,,,,,122041S,1314515E,,VANDI,,,
ifr,UPKID,Australia,,,,,,,,374953S,1450644E,,UPKID,,,
ifr,VANGO,Australia,,,,,,,,235248S,1335152E,,VANGO,,,
ifr,UPLOT,Australia,,,,,,,,262229S,1525957E,,UPLOT,,,
ifr,VANRU,Australia,,,,,,,,315347S,1153444E,,VANRU,,,
ifr,UPLUG,Australia,,,,,,,,324627S,1513855E,,UPLUG,,,
ifr,VANSU,Australia,,,,,,,,283557S,1533417E,,VANSU,,,
ifr,UPMAR,Australia,,,,,,,,335344S,1505546E,,UPMAR,,,
ifr,VANTI,Australia,,,,,,,,273810S,1525947E,,VANTI,,,
ifr,UPMOG,Australia,,,,,,,,280010S,1515023E,,UPMOG,,,
ifr,VANVA,Australia,,,,,,,,222130S,1495154E,,VANVA,,,
ifr,UPMUV,Australia,,,,,,,,344905S,1484042E,,UPMUV,,,
ifr,VAPMU,Australia,,,,,,,,280124S,1533308E,,VAPMU,,,
ifr,UPNAP,Australia,,,,,,,,351658S,1454906E,,UPNAP,,,
ifr,VAPSA,Australia,,,,,,,,040902S,0762331E,,VAPSA,,,
ifr,UPNEX,Australia,,,,,,,,332626S,1514005E,,UPNEX,,,
ifr,VAPTA,Australia,,,,,,,,282957S,1355005E,,VAPTA,,,
ifr,UPNOR,Australia,,,,,,,,290348S,1340125E,,UPNOR,,,
ifr,VARBI,Australia,,,,,,,,191809S,1464438E,,VARBI,,,
ifr,UPNOT,Australia,,,,,,,,183922S,1095542E,,UPNOT,,,
ifr,VARLY,Australia,,,,,,,,335438S,1532026E,,VARLY,,,
ifr,UPOLO,Australia,,,,,,,,164153S,1455658E,,UPOLO,,,
ifr,VASRA,Australia,,,,,,,,332202S,1510408E,,VASRA,,,
ifr,UPRIG,Australia,,,,,,,,272837S,1532245E,,UPRIG,,,
ifr,VATPO,Australia,,,,,,,,115450S,1304428E,,VATPO,,,
ifr,UPROT,Australia,,,,,,,,343406S,1391830E,,UPROT,,,
ifr,VATRO,Australia,,,,,,,,273919S,1525950E,,VATRO,,,
ifr,VATSU,Australia,,,,,,,,344445S,1361743E,,VATSU,,,
ifr,VIDUM,Australia,,,,,,,,282434S,1534906E,,VIDUM,,,
ifr,VAVBU,Australia,,,,,,,,142629S,1321324E,,VAVBU,,,
ifr,VIKAM,Australia,,,,,,,,345412S,1504340E,,VIKAM,,,
ifr,VAVGA,Australia,,,,,,,,320537S,1161428E,,VAVGA,,,
ifr,VIKIL,Australia,,,,,,,,262559S,1531349E,,VIKIL,,,
ifr,VAVMO,Australia,,,,,,,,422343S,1470755E,,VAVMO,,,
ifr,VIKIS,Australia,,,,,,,,315055S,1155930E,,VIKIS,,,
ifr,VAVPA,Australia,,,,,,,,354233S,1373051E,,VAVPA,,,
ifr,VIKUV,Australia,,,,,,,,122127S,1305826E,,VIKUV,,,
ifr,VEBMI,Australia,,,,,,,,310845S,1505550E,,VEBMI,,,
ifr,VILAD,Australia,,,,,,,,342332S,1392059E,,VILAD,,,
ifr,VEBTO,Australia,,,,,,,,191723S,1463752E,,VEBTO,,,
ifr,VILAL,Australia,,,,,,,,423025S,1472153E,,VILAL,,,
ifr,VEDKI,Australia,,,,,,,,144742S,1161913E,,VEDKI,,,
ifr,VILER,Australia,,,,,,,,271126S,1525520E,,VILER,,,
ifr,VEDPI,Australia,,,,,,,,291108S,1472922E,,VEDPI,,,
ifr,VILIG,Australia,,,,,,,,350455S,1492443E,,VILIG,,,
ifr,VEDRU,Australia,,,,,,,,271137S,1510648E,,VEDRU,,,
ifr,VILIN,Australia,,,,,,,,314042S,1162734E,,VILIN,,,
ifr,VEGAH,Australia,,,,,,,,292436S,1524924E,,VEGAH,,,
ifr,VILOD,Australia,,,,,,,,304541S,1170221E,,VILOD,,,
ifr,VEGDI,Australia,,,,,,,,223418S,1521850E,,VEGDI,,,
ifr,VILON,Australia,,,,,,,,095000S,1351120E,,VILON,,,
ifr,VEGPU,Australia,,,,,,,,124000S,1311423E,,VEGPU,,,
ifr,VILUN,Australia,,,,,,,,191544S,1470308E,,VILUN,,,
ifr,VEGRU,Australia,,,,,,,,362249S,1462859E,,VEGRU,,,
ifr,VIMAP,Australia,,,,,,,,403927S,1471154E,,VIMAP,,,
ifr,VEKBI,Australia,,,,,,,,173550S,1442237E,,VEKBI,,,
ifr,VIMET,Australia,,,,,,,,235223S,1334440E,,VIMET,,,
ifr,VEKLO,Australia,,,,,,,,420515S,1473953E,,VEKLO,,,
ifr,VIMUG,Australia,,,,,,,,192215S,1464242E,,VIMUG,,,
ifr,VEKMI,Australia,,,,,,,,345107S,1381413E,,VEKMI,,,
ifr,VIMUS,Australia,,,,,,,,350406S,1250000E,,VIMUS,,,
ifr,VEKNU,Australia,,,,,,,,262641S,1530749E,,VEKNU,,,
ifr,VINAX,Australia,,,,,,,,213518S,1375333E,,VINAX,,,
ifr,VEKPA,Australia,,,,,,,,291055S,1511114E,,VEKPA,,,
ifr,VINCN,Australia,,,,,,,,345644S,1382138E,,VINCN,,,
ifr,VELGI,Australia,,,,,,,,332151S,1475540E,,VELGI,,,
ifr,VINOP,Australia,,,,,,,,344207S,1463101E,,VINOP,,,
ifr,VELKA,Australia,,,,,,,,275102S,1531443E,,VELKA,,,
ifr,VINOX,Australia,,,,,,,,191300S,1460300E,,VINOX,,,
ifr,VELKU,Australia,,,,,,,,370421S,1583000E,,VELKU,,,
ifr,VINUG,Australia,,,,,,,,142746S,1321928E,,VINUG,,,
ifr,VEMDA,Australia,,,,,,,,380910S,1472337E,,VEMDA,,,
ifr,VIPAM,Australia,,,,,,,,120000S,1480114E,,VIPAM,,,
ifr,VEMLA,Australia,,,,,,,,265244S,1582515E,,VEMLA,,,
ifr,VIPAR,Australia,,,,,,,,240046S,1324848E,,VIPAR,,,
ifr,VEMON,Australia,,,,,,,,323221S,1170428E,,VEMON,,,
ifr,VIPES,Australia,,,,,,,,413621S,1471547E,,VIPES,,,
ifr,VEMTO,Australia,,,,,,,,191000S,1202636E,,VEMTO,,,
ifr,VIPUB,Australia,,,,,,,,193706S,1451309E,,VIPUB,,,
ifr,VENEL,Australia,,,,,,,,332824S,1434624E,,VENEL,,,
ifr,VIRAP,Australia,,,,,,,,280536S,1515700E,,VIRAP,,,
ifr,VENGA,Australia,,,,,,,,212246S,1151300E,,VENGA,,,
ifr,VIRAT,Australia,,,,,,,,344726S,1384539E,,VIRAT,,,
ifr,VENPU,Australia,,,,,,,,373327S,1450043E,,VENPU,,,
ifr,VIRGE,Australia,,,,,,,,271312S,1544429E,,VIRGE,,,
ifr,VENUL,Australia,,,,,,,,335530S,1513457E,,VENUL,,,
ifr,VIROB,Australia,,,,,,,,112548S,1280311E,,VIROB,,,
ifr,VENUP,Australia,,,,,,,,311544S,1153527E,,VENUP,,,
ifr,VIROK,Australia,,,,,,,,305711S,1190947E,,VIROK,,,
ifr,VENVO,Australia,,,,,,,,374504S,1450446E,,VENVO,,,
ifr,VIRUR,Australia,,,,,,,,332259S,1490728E,,VIRUR,,,
ifr,VEPAN,Australia,,,,,,,,315141S,1162253E,,VEPAN,,,
ifr,VIRUV,Australia,,,,,,,,285707S,1343327E,,VIRUV,,,
ifr,VEPAP,Australia,,,,,,,,290000S,1443542E,,VEPAP,,,
ifr,VISAS,Australia,,,,,,,,374018S,1450135E,,VISAS,,,
ifr,VEPAS,Australia,,,,,,,,342447S,1630000E,,VEPAS,,,
ifr,VISEP,Australia,,,,,,,,202030S,1131036E,,VISEP,,,
ifr,VEPEK,Australia,,,,,,,,222158S,1191455E,,VEPEK,,,
ifr,VISER,Australia,,,,,,,,372736S,1474936E,,VISER,,,
ifr,VEPOK,Australia,,,,,,,,340612S,1370120E,,VEPOK,,,
ifr,VISIB,Australia,,,,,,,,262712S,1525748E,,VISIB,,,
ifr,VEPUD,Australia,,,,,,,,374150S,1451244E,,VEPUD,,,
ifr,VITAA,Australia,,,,,,,,350257S,1380815E,,VITAA,,,
ifr,VERAV,Australia,,,,,,,,295939S,1471509E,,VERAV,,,
ifr,VIYYA,Australia,,,,,,,,020000S,0830000E,,VIYYA,,,
ifr,VERIK,Australia,,,,,,,,274946S,1532145E,,VERIK,,,
ifr,VOMPA,Australia,,,,,,,,194825S,1465418E,,VOMPA,,,
ifr,VERIS,Australia,,,,,,,,171611S,1050000E,,VERIS,,,
ifr,VONDO,Australia,,,,,,,,281806S,1522347E,,VONDO,,,
ifr,VESIM,Australia,,,,,,,,233409S,1152131E,,VESIM,,,
ifr,VONNI,Australia,,,,,,,,331256S,1512420E,,VONNI,,,
ifr,VESOP,Australia,,,,,,,,163933S,1391013E,,VESOP,,,
ifr,VOSSI,Australia,,,,,,,,333626S,1504756E,,VOSSI,,,
ifr,VESUN,Australia,,,,,,,,245847S,1630000E,,VESUN,,,
ifr,WACKO,Australia,,,,,,,,271117S,1524511E,,WACKO,,,
ifr,VETAK,Australia,,,,,,,,311410S,1510239E,,VETAK,,,
ifr,WAGOO,Australia,,,,,,,,280853S,1184525E,,WAGOO,,,
ifr,VETIS,Australia,,,,,,,,273414S,1531102E,,VETIS,,,
ifr,WALLI,Australia,,,,,,,,292731S,1202925E,,WALLI,,,
ifr,VETOP,Australia,,,,,,,,272101S,1514146E,,VETOP,,,
ifr,WALTA,Australia,,,,,,,,194126S,1473526E,,WALTA,,,
ifr,VETOR,Australia,,,,,,,,423727S,1473005E,,VETOR,,,
ifr,WANGI,Australia,,,,,,,,130748S,1302657E,,WANGI,,,
ifr,VEVAV,Australia,,,,,,,,152847S,1414455E,,VEVAV,,,
ifr,WANNA,Australia,,,,,,,,315242S,1155853E,,WANNA,,,
ifr,VEVEX,Australia,,,,,,,,273551S,1531802E,,VEVEX,,,
ifr,WAREN,Australia,,,,,,,,380100S,1451842E,,WAREN,,,
ifr,VEVOS,Australia,,,,,,,,341927S,1491919E,,VEVOS,,,
ifr,WARRA,Australia,,,,,,,,244958S,1141944E,,WARRA,,,
ifr,VEXEV,Australia,,,,,,,,303003S,1474139E,,VEXEV,,,
ifr,WARTY,Australia,,,,,,,,335423S,1540656E,,WARTY,,,
ifr,VIBID,Australia,,,,,,,,255337S,1133438E,,VIBID,,,
ifr,WAYNS,Australia,,,,,,,,314650S,1163050E,,WAYNS,,,
ifr,VIBUX,Australia,,,,,,,,371012S,1300000E,,VIBUX,,,
ifr,WAZZA,Australia,,,,,,,,364757S,1463747E,,WAZZA,,,
ifr,VICKI,Australia,,,,,,,,350655S,1491255E,,VICKI,,,
ifr,WEAVA,Australia,,,,,,,,321706S,1480848E,,WEAVA,,,
ifr,VICMA,Australia,,,,,,,,344236S,1383103E,,VICMA,,,
ifr,WEBBA,Australia,,,,,,,,215342S,1171348E,,WEBBA,,,
ifr,VIDAR,Australia,,,,,,,,374406S,1443620E,,VIDAR,,,
ifr,WEENA,Australia,,,,,,,,120000S,1501801E,,WEENA,,,
ifr,VIDIK,Australia,,,,,,,,335742S,1510517E,,VIDIK,,,
ifr,WEIRD,Australia,,,,,,,,381131S,1471958E,,WEIRD,,,
ifr,WELKE,Australia,,,,,,,,213753S,1493614E,,WELKE,,,
ifr,WOOFY,Australia,,,,,,,,315130S,1154854E,,WOOFY,,,
ifr,WELLI,Australia,,,,,,,,273000S,1531506E,,WELLI,,,
ifr,WOONA,Australia,,,,,,,,344408S,1403159E,,WOONA,,,
ifr,WELSH,Australia,,,,,,,,340806S,1501830E,,WELSH,,,
ifr,WOORA,Australia,,,,,,,,314511S,1160441E,,WOORA,,,
ifr,WENDY,Australia,,,,,,,,375024S,1435842E,,WENDY,,,
ifr,WUDOF,Australia,,,,,,,,121334S,1305032E,,WUDOF,,,
ifr,WENER,Australia,,,,,,,,261550S,1285645E,,WENER,,,
ifr,WUNGO,Australia,,,,,,,,321154S,1160142E,,WUNGO,,,
ifr,WHALE,Australia,,,,,,,,335906S,1513441E,,WHALE,,,
ifr,WVFRN,Australia,,,,,,,,165317S,1454135E,,WVFRN,,,
ifr,WHEBB,Australia,,,,,,,,283636S,1200000E,,WHEBB,,,
ifr,WVFRS,Australia,,,,,,,,165723S,1454306E,,WVFRS,,,
ifr,WHITI,Australia,,,,,,,,291020S,1524516E,,WHITI,,,
ifr,WYLOO,Australia,,,,,,,,224823S,1161547E,,WYLOO,,,
ifr,WHOOL,Australia,,,,,,,,272054S,1200000E,,WHOOL,,,
ifr,WYMER,Australia,,,,,,,,365218S,1425524E,,WYMER,,,
ifr,WILDE,Australia,,,,,,,,373258S,1444104E,,WILDE,,,
ifr,WYNOT,Australia,,,,,,,,161519S,1492419E,,WYNOT,,,
ifr,WINKY,Australia,,,,,,,,271658S,1523927E,,WINKY,,,
ifr,YAHMO,Australia,,,,,,,,304301S,1185149E,,YAHMO,,,
ifr,WIRAL,Australia,,,,,,,,274631S,1182735E,,WIRAL,,,
ifr,YAKKA,Australia,,,,,,,,331132S,1511322E,,YAKKA,,,
ifr,WIRMA,Australia,,,,,,,,312200S,1361942E,,WIRMA,,,
ifr,YANCO,Australia,,,,,,,,351641S,1454354E,,YANCO,,,
ifr,WISKA,Australia,,,,,,,,193432S,1451230E,,WISKA,,,
ifr,YARDD,Australia,,,,,,,,172018S,1370918E,,YARDD,,,
ifr,WIZZA,Australia,,,,,,,,274023S,1530255E,,WIZZA,,,
ifr,YARRA,Australia,,,,,,,,375030S,1445212E,,YARRA,,,
ifr,WOBBL,Australia,,,,,,,,273322S,1522515E,,WOBBL,,,
ifr,YEEDI,Australia,,,,,,,,285207S,1193148E,,YEEDI,,,
ifr,WODAY,Australia,,,,,,,,285504S,1552137E,,WODAY,,,
ifr,YINDI,Australia,,,,,,,,233232S,1335206E,,YINDI,,,
ifr,WOKKA,Australia,,,,,,,,364113S,1394000E,,WOKKA,,,
ifr,YINGA,Australia,,,,,,,,274407S,1191728E,,YINGA,,,
ifr,WOKKI,Australia,,,,,,,,121949S,1305334E,,WOKKI,,,
ifr,YIREE,Australia,,,,,,,,313836S,1160855E,,YIREE,,,
ifr,WOLAG,Australia,,,,,,,,263417S,1151557E,,WOLAG,,,
ifr,YOGGI,Australia,,,,,,,,323309S,1515350E,,YOGGI,,,
ifr,WOLBI,Australia,,,,,,,,352854S,1481230E,,WOLBI,,,
ifr,YOKRA,Australia,,,,,,,,300447S,1191934E,,YOKRA,,,
ifr,WOLGO,Australia,,,,,,,,274059S,1155529E,,WOLGO,,,
ifr,YOTHU,Australia,,,,,,,,235546S,1333858E,,YOTHU,,,
ifr,WONKA,Australia,,,,,,,,322641S,1520552E,,WONKA,,,
ifr,YUNGA,Australia,,,,,,,,314500S,1160909E,,YUNGA,,,
ifr,WONSA,Australia,,,,,,,,220000S,1100000E,,WONSA,,,
ifr,YUSEF,Australia,,,,,,,,212554S,1350712E,,YUSEF,,,
ifr,WONYU,Australia,,,,,,,,245530S,1194449E,,WONYU,,,
ifr,ZAARS,Australia,,,,,,,,120159S,1293613E,,ZAARS,,,
ifr,WOODY,Australia,,,,,,,,271417S,1522417E,,WOODY,,,
ifr,ZANEY,Australia,,,,,,,,160144S,1455443E,,ZANEY,,,
ifr,WOOFA,Australia,,,,,,,,121653S,1321539E,,WOOFA,,,
ifr,ZONKA,Australia,,,,,,,,335729S,1510645E,,ZONKA,,,
vfr,KNO,Australia,,,,,,,,233230S,1333300E,,ABEAM KUNOTH,NT,,
vfr,ABKL,Australia,,,,,,,,174419S,1224407E,,ABM KILTO,WA,,
vfr,TVT,Australia,,,,,,,,272830S,1525500E,,ABM TV TOWERS,QLD,,
vfr,ACE,Australia,,,,,,,,375345S,1451050E,,ACADEMY,VIC,,
vfr,ANI,Australia,,,,,,,,185740S,1463810E,,ACHERON ISLAND,QLD,,
vfr,ACLD,Australia,,,,,,,,271815S,1514120E,,ACLAND,QLD,,
vfr,ACTY,Australia,,,,,,,,345600S,1383600E,,ADELAIDE CBD,SA,,
vfr,ADB,Australia,,,,,,,,123930S,1312000E,,ADELAIDE RIVER BRIDGE,NT,,
vfr,ADRM,Australia,,,,,,,,121306S,1311436E,,ADELAIDE RIVER MOUTH,NT,,
vfr,AOG,Australia,,,,,,,,351830S,1480400E,,ADELONG,NSW,,
vfr,ADI,Australia,,,,,,,,165900S,1454630E,,ADMIRALTY ISLAND,QLD,,
vfr,ADWD,Australia,,,,,,,,320543S,1154904E,,ADVENTURE WORLD,WA,,
vfr,ALON,Australia,,,,,,,,344500S,1403000E,,ALAWOONA,SA,,
vfr,APL,Australia,,,,,,,,375120S,1445830E,,ALBERT PARK LAKE,VIC,,
vfr,AKMW,Australia,,,,,,,,313649S,1154036E,,ALKIMOS WATER,WA,,
vfr,ALBA,Australia,,,,,,,,170618S,1455000E,,ALOOMBA,QLD,,
vfr,ALOA,Australia,,,,,,,,375200S,1445100E,,ALTONA,VIC,,
vfr,ALTS,Australia,,,,,,,,375244S,1444836E,,ALTONA SOUTH,VIC,,
vfr,ANG,Australia,,,,,,,,382500S,1441100E,,ANGLESEA,VIC,,
vfr,APM,Australia,,,,,,,,360000S,1465900E,,ANM PAPER MILL,NSW,,
vfr,ANA,Australia,,,,,,,,324700S,1520500E,,ANNA BAY,NSW,,
vfr,ANPL,Australia,,,,,,,,191600S,1213100E,,ANNA PLAINS,WA,,
vfr,ANP,Australia,,,,,,,,192600S,1465000E,,ANTILL PLAINS,QLD,,
vfr,APPN,Australia,,,,,,,,341200S,1504718E,,APPIN,NSW,,
vfr,ARCD,Australia,,,,,,,,205200S,1380400E,,ARCADIA HS,QLD,,
vfr,AEN,Australia,,,,,,,,264642S,1523442E,,ARDENT,QLD,,
vfr,SHOP,Australia,,,,,,,,320854S,1160057E,,ARMADALE SHOPS,WA,,
vfr,AWP,Australia,,,,,,,,131500S,1362700E,,ARROWSMITH PT,NT,,
vfr,ASU,Australia,,,,,,,,351230S,1472400E,,ARUNDEL SUBSTATION,NSW,,
vfr,ATN,Australia,,,,,,,,171530S,1453030E,,ATHERTON,QLD,,
vfr,ATG,Australia,,,,,,,,305600S,1505020E,,ATTUNGA,NSW,,
vfr,ATV,Australia,,,,,,,,375110S,1451005E,,ATV10,VIC,,
vfr,ALEC,Australia,,,,,,,,310805S,1505516E,,AUSTRALIAN LIVESTOCK EQUINE CENT,NSW,,
vfr,AVCA,Australia,,,,,,,,414654S,1474310E,,AVOCA,TAS,,
vfr,BADA,Australia,,,,,,,,172030S,1455530E,,BABINDA,QLD,,
vfr,BMP,Australia,,,,,,,,374030S,1442620E,,BACCHUS MARSH TOWNSHIP,VIC,,
vfr,BKRL,Australia,,,,,,,,264240S,1255847E,,BAKER LAKE,WA,,
vfr,BLHS,Australia,,,,,,,,271847S,1530058E,,BALD HILLS MAST,QLD,,
vfr,BOA,Australia,,,,,,,,371500S,1415000E,,BALMORAL,VIC,,
vfr,BANG,Australia,,,,,,,,284112S,1533100E,,BANGALOW,NSW,,
vfr,BDT,Australia,,,,,,,,361500S,1465100E,,BARANDUDA TOWERS,VIC,,
vfr,BARB,Australia,,,,,,,,314000S,1154700E,,BARBAGALLO RACEWAY,WA,,
vfr,BHCP,Australia,,,,,,,,182207S,1220226E,,BARN HILL CARAVAN PARK,WA,,
vfr,BSL,Australia,,,,,,,,271200S,1520600E,,BARNES HILL,QLD,,
vfr,BRNJ,Australia,,,,,,,,333448S,1511936E,,BARRENJOEY HEAD,NSW,,
vfr,BRR,Australia,,,,,,,,290100S,1454200E,,BARRINGUN,NSW,,
vfr,BRGE,Australia,,,,,,,,165100S,1453900E,,BARRON GORGE,QLD,,
vfr,BPN,Australia,,,,,,,,375900S,1442100E,,BARWON PRISON,VIC,,
vfr,KALK,Australia,,,,,,,,393000S,1423000E,,BASS STRAIT,TAS,,
vfr,BATB,Australia,,,,,,,,354300S,1501100E,,BATEMANS BAY,NSW,,
vfr,BTI,Australia,,,,,,,,114559S,1303700E,,BATHURST ISLAND,NT,,
vfr,BNE,Australia,,,,,,,,411303S,1465451E,,BATMAN BRIDGE,TAS,,
vfr,BAW,Australia,,,,,,,,380000S,1445536E,,BAYWEST,VIC,,
vfr,BCM,Australia,,,,,,,,270700S,1530300E,,BEACHMERE,QLD,,
vfr,BIV,Australia,,,,,,,,305820S,1504418E,,BECTIVE HS,NSW,,
vfr,BENT,Australia,,,,,,,,280800S,1531200E,,BEECHMONT,QLD,,
vfr,BCH,Australia,,,,,,,,362130S,1464120E,,BEECHWORTH,VIC,,
vfr,BLR,Australia,,,,,,,,304918S,1523040E,,BELLBROOK,NSW,,
vfr,BLIG,Australia,,,,,,,,302720S,1525350E,,BELLINGEN,NSW,,
vfr,BENV,Australia,,,,,,,,412440S,1473830E,,BEN NEVIS,TAS,,
vfr,BND,Australia,,,,,,,,305300S,1510900E,,BENDEMEER,NSW,,
vfr,BEE,Australia,,,,,,,,333712S,1510618E,,BERILEE,NSW,,
vfr,BESI,Australia,,,,,,,,165412S,1454848E,,BESSIE POINT,QLD,,
vfr,BVG,Australia,,,,,,,,372820S,1445815E,,BEVERIDGE,VIC,,
vfr,BDTN,Australia,,,,,,,,273330S,1514300E,,BIDDESTON,QLD,,
vfr,BIDG,Australia,,,,,,,,352128S,1490056E,,BIDGEE 1,ACT,,
vfr,BDGE,Australia,,,,,,,,352659S,1490316E,,BIDGEE 2,ACT,,
vfr,BIBA,Australia,,,,,,,,174940S,1460605E,,BINGIL BAY,QLD,,
vfr,BDWD,Australia,,,,,,,,344924S,1385736E,,BIRDWOOD,SA,,
vfr,BCT,Australia,,,,,,,,210410S,1490545E,,BLACK MT,QLD,,
vfr,BKM,Australia,,,,,,,,351630S,1490600E,,BLACK MT,ACT,,
vfr,BKIS,Australia,,,,,,,,203800S,1490400E,,BLACKSMITH ISLAND,QLD,,
vfr,BLIC,Australia,,,,,,,,263730S,1530200E,,BLI BLI CASTLE,QLD,,
vfr,BTM,Australia,,,,,,,,405700S,1453800E,,BOAT HARBOUR,TAS,,
vfr,BOAT,Australia,,,,,,,,320902S,1154557E,,BOATYARD,WA,,
vfr,BODD,Australia,,,,,,,,324800S,1162800E,,BODDINGTON,WA,,
vfr,BGN,Australia,,,,,,,,233900S,1471800E,,BOGANTUNGAN,QLD,,
vfr,BLTB,Australia,,,,,,,,374909S,1445556E,,BOLTE BRIDGE,VIC,,
vfr,BSP,Australia,,,,,,,,233100S,1335100E,,BOND SPRINGS,NT,,
vfr,BUVY,Australia,,,,,,,,280436S,1532436E,,BOND UNIVERSITY,QLD,,
vfr,BNG,Australia,,,,,,,,360840S,1470045E,,BONEGILLA,VIC,,
vfr,BONG,Australia,,,,,,,,270500S,1531100E,,BONGAREE,QLD,,
vfr,BOON,Australia,,,,,,,,272030S,1530503E,,BOONDALL ENTERTAINMENT CENTRE,QLD,,
vfr,BOAR,Australia,,,,,,,,263030S,1523500E,,BORUMBA RESV,QLD,,
vfr,BBH,Australia,,,,,,,,340030S,1511430E,,BOTANY BAY HEADS,NSW,,
vfr,BOWN,Australia,,,,,,,,200100S,1481430E,,BOWEN,QLD,,
vfr,BOWB,Australia,,,,,,,,424900S,1471800E,,BOWEN BRIDGE,TAS,,
vfr,BWV,Australia,,,,,,,,271820S,1512915E,,BOWENVILLE,QLD,,
vfr,BWMS,Australia,,,,,,,,340900S,1381600E,,BOWMANS,SA,,
vfr,BOW,Australia,,,,,,,,355700S,1470700E,,BOWNA,NSW,,
vfr,BWL,Australia,,,,,,,,342845S,1502505E,,BOWRAL,NSW,,
vfr,BOV,Australia,,,,,,,,303900S,1525100E,,BOWRAVILLE,NSW,,
vfr,BPI,Australia,,,,,,,,204820S,1491600E,,BRAMPTON ISLAND,QLD,,
vfr,BAXT,Australia,,,,,,,,324000S,1512100E,,BRANXTON,NSW,,
vfr,BZA,Australia,,,,,,,,311500S,1502800E,,BREEZA,NSW,,
vfr,BBBG,Australia,,,,,,,,270425S,1530846E,,BRIBIE BRIDGE,QLD,,
vfr,BBI,Australia,,,,,,,,270001S,1530835E,,BRIBIE ISLAND,QLD,,
vfr,BTO,Australia,,,,,,,,375440S,1445910E,,BRIGHTON,VIC,,
vfr,BTJ,Australia,,,,,,,,350100S,1383100E,,BRIGHTON JETTY,SA,,
vfr,BRY,Australia,,,,,,,,335630S,1504342E,,BRINGELLY,NSW,,
vfr,BRIN,Australia,,,,,,,,165430S,1454230E,,BRINSMEAD,QLD,,
vfr,BCTY,Australia,,,,,,,,272800S,1530200E,,BRISBANE CBD,QLD,,
vfr,BNCG,Australia,,,,,,,,272909S,1530217E,,BRISBANE CRICKET GROUND,QLD,,
vfr,BDF,Australia,,,,,,,,371230S,1450230E,,BROADFORD,VIC,,
vfr,BYN,Australia,,,,,,,,374940S,1445130E,,BROOKLYN,VIC,,
vfr,BBG,Australia,,,,,,,,333227S,1511145E,,BROOKLYN BRIDGE,NSW,,
vfr,BTON,Australia,,,,,,,,322200S,1170100E,,BROOKTON,WA,,
vfr,BRI,Australia,,,,,,,,323630S,1521830E,,BROUGHTON ISLAND,NSW,,
vfr,BRH,Australia,,,,,,,,283230S,1533300E,,BRUNSWICK HEADS,NSW,,
vfr,BUCP,Australia,,,,,,,,164410S,1454004E,,BUCHAN PT,QLD,,
vfr,BUCN,Australia,,,,,,,,185400S,1310500E,,BUCHANAN HILLS,NT,,
vfr,BKD,Australia,,,,,,,,423640S,1474300E,,BUCKLAND,TAS,,
vfr,BPK,Australia,,,,,,,,343701S,1382808E,,BUCKLAND PARK WEATHER RADAR,SA,,
vfr,BDH,Australia,,,,,,,,302600S,1530430E,,BUNDAGEN HEAD,NSW,,
vfr,BEN,Australia,,,,,,,,351530S,1492650E,,BUNGENDORE,NSW,,
vfr,BUG,Australia,,,,,,,,360300S,1472100E,,BUNGIL BRIDGE,VIC,,
vfr,URG,Australia,,,,,,,,352025S,1491835E,,BURBONG,NSW,,
vfr,BLGH,Australia,,,,,,,,280527S,1532730E,,BURLEIGH HEADS,QLD,,
vfr,BUB,Australia,,,,,,,,314342S,1154300E,,BURNS BEACH,WA,,
vfr,BURR,Australia,,,,,,,,334100S,1385600E,,BURRA,SA,,
vfr,BUGA,Australia,,,,,,,,335300S,1493400E,,BURRAGA,NSW,,
vfr,BJK,Australia,,,,,,,,350018S,1483500E,,BURRINJUCK,NSW,,
vfr,BMK,Australia,,,,,,,,355000S,1464800E,,BURRUMBUTTOCK,NSW,,
vfr,BYFD,Australia,,,,,,,,321300S,1160200E,,BYFORD,WA,,
vfr,BYNO,Australia,,,,,,,,124500S,1304100E,,BYNOE HARBOUR,NT,,
vfr,BYRK,Australia,,,,,,,,303900S,1462400E,,BYROCK,NSW,,
vfr,BBAY,Australia,,,,,,,,283900S,1533700E,,BYRON BAY,NSW,,
vfr,CBLT,Australia,,,,,,,,165054S,1454130E,,CABLEWAY TERMINAL,QLD,,
vfr,CABO,Australia,,,,,,,,270515S,1525700E,,CABOOLTURE,QLD,,
vfr,CALN,Australia,,,,,,,,205400S,1484610E,,CALEN,QLD,,
vfr,CRDZ,Australia,,,,,,,,264800S,1530636E,,CALOUNDRA DROPZONE,QLD,,
vfr,CALT,Australia,,,,,,,,272454S,1530930E,,CALTEX REFINERY,QLD,,
vfr,CLVT,Australia,,,,,,,,273949S,1523057E,,CALVERT,QLD,,
vfr,CBRA,Australia,,,,,,,,343930S,1391648E,,CAMBRAI,SA,,
vfr,CPA,Australia,,,,,,,,423958S,1472521E,,CAMPANIA,TAS,,
vfr,CLLN,Australia,,,,,,,,415600S,1472930E,,CAMPBELLTOWN,TAS,,
vfr,CAMB,Australia,,,,,,,,340418S,1504700E,,CAMPBELLTOWN UNIVERSITY,NSW,,
vfr,RCSE,Australia,,,,,,,,351418S,1490812E,,CANBERRA RACECOURSE,ACT,,
vfr,CNB,Australia,,,,,,,,320036S,1155100E,,CANNING BRIDGE,WA,,
vfr,CDM,Australia,,,,,,,,320915S,1160730E,,CANNING DAM,WA,,
vfr,CAV,Australia,,,,,,,,201640S,1484130E,,CANNONVALE,QLD,,
vfr,CBY,Australia,,,,,,,,335430S,1510642E,,CANTERBURY RACECOURSE,NSW,,
vfr,CAPS,Australia,,,,,,,,335951S,1511440E,,CAPE BANKS,NSW,,
vfr,CCL,Australia,,,,,,,,191100S,1470045E,,CAPE CLEVELAND,QLD,,
vfr,CPY,Australia,,,,,,,,203210S,1485540E,,CAPE CONWAY,QLD,,
vfr,CGR,Australia,,,,,,,,115620S,1305800E,,CAPE GAMBIER,NT,,
vfr,CGF,Australia,,,,,,,,165150S,1455500E,,CAPE GRAFTON,QLD,,
vfr,CPH,Australia,,,,,,,,205420S,1490240E,,CAPE HILLSBOROUGH,QLD,,
vfr,CAJE,Australia,,,,,,,,353622S,1380531E,,CAPE JERVIS,SA,,
vfr,CAKE,Australia,,,,,,,,113700S,1312800E,,CAPE KEITH,NT,,
vfr,CMB,Australia,,,,,,,,203536S,1171100E,,CAPE LAMBERT,WA,,
vfr,CPMN,Australia,,,,,,,,270200S,1532800E,,CAPE MORETON,QLD,,
vfr,CPLD,Australia,,,,,,,,404500S,1475700E,,CAPE PORTLAND,TAS,,
vfr,CPHE,Australia,,,,,,,,343600S,1184600E,,CAPE RICHE,WA,,
vfr,CAPT,Australia,,,,,,,,353528S,1492643E,,CAPTAINS FLAT,NSW,,
vfr,CAU,Australia,,,,,,,,375800S,1423100E,,CARAMUT,VIC,,
vfr,CARE,Australia,,,,,,,,375730S,1452500E,,CARDINIA RESV,VIC,,
vfr,CDNA,Australia,,,,,,,,232000S,1490000E,,CARDONA,QLD,,
vfr,CARIN,Australia,,,,,,,,273000S,1530604E,,CARINDALE SHOPPING CENTRE,QLD,,
vfr,CIK,Australia,,,,,,,,413200S,1470000E,,CARRICK,TAS,,
vfr,CARR,Australia,,,,,,,,380427S,1450710E,,CARRUM,VIC,,
vfr,CLJ,Australia,,,,,,,,413020S,1472900E,,CASTLE JUNCTION,TAS,,
vfr,CTT,Australia,,,,,,,,122100S,1311630E,,CASTLE PT,NT,,
vfr,CRPT,Australia,,,,,,,,271132S,1530641E,,CASTLEREAGH POINT,QLD,,
vfr,CCP,Australia,,,,,,,,273200S,1511100E,,CECIL PLAINS,QLD,,
vfr,CAO,Australia,,,,,,,,315200S,1334800E,,CEDUNA OBSERVATORY,SA,,
vfr,CBRG,Australia,,,,,,,,273139S,1525648E,,CENTENARY BRIDGE,QLD,,
vfr,CERB,Australia,,,,,,,,375800S,1450000E,,CERBERUS,VIC,,
vfr,CYM,Australia,,,,,,,,312030S,1510800E,,CHAFFEY DAM,NSW,,
vfr,CHI,Australia,,,,,,,,123300S,1305200E,,CHANNEL ISLAND,NT,,
vfr,CHAP,Australia,,,,,,,,122258S,1303705E,,CHARLES PT,NT,,
vfr,CHAT,Australia,,,,,,,,334746S,1511107E,,CHATSWOOD CBD,NSW,,
vfr,CHN,Australia,,,,,,,,360845S,1463625E,,CHILTERN,VIC,,
vfr,CIB,Australia,,,,,,,,350415S,1472415E,,CHIPBOARD FACTORY,NSW,,
vfr,CHOC,Australia,,,,,,,,424735S,1471604E,,CHOCOLATE FACTORY,TAS,,
vfr,CNTH,Australia,,,,,,,,335254S,1510130E,,CHOPPERS NORTH,NSW,,
vfr,CSTH,Australia,,,,,,,,335715S,1505752E,,CHOPPERS SOUTH,NSW,,
vfr,CWST,Australia,,,,,,,,335225S,1510014E,,CHOPPERS WEST,NSW,,
vfr,CIH,Australia,,,,,,,,201500S,1485600E,,CID HARBOUR,QLD,,
vfr,CYB,Australia,,,,,,,,315630S,1154500E,,CITY BEACH,WA,,
vfr,CEN,Australia,,,,,,,,192345S,1470115E,,CLEVEDON,QLD,,
vfr,CVD,Australia,,,,,,,,273110S,1531700E,,CLEVELAND,QLD,,
vfr,CFI,Australia,,,,,,,,385705S,1464208E,,CLIFFY ISLAND,VIC,,
vfr,CLS,Australia,,,,,,,,380900S,1443400E,,CLIFTON SPRINGS,VIC,,
vfr,CGH,Australia,,,,,,,,200800S,1404100E,,CLONAGH STN,QLD,,
vfr,CLOY,Australia,,,,,,,,201300S,1423600E,,CLONEYS CREEK,QLD,,
vfr,COBA,Australia,,,,,,,,281100S,1532916E,,COBAKI,NSW,,
vfr,CKT,Australia,,,,,,,,375618S,1452942E,,COCKATOO,VIC,,
vfr,CBI,Australia,,,,,,,,363500S,1444800E,,COLBINABBIN,VIC,,
vfr,CGE,Australia,,,,,,,,350520S,1470715E,,COLLINGULLIE,NSW,,
vfr,CONG,Australia,,,,,,,,345300S,1504400E,,COMERONG ISLAND,NSW,,
vfr,CJN,Australia,,,,,,,,415000S,1472600E,,CONARA JUNCTION,TAS,,
vfr,CGM,Australia,,,,,,,,281900S,1532600E,,CONDONG MILL,NSW,,
vfr,CBYC,Australia,,,,,,,,272310S,1515620E,,COOBY CREEK RESV,QLD,,
vfr,CIS,Australia,,,,,,,,281150S,1533440E,,COOK ISLAND,NSW,,
vfr,CLMN,Australia,,,,,,,,344900S,1471200E,,COOLAMON,NSW,,
vfr,CMDR,Australia,,,,,,,,282700S,1511400E,,COOLMUNDA RESV,QLD,,
vfr,COOL,Australia,,,,,,,,263140S,1530514E,,COOLUM HI-RISE,QLD,,
vfr,CORO,Australia,,,,,,,,262500S,1525430E,,COOROY,QLD,,
vfr,CPL,Australia,,,,,,,,165910S,1454015E,,COPPERLODE DAM,QLD,,
vfr,CPNG,Australia,,,,,,,,351718S,1490236E,,COPPINS CROSSING,ACT,,
vfr,CVR,Australia,,,,,,,,353230S,1485000E,,CORIN RESV,ACT,,
vfr,COSS,Australia,,,,,,,,204036S,1171124E,,COSSACK,WA,,
vfr,COTR,Australia,,,,,,,,352017S,1485930E,,COTTER,ACT,,
vfr,CTE,Australia,,,,,,,,315930S,1154500E,,COTTESLOE,WA,,
vfr,COWI,Australia,,,,,,,,202522S,1485041E,,COW ISLAND,QLD,,
vfr,COWR,Australia,,,,,,,,380052S,1464135E,,COWWARR,VIC,,
vfr,CML,Australia,,,,,,,,413542S,1455542E,,CRADLE MOUNTAIN LODGE,TAS,,
vfr,CBV,Australia,,,,,,,,423300S,1472500E,,CRAIGBOURNE RESV,TAS,,
vfr,CGB,Australia,,,,,,,,373610S,1445620E,,CRAIGIEBURN OVERPASS,VIC,,
vfr,CRAY,Australia,,,,,,,,383500S,1394500E,,CRAYFISH,SA,,
vfr,CREM,Australia,,,,,,,,425730S,1473200E,,CREMORNE,TAS,,
vfr,CES,Australia,,,,,,,,414130S,1470500E,,CRESSY,TAS,,
vfr,CWK,Australia,,,,,,,,372600S,1435400E,,CRESWICK,VIC,,
vfr,CUL,Australia,,,,,,,,340342S,1510912E,,CRONULLA,NSW,,
vfr,CRPC,Australia,,,,,,,,290800S,1501800E,,CROPPA CREEK,NSW,,
vfr,CNT,Australia,,,,,,,,271610S,1520320E,,CROWS NEST,QLD,,
vfr,CGD,Australia,,,,,,,,281554S,1533506E,,CUDGEN HEADLAND,NSW,,
vfr,CCN,Australia,,,,,,,,354000S,1470220E,,CULCAIRN,NSW,,
vfr,DAIN,Australia,,,,,,,,161500S,1451900E,,DAINTREE,QLD,,
vfr,DLMO,Australia,,,,,,,,194630S,1360006E,,DALMORE DOWNS,NT,,
vfr,DRY,Australia,,,,,,,,201000S,1490400E,,DALRYE,QLD,,
vfr,DMW,Australia,,,,,,,,344530S,1384315E,,DAM WALL,SA,,
vfr,DARL,Australia,,,,,,,,382114S,1461255E,,DARLIMURA,VIC,,
vfr,DHH,Australia,,,,,,,,335130S,1511200E,,DARLING HARBOUR,NSW,,
vfr,DND,Australia,,,,,,,,124930S,1305800E,,DARWIN RIVER DAM,NT,,
vfr,DBO,Australia,,,,,,,,271200S,1524915E,,DAYBORO,QLD,,
vfr,DFD,Australia,,,,,,,,372100S,1440900E,,DAYLESFORD,VIC,,
vfr,DGY,Australia,,,,,,,,201030S,1191010E,,DE GREY HS,WA,,
vfr,DSS,Australia,,,,,,,,362712S,1465924E,,DEDERANG SUBSTATION,VIC,,
vfr,DPW,Australia,,,,,,,,242130S,1340300E,,DEEP WELL,NT,,
vfr,DEL,Australia,,,,,,,,413200S,1464000E,,DELORAINE,TAS,,
vfr,DNP,Australia,,,,,,,,112000S,1432000E,,DENHAM PASSAGE,QLD,,
vfr,DWB,Australia,,,,,,,,420800S,1461400E,,DERWENT BRIDGE,TAS,,
vfr,DVM,Australia,,,,,,,,203200S,1341500E,,DEVILS MARBLES,NT,,
vfr,DIBE,Australia,,,,,,,,264655S,1530820E,,DICKY BEACH,QLD,,
vfr,DODI,Australia,,,,,,,,281453S,1533201E,,DODDS ISLAND,NSW,,
vfr,DLPT,Australia,,,,,,,,335941S,1510853E,,DOLLS POINT,NSW,,
vfr,DSN,Australia,,,,,,,,374700S,1450730E,,DONCASTER SHOPPINGTOWN,VIC,,
vfr,DOP,Australia,,,,,,,,193606S,1465030E,,DONNINGTON AIRPARK,QLD,,
vfr,DOOM,Australia,,,,,,,,272536S,1530412E,,DOOMBEN RACECOURSE,QLD,,
vfr,DRO,Australia,,,,,,,,302030S,1524245E,,DORRIGO,NSW,,
vfr,DCIS,Australia,,,,,,,,200600S,1484300E,,DOUBLE CONE ISLAND,QLD,,
vfr,DOU,Australia,,,,,,,,164330S,1454100E,,DOUBLE ISLAND,QLD,,
vfr,DLP,Australia,,,,,,,,255500S,1531100E,,DOUBLE ISLAND PT,QLD,,
vfr,DBPT,Australia,,,,,,,,115200S,1425400E,,DOUBLE PT,QLD,,
vfr,DRLD,Australia,,,,,,,,275154S,1531900E,,DREAMWORLD,QLD,,
vfr,DRM,Australia,,,,,,,,382000S,1445800E,,DROMANA,VIC,,
vfr,DRP,Australia,,,,,,,,425600S,1472500E,,DROUGHTY PT,TAS,,
vfr,DRN,Australia,,,,,,,,380800S,1455100E,,DROUIN,VIC,,
vfr,DCRK,Australia,,,,,,,,345000S,1383500E,,DRY CREEK,SA,,
vfr,DAG,Australia,,,,,,,,234314S,1494008E,,DUARINGA,QLD,,
vfr,DUB,Australia,,,,,,,,342715S,1382100E,,DUBLIN,SA,,
vfr,DLY,Australia,,,,,,,,425330S,1474815E,,DUNALLEY,TAS,,
vfr,DGN,Australia,,,,,,,,311300S,1510700E,,DUNGOWAN,NSW,,
vfr,DUWN,Australia,,,,,,,,312400S,1512100E,,DUNGOWAN DAM,NSW,,
vfr,DUA,Australia,,,,,,,,311200S,1504200E,,DURI GAP,NSW,,
vfr,DMT,Australia,,,,,,,,311215S,1504350E,,DURI MT,NSW,,
vfr,DONG,Australia,,,,,,,,262400S,1511500E,,DURONG,QLD,,
vfr,DTON,Australia,,,,,,,,342200S,1390800E,,DUTTON,SA,,
vfr,EAN,Australia,,,,,,,,430100S,1475400E,,EAGLE HAWK NECK,TAS,,
vfr,EARH,Australia,,,,,,,,164800S,1454200E,,EARL HILL,QLD,,
vfr,EARV,Australia,,,,,,,,165718S,1454418E,,EARLVILLE,QLD,,
vfr,EAM,Australia,,,,,,,,123100S,1305600E,,EAST ARM,NT,,
vfr,EGT,Australia,,,,,,,,324415S,1513215E,,EAST GRETA,NSW,,
vfr,ETP,Australia,,,,,,,,122430S,1304900E,,EAST PT,NT,,
vfr,EDP,Australia,,,,,,,,405954S,1482054E,,EDDYSTONE PT,TAS,,
vfr,EDT,Australia,,,,,,,,170130S,1454350E,,EDMONTON,QLD,,
vfr,ELDO,Australia,,,,,,,,361840S,1463115E,,ELDORADO,VIC,,
vfr,ERB,Australia,,,,,,,,123235S,1305830E,,ELIZABETH RIVER BRIDGE,NT,,
vfr,EMY,Australia,,,,,,,,234422S,1335633E,,EMILY GAP,NT,,
vfr,EDOR,Australia,,,,,,,,154700S,1453400E,,ENDEAVOUR REEF,QLD,,
vfr,EPPG,Australia,,,,,,,,373835S,1450130E,,EPPING,VIC,,
vfr,ERSK,Australia,,,,,,,,335408S,1511126E,,ERSKINEVILLE OVAL,NSW,,
vfr,ETON,Australia,,,,,,,,211600S,1485820E,,ETON,QLD,,
vfr,ETTA,Australia,,,,,,,,355806S,1470030E,,ETTAMOGAH PUB,NSW,,
vfr,EMI,Australia,,,,,,,,262850S,1525710E,,EUMUNDI,QLD,,
vfr,EWI,Australia,,,,,,,,235900S,1335600E,,EWANINGA,NT,,
vfr,EMD,Australia,,,,,,,,264640S,1530030E,,EWEN MADDOCK DAM,QLD,,
vfr,FCP,Australia,,,,,,,,165230S,1455100E,,FALSE CAPE,QLD,,
vfr,FHS,Australia,,,,,,,,310830S,1505900E,,FARRER HIGH SCHOOL,NSW,,
vfr,FDP,Australia,,,,,,,,431600S,1462700E,,FEDERATION PEAK,TAS,,
vfr,FNVL,Australia,,,,,,,,272715S,1523910E,,FERNVALE,QLD,,
vfr,FLDI,Australia,,,,,,,,120600S,1322300E,,FIELD ISLAND,NT,,
vfr,FISH,Australia,,,,,,,,272312S,1531036E,,FISHERMANS ISLAND,QLD,,
vfr,FSHR,Australia,,,,,,,,351350S,1502654E,,FISHERMANS PARADISE,NSW,,
vfr,FIT,Australia,,,,,,,,351000S,1473720E,,FITNESS CAMP,NSW,,
vfr,FID,Australia,,,,,,,,165600S,1455930E,,FITZROY ISLAND,QLD,,
vfr,FGN,Australia,,,,,,,,374735S,1445440E,,FLEMINGTON,VIC,,
vfr,FPK,Australia,,,,,,,,274900S,1524830E,,FLINDERS PEAK,QLD,,
vfr,FYN,Australia,,,,,,,,381138S,1464024E,,FLYNN,VIC,,
vfr,FMN,Australia,,,,,,,,272345S,1512430E,,FORMARTIN,QLD,,
vfr,FDL,Australia,,,,,,,,320935S,1155550E,,FORRESTDALE LAKE,WA,,
vfr,FFLD,Australia,,,,,,,,315919S,1160104E,,FORRESTFIELD,WA,,
vfr,FOWB,Australia,,,,,,,,315900S,1322600E,,FOWLERS BAY,SA,,
vfr,FRLG,Australia,,,,,,,,342724S,1384830E,,FREELING,SA,,
vfr,FWO,Australia,,,,,,,,374743S,1445938E,,FREEWAY OVERPASS,VIC,,
vfr,FRE,Australia,,,,,,,,320330S,1154430E,,FREMANTLE,WA,,
vfr,FREM,Australia,,,,,,,,320317S,1154625E,,FREMANTLE GOLF COURSE,WA,,
vfr,FRWV,Australia,,,,,,,,165700S,1454118E,,FRESHWATER VALLEY,QLD,,
vfr,GLGA,Australia,,,,,,,,344300S,1395800E,,GALGA,SA,,
vfr,GGN,Australia,,,,,,,,262558S,1521945E,,GALLANGOWAN,QLD,,
vfr,GAE,Australia,,,,,,,,222300S,1455900E,,GALLILEE,QLD,,
vfr,GWTR,Australia,,,,,,,,235130S,1334800E,,GAOL WATER TOWER,NT,,
vfr,GST,Australia,,,,,,,,311725S,1504105E,,GATE SOUTH,NSW,,
vfr,GWT,Australia,,,,,,,,310115S,1503420E,,GATE WEST,NSW,,
vfr,GWB,Australia,,,,,,,,272645S,1530600E,,GATEWAY BRIDGE,QLD,,
vfr,GWDM,Australia,,,,,,,,343347S,1384616E,,GAWLER DAM,SA,,
vfr,GEK,Australia,,,,,,,,375700S,1453300E,,GEMBROOK,VIC,,
vfr,GRB,Australia,,,,,,,,340012S,1510636E,,GEORGES RIVER BRIDGE,NSW,,
vfr,GEP,Australia,,,,,,,,345100S,1383600E,,GEPPS CROSS,SA,,
vfr,GOY,Australia,,,,,,,,355020S,1465930E,,GEROGERY,NSW,,
vfr,GNR,Australia,,,,,,,,171900S,1462100E,,GIBSON REEF,QLD,,
vfr,GIM,Australia,,,,,,,,191800S,1433600E,,GILBERLAND MINE,QLD,,
vfr,GIRU,Australia,,,,,,,,193045S,1470620E,,GIRU,QLD,,
vfr,GVB,Australia,,,,,,,,335030S,1510848E,,GLADESVILLE BRIDGE,NSW,,
vfr,GBRY,Australia,,,,,,,,355530S,1470030E,,GLEN BRAY,NSW,,
vfr,GBR,Australia,,,,,,,,372530S,1452520E,,GLENBURN,VIC,,
vfr,GLEN,Australia,,,,,,,,351704S,1490506E,,GLENLOCH INTERCHANGE,NSW,,
vfr,GMN,Australia,,,,,,,,271500S,1494100E,,GLENMORGAN,QLD,,
vfr,GLC,Australia,,,,,,,,315500S,1394700E,,GLENORCHY,SA,,
vfr,GRE,Australia,,,,,,,,300315S,1525840E,,GLENREAGH,NSW,,
vfr,GRK,Australia,,,,,,,,150700S,1450500E,,GLENROCK HS,QLD,,
vfr,GCR,Australia,,,,,,,,320015S,1515800E,,GLOUCESTER,NSW,,
vfr,GMH,Australia,,,,,,,,380030S,1451420E,,GMH,VIC,,
vfr,GOI,Australia,,,,,,,,204100S,1490900E,,GOLDSMITH ISLAND,QLD,,
vfr,GON,Australia,,,,,,,,273700S,1525315E,,GOODNA,QLD,,
vfr,GGV,Australia,,,,,,,,352515S,1491540E,,GOOGONG RESV,NSW,,
vfr,GMBG,Australia,,,,,,,,271830S,1515100E,,GOOMBUNGEE,QLD,,
vfr,GNN,Australia,,,,,,,,252600S,1520800E,,GOONANEMAN,QLD,,
vfr,GGO,Australia,,,,,,,,311835S,1505420E,,GOONOO GOONOO HS,NSW,,
vfr,GOV,Australia,,,,,,,,170520S,1454700E,,GORDONVALE,QLD,,
vfr,GOW,Australia,,,,,,,,273000S,1515310E,,GOWRIE JUNCTION,QLD,,
vfr,GRAA,Australia,,,,,,,,360640S,1471900E,,GRANYA,VIC,,
vfr,GVH,Australia,,,,,,,,411715S,1465820E,,GRAVELLY BEACH,TAS,,
vfr,GRHL,Australia,,,,,,,,315530S,1165730E,,GREEN HILLS,WA,,
vfr,GNIS,Australia,,,,,,,,164530S,1455830E,,GREEN ISLAND (CAIRNS),QLD,,
vfr,GRL,Australia,,,,,,,,205900S,1490900E,,GREEN ISLAND (MACKAY),QLD,,
vfr,GRNH,Australia,,,,,,,,170224S,1454818E,,GREENHILL,QLD,,
vfr,GNM,Australia,,,,,,,,274700S,1515700E,,GREENMOUNT,QLD,,
vfr,GRRV,Australia,,,,,,,,333652S,1504013E,,GROSE RIVER,NSW,,
vfr,GDG,Australia,,,,,,,,350340S,1480610E,,GUNDAGAI,NSW,,
vfr,GUP,Australia,,,,,,,,121100S,1305930E,,GUNN PT,NT,,
vfr,GUNN,Australia,,,,,,,,344654S,1491600E,,GUNNING,NSW,,
vfr,GUNG,Australia,,,,,,,,195600S,1475000E,,GUTHALUNGRA,QLD,,
vfr,HSP,Australia,,,,,,,,413030S,1470330E,,HADSPEN,TAS,,
vfr,HALL,Australia,,,,,,,,351006S,1490406E,,HALL,ACT,,
vfr,HMM,Australia,,,,,,,,103200S,1421300E,,HAMMOND ISLAND,QLD,,
vfr,HMN,Australia,,,,,,,,272130S,1520400E,,HAMPTON,QLD,,
vfr,HAVY,Australia,,,,,,,,264828S,1530759E,,HAPPY VALLEY,QLD,,
vfr,HBB,Australia,,,,,,,,335112S,1511230E,,HARBOUR BRIDGE,NSW,,
vfr,HAF,Australia,,,,,,,,345750S,1473100E,,HAREFIELD,NSW,,
vfr,HGTE,Australia,,,,,,,,345712S,1390106E,,HARROGATE,SA,,
vfr,HARV,Australia,,,,,,,,330500S,1155400E,,HARVEY,WA,,
vfr,HSTI,Australia,,,,,,,,281800S,1451100E,,HASTINGS,QLD,,
vfr,HASS,Australia,,,,,,,,282130S,1533448E,,HASTINGS PT,NSW,,
vfr,HATF,Australia,,,,,,,,334200S,1433900E,,HATFIELD,NSW,,
vfr,HVI,Australia,,,,,,,,185040S,1463220E,,HAVANNAH ISLAND,QLD,,
vfr,HPT,Australia,,,,,,,,211640S,1491730E,,HAY PT,QLD,,
vfr,HAZ,Australia,,,,,,,,201700S,1490500E,,HAZELWOOD ISLAND,QLD,,
vfr,HEAT,Australia,,,,,,,,365500S,1444200E,,HEATHCOTE TOWNSHIP,VIC,,
vfr,HRR,Australia,,,,,,,,320005S,1161336E,,HELENA RIVER RESV,WA,,
vfr,HNB,Australia,,,,,,,,341130S,1505830E,,HELENSBURGH,NSW,,
vfr,HED,Australia,,,,,,,,273300S,1520800E,,HELIDON,QLD,,
vfr,HNLY,Australia,,,,,,,,345511S,1382927E,,HENLEY JETTY,SA,,
vfr,HNTY,Australia,,,,,,,,353130S,1470200E,,HENTY,NSW,,
vfr,HKE,Australia,,,,,,,,315513S,1154850E,,HERDSMAN LAKE,WA,,
vfr,HXB,Australia,,,,,,,,324948S,1514124E,,HEXHAM BRIDGE,NSW,,
vfr,HIPA,Australia,,,,,,,,270858S,1535049E,,HIGH PERFORMANCE AREA 3,QLD,,
vfr,HVTG,Australia,,,,,,,,170051S,1454548E,,HIGH VOLTAGE,QLD,,
vfr,HIM,Australia,,,,,,,,203400S,1392900E,,HILTON MINE,QLD,,
vfr,HNCH,Australia,,,,,,,,182200S,1461500E,,HINCHINBROOK ISLAND,QLD,,
vfr,HDWL,Australia,,,,,,,,280300S,1531712E,,HINZE DAM WALL,QLD,,
vfr,HCTY,Australia,,,,,,,,425300S,1472000E,,HOBART CBD,TAS,,
vfr,HBKT,Australia,,,,,,,,354350S,1471930E,,HOLBROOK TOWNSHIP,NSW,,
vfr,HOLM,Australia,,,,,,,,163000S,1480000E,,HOLMES REEF,QLD,,
vfr,HBU,Australia,,,,,,,,211650S,1490300E,,HOMEBUSH,QLD,,
vfr,HDP,Australia,,,,,,,,342300S,1193400E,,HOOD PT,WA,,
vfr,HPI,Australia,,,,,,,,121940S,1310100E,,HOPE INLET,NT,,
vfr,HVR,Australia,,,,,,,,345100S,1384100E,,HOPE VALLEY RESV,SA,,
vfr,HORD,Australia,,,,,,,,203900S,1301900E,,HORDERN HILLS,NT,,
vfr,HZWF,Australia,,,,,,,,162300S,1235800E,,HORIZONTAL WATERFALLS,WA,,
vfr,HBVT,Australia,,,,,,,,271626S,1530421E,,HORNIBROOK VIADUCT,QLD,,
vfr,HSY,Australia,,,,,,,,334130S,1510624E,,HORNSBY,NSW,,
vfr,HST,Australia,,,,,,,,352520S,1492700E,,HOSKINSTOWN,NSW,,
vfr,HWG,Australia,,,,,,,,355835S,1463730E,,HOWLONG,NSW,,
vfr,HGR,Australia,,,,,,,,242100S,1332600E,,HUGH RIVER,NT,,
vfr,HWW,Australia,,,,,,,,360640S,1470130E,,HUME WEIR WALL,VIC,,
vfr,HYH,Australia,,,,,,,,414400S,1471500E,,HUMMOCKY HILLS,TAS,,
vfr,HRD,Australia,,,,,,,,290000S,1442400E,,HUNGERFORD,NSW,,
vfr,HYDN,Australia,,,,,,,,322700S,1185200E,,HYDEN,WA,,
vfr,IND,Australia,,,,,,,,204710S,1183530E,,INDEE HS,WA,,
vfr,IDNA,Australia,,,,,,,,232000S,1352600E,,INDIANA,NT,,
vfr,IDK,Australia,,,,,,,,265757S,1331930E,,INDULKANA TOWNSHIP,SA,,
vfr,INGL,Australia,,,,,,,,335818S,1505130E,,INGLEBURN,NSW,,
vfr,IPHL,Australia,,,,,,,,250700S,1330300E,,IPPIA HILL,NT,,
vfr,ISB,Australia,,,,,,,,333700S,1235300E,,ISRAELITE BAY,WA,,
vfr,JAC,Australia,,,,,,,,121548S,1310212E,,JACKO'S JUNCTION,NT,,
vfr,JNR,Australia,,,,,,,,113500S,1420000E,,JACKSON RIVER,QLD,,
vfr,JSL,Australia,,,,,,,,415630S,1471800E,,JACOB'S SUGARLOAF,TAS,,
vfr,JACW,Australia,,,,,,,,320200S,1171200E,,JACOB'S WELL,WA,,
vfr,JMPP,Australia,,,,,,,,172906S,1220837E,,JAMES PRICE POINT,WA,,
vfr,JADL,Australia,,,,,,,,322024S,1160430E,,JARRAHDALE,WA,,
vfr,JCK,Australia,,,,,,,,234712S,1333000E,,JAY CREEK,NT,,
vfr,JEA,Australia,,,,,,,,144400S,1445200E,,JEANNIE RIVER,QLD,,
vfr,JES,Australia,,,,,,,,234455S,1340105E,,JESSIE GAP,NT,,
vfr,JIBN,Australia,,,,,,,,340506S,1511012E,,JIBBON PT,NSW,,
vfr,JIA,Australia,,,,,,,,355730S,1465315E,,JINDERA,NSW,,
vfr,JDN,Australia,,,,,,,,272200S,1513515E,,JONDARYAN,QLD,,
vfr,JGK,Australia,,,,,,,,220000S,1444200E,,JUG CREEK,QLD,,
vfr,JPP,Australia,,,,,,,,274400S,1532700E,,JUMPINPIN,QLD,,
vfr,JNEE,Australia,,,,,,,,345200S,1473500E,,JUNEE,NSW,,
vfr,JUP,Australia,,,,,,,,280157S,1532546E,,JUPITERS CASINO,QLD,,
vfr,KKN,Australia,,,,,,,,270400S,1512600E,,KAIMKILLENBUN,QLD,,
vfr,KAO,Australia,,,,,,,,373212S,1445642E,,KALKALLO,VIC,,
vfr,KERW,Australia,,,,,,,,251300S,1512100E,,KEERWEE,QLD,,
vfr,KALL,Australia,,,,,,,,141200S,1413600E,,KENDALL,QLD,,
vfr,KSI,Australia,,,,,,,,205500S,1492500E,,KESWICK ISLAND,QLD,,
vfr,KMA,Australia,,,,,,,,344000S,1505100E,,KIAMA,NSW,,
vfr,KIAN,Australia,,,,,,,,355200S,1483000E,,KIANDRA,NSW,,
vfr,KDBF,Australia,,,,,,,,221500S,1250200E,,KIDSON BLUFF,WA,,
vfr,KIWA,Australia,,,,,,,,361530S,1470030E,,KIEWA,VIC,,
vfr,KLCY,Australia,,,,,,,,265630S,1523350E,,KILCOY TOWNSHIP,QLD,,
vfr,KKV,Australia,,,,,,,,260500S,1521448E,,KILKIVAN,QLD,,
vfr,KIM,Australia,,,,,,,,371800S,1445715E,,KILMORE,VIC,,
vfr,KMG,Australia,,,,,,,,371800S,1445900E,,KILMORE GAP,VIC,,
vfr,KLTO,Australia,,,,,,,,174129S,1224249E,,KILTO,WA,,
vfr,KCAS,Australia,,,,,,,,153730S,1251800E,,KING CASCADES,WA,,
vfr,KRT,Australia,,,,,,,,180500S,1455000E,,KING RANCH TULLY,QLD,,
vfr,KGLE,Australia,,,,,,,,373120S,1452100E,,KINGLAKE,VIC,,
vfr,KBCH,Australia,,,,,,,,264819S,1530824E,,KINGS BEACH,QLD,,
vfr,KCFF,Australia,,,,,,,,281500S,1533418E,,KINGSCLIFF,NSW,,
vfr,KGT,Australia,,,,,,,,272840S,1514850E,,KINGSTHORPE,QLD,,
vfr,KINN,Australia,,,,,,,,375724S,1450436E,,KINGSTON CENTRE,VIC,,
vfr,KIRA,Australia,,,,,,,,280959S,1533121E,,KIRRA,NSW,,
vfr,KSPT,Australia,,,,,,,,191430S,1464820E,,KISSING POINT,QLD,,
vfr,KNW,Australia,,,,,,,,383100S,1454300E,,KONGWAK,VIC,,
vfr,KTG,Australia,,,,,,,,130500S,1353900E,,KOOLATONG RIVER,NT,,
vfr,KBD,Australia,,,,,,,,175000S,1453600E,,KOOMBOOLOOMBA DAM,QLD,,
vfr,KOOM,Australia,,,,,,,,312900S,1293500E,,KOOMOOLOOBOOKA CAVE,SA,,
vfr,KANC,Australia,,,,,,,,231855S,1504534E,,KOORANA CROCODILE FARM,QLD,,
vfr,KOT,Australia,,,,,,,,310300S,1510300E,,KOOTINGAL,NSW,,
vfr,KOPP,Australia,,,,,,,,165552S,1454402E,,KOPPEN PARK,QLD,,
vfr,KREE,Australia,,,,,,,,355500S,1365500E,,KOREELAH,SA,,
vfr,KUN,Australia,,,,,,,,225500S,1500800E,,KUNWARARA,QLD,,
vfr,KRN,Australia,,,,,,,,164900S,1453815E,,KURANDA,QLD,,
vfr,KRMD,Australia,,,,,,,,333303S,1504114E,,KURMOND,NSW,,
vfr,KYP,Australia,,,,,,,,352650S,1473700E,,KYEAMBA PARK,NSW,,
vfr,KYE,Australia,,,,,,,,353130S,1473530E,,KYEAMBA TOWER,NSW,,
vfr,KTN,Australia,,,,,,,,371450S,1442730E,,KYNETON,VIC,,
vfr,LDH,Australia,,,,,,,,351240S,1473100E,,LADYSMITH,NSW,,
vfr,LDLY,Australia,,,,,,,,273800S,1522300E,,LAIDLEY,QLD,,
vfr,LKT,Australia,,,,,,,,351040S,1472148E,,LAKE ALBERT,NSW,,
vfr,LKAD,Australia,,,,,,,,243448S,1302742E,,LAKE AMADEUS,NT,,
vfr,LBT,Australia,,,,,,,,350300S,1494100E,,LAKE BATHURST,NSW,,
vfr,LKON,Australia,,,,,,,,272930S,1522100E,,LAKE CLARENDON,QLD,,
vfr,LCR,Australia,,,,,,,,380600S,1433100E,,LAKE CORANGAMITE,VIC,,
vfr,LCDI,Australia,,,,,,,,264555S,1530812E,,LAKE CURRIMUNDI,QLD,,
vfr,LAD,Australia,,,,,,,,124400S,1310100E,,LAKE DEANE,NT,,
vfr,LDAP,Australia,,,,,,,,233000S,1224000E,,LAKE DISAPPOINTMENT,WA,,
vfr,LKEC,Australia,,,,,,,,421000S,1463800E,,LAKE ECHO,TAS,,
vfr,LEM,Australia,,,,,,,,212920S,1485000E,,LAKE EPSOM,QLD,,
vfr,LEYN,Australia,,,,,,,,282500S,1371800E,,LAKE EYRE NORTH,SA,,
vfr,LFS,Australia,,,,,,,,122250S,1312830E,,LAKE FINNISS,NT,,
vfr,LFRO,Australia,,,,,,,,303800S,1395200E,,LAKE FROME,SA,,
vfr,LGGN,Australia,,,,,,,,345918S,1492330E,,LAKE GEORGE NORTH,NSW,,
vfr,LGGS,Australia,,,,,,,,351210S,1492430E,,LAKE GEORGE SOUTH,NSW,,
vfr,LGEN,Australia,,,,,,,,261300S,1243600E,,LAKE GILLEN,WA,,
vfr,LGDA,Australia,,,,,,,,351400S,1490406E,,LAKE GININDERRA,ACT,,
vfr,LKH,Australia,,,,,,,,360700S,1415200E,,LAKE HINDMARSH,VIC,,
vfr,LKIM,Australia,,,,,,,,291500S,1274600E,,LAKE ILMA,WA,,
vfr,LKG,Australia,,,,,,,,330500S,1194000E,,LAKE KING,WA,,
vfr,LMC,Australia,,,,,,,,272900S,1524600E,,LAKE MANCHESTER,QLD,,
vfr,LME,Australia,,,,,,,,292400S,1305700E,,LAKE MAURICE,SA,,
vfr,LMWL,Australia,,,,,,,,293500S,1231000E,,LAKE MINIGWAL,WA,,
vfr,LOOH,Australia,,,,,,,,280200S,1523300E,,LAKE MOOGERAH,QLD,,
vfr,LKNL,Australia,,,,,,,,241450S,1295759E,,LAKE NEALE,NT,,
vfr,LRID,Australia,,,,,,,,293300S,1221800E,,LAKE RAESIDE,WA,,
vfr,LRAN,Australia,,,,,,,,284000S,1241700E,,LAKE RASON,WA,,
vfr,LSPR,Australia,,,,,,,,201400S,1314800E,,LAKE SURPRISE,NT,,
vfr,LTL,Australia,,,,,,,,273800S,1240500E,,LAKE THROSSELL,WA,,
vfr,LTRR,Australia,,,,,,,,312518S,1380512E,,LAKE TORRENS,SA,,
vfr,WITE,Australia,,,,,,,,210600S,1290300E,,LAKE WHITE,NT,,
vfr,LYEO,Australia,,,,,,,,280305S,1243306E,,LAKE YEO,WA,,
vfr,LKEE,Australia,,,,,,,,375200S,1480000E,,LAKES ENTRANCE,VIC,,
vfr,LCD,Australia,,,,,,,,371640S,1444340E,,LANCEFIELD,VIC,,
vfr,LANC,Australia,,,,,,,,310107S,1151942E,,LANCELIN TOWNSHIP,WA,,
vfr,LGH,Australia,,,,,,,,221200S,1500600E,,LANGHAM,QLD,,
vfr,LHCK,Australia,,,,,,,,351745S,1390240E,,LANGHORNE CREEK,SA,,
vfr,LSDW,Australia,,,,,,,,173654S,1264436E,,LANSDOWNE,WA,,
vfr,LUY,Australia,,,,,,,,374300S,1450300E,,LATROBE UNIVERSITY,VIC,,
vfr,LAUD,Australia,,,,,,,,425400S,1473000E,,LAUDERDALE,TAS,,
vfr,LVAB,Australia,,,,,,,,375149S,1444445E,,LAVERTON,VIC,,
vfr,TON,Australia,,,,,,,,375119S,1444519E,,LAVERTON BOM TOWER,VIC,,
vfr,LWG,Australia,,,,,,,,240100S,1332430E,,LAWRENCE GORGE,NT,,
vfr,LPT,Australia,,,,,,,,122000S,1305400E,,LEE PT,NT,,
vfr,LPD,Australia,,,,,,,,381130S,1442800E,,LEOPOLD,VIC,,
vfr,LIHR,Australia,,,,,,,,334753S,1505115E,,LIGHTHORSE INTERCHANGE M7/M4,NSW,,
vfr,LIY,Australia,,,,,,,,411500S,1471300E,,LILYDALE,TAS,,
vfr,LOWS,Australia,,,,,,,,374942S,1472600E,,LINDENOW SOUTH,VIC,,
vfr,LVE,Australia,,,,,,,,265100S,1521600E,,LINVILLE,QLD,,
vfr,LMGE,Australia,,,,,,,,170820S,1454330E,,LITTLE MULGRAVE,QLD,,
vfr,LRM,Australia,,,,,,,,380025S,1443500E,,LITTLE RIVER MOUTH,VIC,,
vfr,LBET,Australia,,,,,,,,345400S,1385200E,,LOBETHAL,SA,,
vfr,LSR,Australia,,,,,,,,380300S,1473500E,,LOCH SPORT,VIC,,
vfr,LOGI,Australia,,,,,,,,360436S,1464306E,,LOGIC CENTRE,VIC,,
vfr,LRF,Australia,,,,,,,,334431S,1511917E,,LONG REEF,NSW,,
vfr,LFC,Australia,,,,,,,,201230S,1482200E,,LONGFORD CREEK,QLD,,
vfr,LORN,Australia,,,,,,,,383236S,1435812E,,LORNE TOWNSHIP,VIC,,
vfr,LHD,Australia,,,,,,,,410400S,1464800E,,LOW HEAD,TAS,,
vfr,LWI,Australia,,,,,,,,162300S,1453400E,,LOW ISLETS,QLD,,
vfr,LRP,Australia,,,,,,,,430000S,1453000E,,LOW ROCKY PT,TAS,,
vfr,LWD,Australia,,,,,,,,272800S,1523500E,,LOWOOD,QLD,,
vfr,LNDA,Australia,,,,,,,,183200S,1462000E,,LUCINDA,QLD,,
vfr,LYNR,Australia,,,,,,,,172400S,1434500E,,LYND RIVER,QLD,,
vfr,MACB,Australia,,,,,,,,165100S,1454500E,,MACHANS BEACH,QLD,,
vfr,MZR,Australia,,,,,,,,231000S,1493000E,,MACKENZIE RIVER,QLD,,
vfr,MKV,Australia,,,,,,,,304230S,1525455E,,MACKSVILLE,NSW,,
vfr,MGEW,Australia,,,,,,,,345512S,1384048E,,MAGILL ESTATE WINERY,SA,,
vfr,MAS,Australia,,,,,,,,225318S,1501100E,,MAGNESITE MINE,QLD,,
vfr,MADO,Australia,,,,,,,,122630S,1304540E,,MANDORAH,NT,,
vfr,MDU,Australia,,,,,,,,323148S,1154318E,,MANDURAH,WA,,
vfr,MGL,Australia,,,,,,,,423930S,1471430E,,MANGALORE,TAS,,
vfr,MOP,Australia,,,,,,,,352330S,1471430E,,MANGOPLAH,NSW,,
vfr,MAL,Australia,,,,,,,,304500S,1504325E,,MANILLA,NSW,,
vfr,MNLY,Australia,,,,,,,,334754S,1511720E,,MANLY,NSW,,
vfr,MBHB,Australia,,,,,,,,272723S,1531128E,,MANLY BOAT HARBOUR,QLD,,
vfr,MTD,Australia,,,,,,,,125100S,1310730E,,MANTON DAM,NT,,
vfr,MBA,Australia,,,,,,,,170406S,1452506E,,MAREEBA,QLD,,
vfr,MRL,Australia,,,,,,,,423800S,1480500E,,MARIA ISLAND,TAS,,
vfr,MLIT,Australia,,,,,,,,350315S,1383045E,,MARINO LIGHT HOUSE,SA,,
vfr,MARQ,Australia,,,,,,,,165512S,1454337E,,MARINO'S QUARRY,QLD,,
vfr,MRBR,Australia,,,,,,,,335700S,1511524E,,MAROUBRA BEACH,NSW,,
vfr,MAR,Australia,,,,,,,,344930S,1472100E,,MARRAR,NSW,,
vfr,MARR,Australia,,,,,,,,405438S,1444227E,,MARRAWAH,TAS,,
vfr,MHT,Australia,,,,,,,,381900S,1445900E,,MARTHA PT,VIC,,
vfr,MKN,Australia,,,,,,,,204700S,1395900E,,MARY KATHLEEN,QLD,,
vfr,MVL,Australia,,,,,,,,373100S,1454500E,,MARYSVILLE,VIC,,
vfr,MHD,Australia,,,,,,,,233200S,1514400E,,MASTHEAD ISLAND,QLD,,
vfr,MRH,Australia,,,,,,,,235600S,1511500E,,MAURICE HILL,QLD,,
vfr,MAYD,Australia,,,,,,,,424549S,1463550E,,MAYDENA,TAS,,
vfr,MYF,Australia,,,,,,,,335745S,1503730E,,MAYFIELD,NSW,,
vfr,MAYL,Australia,,,,,,,,315648S,1155412E,,MAYLANDS POLICE ACADEMY,WA,,
vfr,MGBH,Australia,,,,,,,,382656S,1470557E,,MCGAURAN BEACH,VIC,,
vfr,MVAL,Australia,,,,,,,,351330S,1383250E,,MCLAREN VALE,SA,,
vfr,MCTY,Australia,,,,,,,,374830S,1445730E,,MELBOURNE CBD,VIC,,
vfr,MCG,Australia,,,,,,,,374912S,1445900E,,MELBOURNE CRICKET GROUND,VIC,,
vfr,MELS,Australia,,,,,,,,374100S,1443400E,,MELTON SOUTH,VIC,,
vfr,MEG,Australia,,,,,,,,340730S,1504430E,,MENANGLE,NSW,,
vfr,MRI,Australia,,,,,,,,225200S,1490200E,,MERION,QLD,,
vfr,MRJ,Australia,,,,,,,,370700S,1461500E,,MERRIJIG,VIC,,
vfr,MIAR,Australia,,,,,,,,205100S,1163636E,,MIAREE POOL BRIDGE,WA,,
vfr,MHGO,Australia,,,,,,,,354300S,1491000E,,MICHELAGO,NSW,,
vfr,MII,Australia,,,,,,,,204130S,1484540E,,MIDGE ISLAND,QLD,,
vfr,MCRO,Australia,,,,,,,,352215S,1492529E,,MILLS CROSS,NSW,,
vfr,MSTM,Australia,,,,,,,,213700S,1170400E,,MILLSTREAM STN,WA,,
vfr,MPO,Australia,,,,,,,,231100S,1411500E,,MILPEROO,QLD,,
vfr,MIJ,Australia,,,,,,,,110854S,1323450E,,MINJILANG,NT,,
vfr,MISB,Australia,,,,,,,,175215S,1460625E,,MISSION BEACH,QLD,,
vfr,MSC,Australia,,,,,,,,175300S,1460600E,,MISSION BEACH,QLD,,
vfr,MITI,Australia,,,,,,,,361242S,1441348E,,MITIAMO,VIC,,
vfr,MFBH,Australia,,,,,,,,264719S,1530830E,,MOFFAT BEACH,QLD,,
vfr,MFH,Australia,,,,,,,,264723S,1530823E,,MOFFAT HEAD,QLD,,
vfr,MBH,Australia,,,,,,,,264200S,1530800E,,MOOLOOLABA,QLD,,
vfr,MVC,Australia,,,,,,,,374600S,1445600E,,MOONEE VALLEY RACECOURSE,VIC,,
vfr,MIE,Australia,,,,,,,,274300S,1502200E,,MOONIE,QLD,,
vfr,MPSC,Australia,,,,,,,,335410S,1511253E,,MOORE PARK SUPA CENTRE,NSW,,
vfr,MORN,Australia,,,,,,,,425126S,1472443E,,MORNINGTON,TAS,,
vfr,MSV,Australia,,,,,,,,343131S,1502518E,,MOSS VALE,NSW,,
vfr,MMA,Australia,,,,,,,,162730S,1452220E,,MOSSMAN,QLD,,
vfr,BAK,Australia,,,,,,,,350440S,1385200E,,MOUNT BARKER,SA,,
vfr,MBST,Australia,,,,,,,,233400S,1341630E,,MOUNT BENSTEAD,NT,,
vfr,MBC,Australia,,,,,,,,191700S,1463330E,,MOUNT BLACK,QLD,,
vfr,MBK,Australia,,,,,,,,210200S,1485630E,,MOUNT BLACKWOOD,QLD,,
vfr,MTBL,Australia,,,,,,,,191600S,1464120E,,MOUNT BOHLE,QLD,,
vfr,MBR,Australia,,,,,,,,350715S,1384200E,,MOUNT BOLD RESV,SA,,
vfr,MTB,Australia,,,,,,,,333707S,1501627E,,MOUNT BOYCE,NSW,,
vfr,MCAR,Australia,,,,,,,,245500S,1482300E,,MOUNT CARNARVON,QLD,,
vfr,MCHR,Australia,,,,,,,,303300S,1331300E,,MOUNT CHRISTIE,SA,,
vfr,MCOM,Australia,,,,,,,,352100S,1383700E,,MOUNT COMPASS,SA,,
vfr,MTK,Australia,,,,,,,,322500S,1161824E,,MOUNT COOKE,WA,,
vfr,MTC,Australia,,,,,,,,263340S,1530500E,,MOUNT COOLUM,QLD,,
vfr,MTBA,Australia,,,,,,,,301315S,1530300E,,MOUNT CORAMBA,NSW,,
vfr,TCR,Australia,,,,,,,,351830S,1484835E,,MOUNT COREE,ACT,,
vfr,MCOO,Australia,,,,,,,,273720S,1531300E,,MOUNT COTTON,QLD,,
vfr,MCOT,Australia,,,,,,,,374548S,1443712E,,MOUNT COTTRELL,VIC,,
vfr,MUE,Australia,,,,,,,,320736S,1161748E,,MOUNT DALE,WA,,
vfr,MDY,Australia,,,,,,,,320800S,1203000E,,MOUNT DAY,WA,,
vfr,MELE,Australia,,,,,,,,162700S,1445600E,,MOUNT ELEPHANT,QLD,,
vfr,MEV,Australia,,,,,,,,251100S,1250400E,,MOUNT EVERARD,WA,,
vfr,MFN,Australia,,,,,,,,213730S,1492310E,,MOUNT FUNNEL,QLD,,
vfr,MGLO,Australia,,,,,,,,272000S,1524600E,,MOUNT GLORIOUS,QLD,,
vfr,MVT,Australia,,,,,,,,273300S,1530430E,,MOUNT GRAVATT,QLD,,
vfr,MJK,Australia,,,,,,,,301200S,1190600E,,MOUNT JACKSON HS,WA,,
vfr,MTKI,Australia,,,,,,,,252600S,1333800E,,MOUNT KINGSTON,NT,,
vfr,MLI,Australia,,,,,,,,232330S,1501915E,,MOUNT LION,QLD,,
vfr,MLUY,Australia,,,,,,,,223600S,1333200E,,MOUNT LUCY,NT,,
vfr,MCD,Australia,,,,,,,,372230S,1443435E,,MOUNT MACEDON,VIC,,
vfr,MTMA,Australia,,,,,,,,272800S,1512900E,,MOUNT MARIA,QLD,,
vfr,MMY,Australia,,,,,,,,164040S,1451945E,,MOUNT MOLLOY,QLD,,
vfr,MOB,Australia,,,,,,,,301902S,1525135E,,MOUNT MOOMBIL,NSW,,
vfr,MGN,Australia,,,,,,,,233840S,1502330E,,MOUNT MORGAN,QLD,,
vfr,MTM,Australia,,,,,,,,352115S,1490745E,,MOUNT MUGGA,ACT,,
vfr,MIY,Australia,,,,,,,,263315S,1525930E,,MOUNT NINDERRY,QLD,,
vfr,OOR,Australia,,,,,,,,240530S,1340010E,,MOUNT OORAMINNA,NT,,
vfr,MPG,Australia,,,,,,,,352600S,1493600E,,MOUNT PALERANG,NSW,,
vfr,PIPR,Australia,,,,,,,,371218S,1450012E,,MOUNT PIPER,VIC,,
vfr,MPT,Australia,,,,,,,,344630S,1390300E,,MOUNT PLEASANT,SA,,
vfr,SOV,Australia,,,,,,,,281256S,1532534E,,MOUNT SOMERVILLE RADAR,NSW,,
vfr,MTEW,Australia,,,,,,,,202200S,1440300E,,MOUNT STEWAN,QLD,,
vfr,MUM,Australia,,,,,,,,351900S,1490030E,,MOUNT STROMLO,ACT,,
vfr,MUSD,Australia,,,,,,,,212400S,1211200E,,MOUNT SYDNEY,WA,,
vfr,MTLR,Australia,,,,,,,,352224S,1490436E,,MOUNT TAYLOR,ACT,,
vfr,MTY,Australia,,,,,,,,273500S,1513400E,,MOUNT TYSON,QLD,,
vfr,MUO,Australia,,,,,,,,234420S,1340610E,,MOUNT UNDOOLYA,NT,,
vfr,MVO,Australia,,,,,,,,241400S,1181400E,,MOUNT VERNON HS,WA,,
vfr,MVI,Australia,,,,,,,,333500S,1501500E,,MOUNT VICTORIA,NSW,,
vfr,MTWK,Australia,,,,,,,,274720S,1523326E,,MOUNT WALKER,QLD,,
vfr,MTWG,Australia,,,,,,,,282400S,1531600E,,MOUNT WARNING,NSW,,
vfr,MTWN,Australia,,,,,,,,373336S,1464836E,,MOUNT WELLINGTON,VIC,,
vfr,MWH,Australia,,,,,,,,231335S,1504059E,,MOUNT WHEELER,QLD,,
vfr,MWK,Australia,,,,,,,,205706S,1162506E,,MOUNT WILKIE,WA,,
vfr,MBKR,Australia,,,,,,,,191048S,1463912E,,MOUTH OF THE BLACK RIVER,QLD,,
vfr,MBHR,Australia,,,,,,,,191148S,1464206E,,MOUTH OF THE BOHLE RIVER,QLD,,
vfr,MMT,Australia,,,,,,,,192100S,1463606E,,MT MARGARET,QLD,,
vfr,MUDI,Australia,,,,,,,,272000S,1531500E,,MUD ISLAND,QLD,,
vfr,MEER,Australia,,,,,,,,280500S,1532200E,,MUDGEERABA,QLD,,
vfr,MUP,Australia,,,,,,,,314830S,1154330E,,MULLALOO PT,WA,,
vfr,LLN,Australia,,,,,,,,250212S,1530000E,,MULLEN,QLD,,
vfr,MBBY,Australia,,,,,,,,283300S,1533000E,,MULLUMBIMBY,NSW,,
vfr,MWR,Australia,,,,,,,,315715S,1160930E,,MUNDARING WEIR,WA,,
vfr,MAA,Australia,,,,,,,,262700S,1473300E,,MUNGALLALA,QLD,,
vfr,MUNM,Australia,,,,,,,,272430S,1515230E,,MUNIGANEEN MT,QLD,,
vfr,MHY,Australia,,,,,,,,272745S,1520315E,,MURPHY'S CREEK,QLD,,
vfr,MBD,Australia,,,,,,,,350900S,1391833E,,MURRAY BRIDGE,SA,,
vfr,MYW,Australia,,,,,,,,250200S,1391200E,,MURRAY DOWNS,QLD,,
vfr,MMM,Australia,,,,,,,,345820S,1490130E,,MURRUMBATEMAN,NSW,,
vfr,MUI,Australia,,,,,,,,314600S,1505000E,,MURRURUNDI,NSW,,
vfr,MUR,Australia,,,,,,,,281930S,1532350E,,MURWILLUMBAH,NSW,,
vfr,MUEE,Australia,,,,,,,,185700S,1461800E,,MUTARNEE,QLD,,
vfr,MRTL,Australia,,,,,,,,194200S,1463200E,,MYRTLE,QLD,,
vfr,NMB,Australia,,,,,,,,263740S,1525730E,,NAMBOUR,QLD,,
vfr,NHS,Australia,,,,,,,,303840S,1530030E,,NAMBUCCA HEADS,NSW,,
vfr,NAA,Australia,,,,,,,,200900S,1485400E,,NARA INLET,QLD,,
vfr,NAMA,Australia,,,,,,,,361200S,1500800E,,NAROOMA,NSW,,
vfr,NRW,Australia,,,,,,,,380100S,1451800E,,NARRE WARREN,VIC,,
vfr,NOOG,Australia,,,,,,,,101500S,1423000E,,NARROOGAL,QLD,,
vfr,NKBO,Australia,,,,,,,,320400S,1443700E,,NECKARBOO,NSW,,
vfr,NEM,Australia,,,,,,,,310730S,1505930E,,NEMINGHA,NSW,,
vfr,NPBR,Australia,,,,,,,,334551S,1503933E,,NEPEAN BRIDGE,NSW,,
vfr,NEN,Australia,,,,,,,,275915S,1532015E,,NERANG,QLD,,
vfr,NGI,Australia,,,,,,,,101436S,1422439E,,NGULUPI,QLD,,
vfr,NTT,Australia,,,,,,,,283230S,1531730E,,NIMBIN TV TOWERS,NSW,,
vfr,NIM,Australia,,,,,,,,120600S,1434700E,,NIMROD PASSAGE,QLD,,
vfr,NDI,Australia,,,,,,,,282100S,1484900E,,NINDIGULLY,QLD,,
vfr,NARL,Australia,,,,,,,,350830S,1382920E,,NOARLUNGA,SA,,
vfr,NBB,Australia,,,,,,,,325454S,1514724E,,NOBBYS HEAD,NSW,,
vfr,NDY,Australia,,,,,,,,134400S,1434500E,,NODDY REEF,QLD,,
vfr,NOME,Australia,,,,,,,,192236S,1465512E,,NOME,QLD,,
vfr,NNDO,Australia,,,,,,,,283700S,1482600E,,NOONDOO,QLD,,
vfr,NOSA,Australia,,,,,,,,262230S,1530700E,,NOOSA HEADS,QLD,,
vfr,NEQ,Australia,,,,,,,,375630S,1443500E,,NORTH EAST QUARRY,VIC,,
vfr,NOHD,Australia,,,,,,,,334918S,1511730E,,NORTH HEAD,NSW,,
vfr,NORT,Australia,,,,,,,,320436S,1154925E,,NORTH LAKE,WA,,
vfr,NSTA,Australia,,,,,,,,285500S,1502500E,,NORTH STAR,NSW,,
vfr,NBRR,Australia,,,,,,,,231643S,1503518E,,NORTHERN TIP BERSERKERS,QLD,,
vfr,NRWN,Australia,,,,,,,,273330S,1512245E,,NORWIN,QLD,,
vfr,NUDG,Australia,,,,,,,,272130S,1530530E,,NUDGEE TIP,QLD,,
vfr,NUA,Australia,,,,,,,,412330S,1471800E,,NUNAMARA,TAS,,
vfr,NUN,Australia,,,,,,,,312800S,1510730E,,NUNDLE,NSW,,
vfr,NUPA,Australia,,,,,,,,342900S,1390000E,,NURIOOTPA,SA,,
vfr,NCHU,Australia,,,,,,,,165036S,1442742E,,NYCHUM,QLD,,
vfr,OAKF,Australia,,,,,,,,321212S,1155530E,,OAKFORD,WA,,
vfr,OAT,Australia,,,,,,,,421800S,1472200E,,OATLANDS,TAS,,
vfr,OBC,Australia,,,,,,,,315340S,1154518E,,OBSERVATION CITY,WA,,
vfr,OBSH,Australia,,,,,,,,285800S,1320000E,,OBSERVATORY HILL,SA,,
vfr,OBY,Australia,,,,,,,,222600S,1483800E,,OLD BOMBANDY,QLD,,
vfr,OLCO,Australia,,,,,,,,225600S,1415200E,,OLD CORK,QLD,,
vfr,ONPK,Australia,,,,,,,,340030S,1504431E,,ORAN PARK,NSW,,
vfr,ORKS,Australia,,,,,,,,190636S,1465254E,,ORCHARD ROCKS,QLD,,
vfr,ORF,Australia,,,,,,,,111800S,1424900E,,ORFORD NESS,QLD,,
vfr,OHB,Australia,,,,,,,,344630S,1382900E,,OUTER HARBOR,SA,,
vfr,OVL,Australia,,,,,,,,262400S,1142800E,,OVERLANDER,WA,,
vfr,OEN,Australia,,,,,,,,341612S,1383230E,,OWEN,SA,,
vfr,OWS,Australia,,,,,,,,235230S,1332820E,,OWEN SPRINGS,NT,,
vfr,OFD,Australia,,,,,,,,275300S,1531900E,,OXENFORD,QLD,,
vfr,PCVE,Australia,,,,,,,,164500S,1454000E,,PALM COVE,QLD,,
vfr,PFRM,Australia,,,,,,,,170236S,1454542E,,PALM FARM,QLD,,
vfr,PLW,Australia,,,,,,,,280200S,1522430E,,PALM MEADOWS,QLD,,
vfr,PLU,Australia,,,,,,,,185720S,1460840E,,PALUMA DAM,QLD,,
vfr,SFG,Australia,,,,,,,,280105S,1532230E,,PARADISE GARDENS,QLD,,
vfr,PKR,Australia,,,,,,,,274216S,1530220E,,PARK RIDGE WATER TOWER,QLD,,
vfr,PRKH,Australia,,,,,,,,231815S,1503050E,,PARKHURST,QLD,,
vfr,PRT,Australia,,,,,,,,334900S,1510018E,,PARRAMATTA,NSW,,
vfr,PAA,Australia,,,,,,,,333306S,1511545E,,PATONGA,NSW,,
vfr,PECO,Australia,,,,,,,,184100S,1455900E,,PEACOCK,QLD,,
vfr,PDNE,Australia,,,,,,,,221500S,1481100E,,PEAK DOWNS MINE,QLD,,
vfr,PEAR,Australia,,,,,,,,335700S,1341600E,,PEARSON ISLES,SA,,
vfr,PCCK,Australia,,,,,,,,251400S,1505400E,,PELICAN CREEK,QLD,,
vfr,PENH,Australia,,,,,,,,334424S,1510412E,,PENNANT HILLS STROBE,NSW,,
vfr,PENT,Australia,,,,,,,,334530S,1504200E,,PENRITH,NSW,,
vfr,PVS,Australia,,,,,,,,213448S,1240936E,,PERCIVAL LAKES,WA,,
vfr,PEG,Australia,,,,,,,,263100S,1530600E,,PEREGIAN,QLD,,
vfr,PCKD,Australia,,,,,,,,271820S,1520715E,,PERSEVERENCE CREEK DAM,QLD,,
vfr,PCTY,Australia,,,,,,,,315716S,1155125E,,PERTH CITY,WA,,
vfr,PTI,Australia,,,,,,,,271600S,1525830E,,PETRIE,QLD,,
vfr,PIB,Australia,,,,,,,,320215S,1160642E,,PICKERING BROOK GOLF COURSE,WA,,
vfr,PIL,Australia,,,,,,,,303415S,1525900E,,PICKET HILL,NSW,,
vfr,PCA,Australia,,,,,,,,191100S,1465100E,,PICNIC BAY,QLD,,
vfr,PNP,Australia,,,,,,,,335848S,1510006E,,PICNIC PT,NSW,,
vfr,PIC,Australia,,,,,,,,341030S,1503700E,,PICTON,NSW,,
vfr,PIG,Australia,,,,,,,,360045S,1464730E,,PIGGERY,NSW,,
vfr,PIPT,Australia,,,,,,,,343400S,1375300E,,PINE PT,SA,,
vfr,PING,Australia,,,,,,,,324530S,1183730E,,PINGARING,WA,,
vfr,PII,Australia,,,,,,,,233030S,1503830E,,PIRATE POINT,QLD,,
vfr,PWH,Australia,,,,,,,,274315S,1513800E,,PITTSWORTH,QLD,,
vfr,PTOM,Australia,,,,,,,,375300S,1445900E,,POINT ORMOND,VIC,,
vfr,PSS,Australia,,,,,,,,324445S,1521230E,,POINT STEPHENS LIGHTHOUSE,NSW,,
vfr,PRP,Australia,,,,,,,,275611S,1532531E,,PORPOISE PT,QLD,,
vfr,PAL,Australia,,,,,,,,345100S,1383000E,,PORT ADELAIDE,SA,,
vfr,PMA,Australia,,,,,,,,233500S,1505130E,,PORT ALMA,QLD,,
vfr,POMP,Australia,,,,,,,,383712S,1425942E,,PORT CAMPBELL,VIC,,
vfr,PDV,Australia,,,,,,,,432000S,1455300E,,PORT DAVEY,TAS,,
vfr,PTD,Australia,,,,,,,,162900S,1452750E,,PORT DOUGLAS,QLD,,
vfr,PJUL,Australia,,,,,,,,344000S,1375240E,,PORT JULIA,SA,,
vfr,PMG,Australia,,,,,,,,120000S,1415600E,,PORT MUSGRAVE,QLD,,
vfr,PNE,Australia,,,,,,,,340700S,1362100E,,PORT NEILL,SA,,
vfr,PNL,Australia,,,,,,,,350900S,1382800E,,PORT NOARLUNGA,SA,,
vfr,PIPS,Australia,,,,,,,,381736S,1443800E,,PORT PHILLIP HEADS,VIC,,
vfr,PVCT,Australia,,,,,,,,344654S,1375139E,,PORT VINCENT,SA,,
vfr,POWR,Australia,,,,,,,,320543S,1154524E,,POWERHOUSE,WA,,
vfr,PWLC,Australia,,,,,,,,373645S,1444640E,,POWERLINE CROSSING,VIC,,
vfr,PRES,Australia,,,,,,,,204500S,1251000E,,PRESCOTT LAKES,WA,,
vfr,PRS,Australia,,,,,,,,425300S,1474000E,,PRIMROSE SANDS,TAS,,
vfr,PCB,Australia,,,,,,,,142000S,1440700E,,PRINCESS CHARLOTTE BAY,QLD,,
vfr,PSP,Australia,,,,,,,,334900S,1505500E,,PROSPECT RESV,NSW,,
vfr,PSF,Australia,,,,,,,,424030S,1474930E,,PROSSERS SUGARLOAF,TAS,,
vfr,PSTO,Australia,,,,,,,,261000S,1513600E,,PROSTON,QLD,,
vfr,DNGR,Australia,,,,,,,,280954S,1533306E,,PT DANGER,NSW,,
vfr,FAW,Australia,,,,,,,,114800S,1300100E,,PT FAWCETT,NT,,
vfr,PMPH,Australia,,,,,,,,324000S,1165400E,,PUMPHREY'S BRIDGE,WA,,
vfr,PBF,Australia,,,,,,,,281000S,1531600E,,PURLINGBROOKE FALLS,QLD,,
vfr,PWDA,Australia,,,,,,,,273220S,1513730E,,PURRAWUNDA,QLD,,
vfr,PUTY,Australia,,,,,,,,325800S,1504500E,,PUTTY,NSW,,
vfr,PYA,Australia,,,,,,,,370700S,1445118E,,PYALONG,VIC,,
vfr,PYK,Australia,,,,,,,,373600S,1441740E,,PYKES CREEK RESV,VIC,,
vfr,QAI,Australia,,,,,,,,220800S,1500000E,,QUAIL ISLAND,QLD,,
vfr,QBN,Australia,,,,,,,,352133S,1491433E,,QUEANBEYAN,NSW,,
vfr,QSAC,Australia,,,,,,,,273330S,1530346E,,QUEENSLAND SAC,QLD,,
vfr,QLW,Australia,,,,,,,,270620S,1513715E,,QUINALOW,QLD,,
vfr,QNDI,Australia,,,,,,,,312926S,1503050E,,QUIRINDI,NSW,,
vfr,RIL,Australia,,,,,,,,205000S,1485400E,,RABBIT ISLAND,QLD,,
vfr,RBY,Australia,,,,,,,,273100S,1531630E,,RABY BAY,QLD,,
vfr,RDRS,Australia,,,,,,,,191200S,1464600E,,RADAR SITE,QLD,,
vfr,RADT,Australia,,,,,,,,424900S,1472700E,,RADIO TELESCOPE,TAS,,
vfr,RAIS,Australia,,,,,,,,113600S,1440200E,,RAINE ISLAND,QLD,,
vfr,RNN,Australia,,,,,,,,240600S,1500700E,,RANNES,QLD,,
vfr,RAPD,Australia,,,,,,,,353118S,1381100E,,RAPID BAY,SA,,
vfr,RTY,Australia,,,,,,,,281300S,1525200E,,RATHDOWNEY,QLD,,
vfr,RKI,Australia,,,,,,,,190200S,1463640E,,RATTLESNAKE ISLAND,QLD,,
vfr,RCS,Australia,,,,,,,,341800S,1421300E,,RED CLIFFS,VIC,,
vfr,RDHI,Australia,,,,,,,,213800S,1480300E,,RED HILL,QLD,,
vfr,RER,Australia,,,,,,,,295910S,1531330E,,RED ROCK,NSW,,
vfr,REDC,Australia,,,,,,,,315548S,1155618E,,REDCLIFFE BRIDGE,WA,,
vfr,RDV,Australia,,,,,,,,210700S,1480700E,,REDCLIFFE VALE HS,QLD,,
vfr,REDF,Australia,,,,,,,,335331S,1511155E,,REDFERN RAILWAY STATION,NSW,,
vfr,REDB,Australia,,,,,,,,273600S,1531800E,,REDLAND BAY,QLD,,
vfr,REDL,Australia,,,,,,,,165300S,1454200E,,REDLYNCH,QLD,,
vfr,RENR,Australia,,,,,,,,181900S,1334800E,,RENNER SPRINGS,NT,,
vfr,RESC,Australia,,,,,,,,144651S,1315611E,,RESEARCH CENTRE,NT,,
vfr,RCH,Australia,,,,,,,,424400S,1472600E,,RICHMOND,TAS,,
vfr,RIT,Australia,,,,,,,,264500S,1530530E,,RING TANK,QLD,,
vfr,RMH,Australia,,,,,,,,343500S,1382130E,,RIVER MOUTH,SA,,
vfr,RIV,Australia,,,,,,,,350320S,1472045E,,RIVERINA CAMPUS,NSW,,
vfr,RVTN,Australia,,,,,,,,340954S,1384448E,,RIVERTON,SA,,
vfr,ROTC,Australia,,,,,,,,280438S,1532307E,,ROBINA TOWN CENTRE,QLD,,
vfr,ROK,Australia,,,,,,,,374340S,1443912E,,ROCKBANK,VIC,,
vfr,ROHM,Australia,,,,,,,,321731S,1154429E,,ROCKINGHAM,WA,,
vfr,RLY,Australia,,,,,,,,320700S,1160430E,,ROLEYSTONE,WA,,
vfr,RGS,Australia,,,,,,,,190250S,1462315E,,ROLLINGSTONE,QLD,,
vfr,RKWC,Australia,,,,,,,,335230S,1510318E,,ROOKWOOD CEMETERY,NSW,,
vfr,RSH,Australia,,,,,,,,334930S,1510130E,,ROSEHILL RACECOURSE,NSW,,
vfr,RVB,Australia,,,,,,,,334600S,1511200E,,ROSEVILLE BRIDGE,NSW,,
vfr,RSWD,Australia,,,,,,,,273810S,1523535E,,ROSEWOOD,QLD,,
vfr,RSEW,Australia,,,,,,,,222400S,1494400E,,ROSEWOOD ISLAND,QLD,,
vfr,RRDM,Australia,,,,,,,,192440S,1464400E,,ROSS RIVER DAM,QLD,,
vfr,RLR,Australia,,,,,,,,372810S,1443350E,,ROSSLYNNE RESV,VIC,,
vfr,RMT,Australia,,,,,,,,192740S,1464140E,,ROUND MT,QLD,,
vfr,RCB,Australia,,,,,,,,335225S,1511356E,,RUSH CUTTERS BAY,NSW,,
vfr,RUSS,Australia,,,,,,,,321111S,1160032E,,RUSSELL,WA,,
vfr,RUIS,Australia,,,,,,,,274000S,1532300E,,RUSSELL ISLAND,QLD,,
vfr,RYB,Australia,,,,,,,,334930S,1510530E,,RYDE BRIDGE,NSW,,
vfr,SADD,Australia,,,,,,,,164912S,1453900E,,SADDLE MT,QLD,,
vfr,SSV,Australia,,,,,,,,271640S,1525115E,,SAMSONVALE,QLD,,
vfr,SAU,Australia,,,,,,,,275130S,1532230E,,SANCTUARY COVE,QLD,,
vfr,SALW,Australia,,,,,,,,345700S,1400800E,,SANDALWOOD,SA,,
vfr,SSTO,Australia,,,,,,,,344436S,1391506E,,SANDERSTON,SA,,
vfr,SAND,Australia,,,,,,,,271942S,1530516E,,SANDGATE PIER,QLD,,
vfr,SDP,Australia,,,,,,,,382500S,1451400E,,SANDY PT,VIC,,
vfr,STT,Australia,,,,,,,,240800S,1342222E,,SANTA TERESA,NT,,
vfr,SJI,Australia,,,,,,,,222600S,1481700E,,SARAJI,QLD,,
vfr,SRIN,Australia,,,,,,,,212530S,1491300E,,SARINA,QLD,,
vfr,SVR,Australia,,,,,,,,413500S,1450800E,,SAVAGE RIVER,TAS,,
vfr,SWTE,Australia,,,,,,,,302200S,1530600E,,SAWTELL,NSW,,
vfr,SWY,Australia,,,,,,,,315415S,1161215E,,SAWYERS VALLEY,WA,,
vfr,STC,Australia,,,,,,,,145000S,1315000E,,SCOTT CREEK,NT,,
vfr,STTE,Australia,,,,,,,,411000S,1473100E,,SCOTTSDALE,TAS,,
vfr,SECF,Australia,,,,,,,,341510S,1505831E,,SEA CLIFF BRIDGE,NSW,,
vfr,SVAL,Australia,,,,,,,,353100S,1381300E,,SECOND VALLEY,SA,,
vfr,SLB,Australia,,,,,,,,352030S,1382700E,,SELLICKS BEACH,SA,,
vfr,SDS,Australia,,,,,,,,243700S,1495500E,,SHAUNA DOWNS,QLD,,
vfr,SHCR,Australia,,,,,,,,251300S,1294347E,,SHAW CREEK,NT,,
vfr,SHI,Australia,,,,,,,,203048S,1490512E,,SHAW ISLAND,QLD,,
vfr,SHL,Australia,,,,,,,,115300S,1430100E,,SHELBURNE BAY,QLD,,
vfr,SEL,Australia,,,,,,,,320130S,1155400E,,SHELLEY BRIDGE,WA,,
vfr,SHOL,Australia,,,,,,,,380400S,1450200E,,SHOAL,VIC,,
vfr,SSG,Australia,,,,,,,,234045S,1334300E,,SIMPSONS GAP,NT,,
vfr,SKP,Australia,,,,,,,,374100S,1432200E,,SKIPTON,VIC,,
vfr,SLPT,Australia,,,,,,,,210354S,1491330E,,SLADE POINT,QLD,,
vfr,SGK,Australia,,,,,,,,245100S,1522600E,,SLOPING HUMMOCK,QLD,,
vfr,SLP,Australia,,,,,,,,425652S,1473855E,,SLOPING ISLAND,TAS,,
vfr,SMIF,Australia,,,,,,,,165000S,1454100E,,SMITHFIELD,QLD,,
vfr,SYI,Australia,,,,,,,,351100S,1475206E,,SNOWY INTERSECTION,NSW,,
vfr,SOFA,Australia,,,,,,,,330100S,1494100E,,SOFALA,NSW,,
vfr,SRP,Australia,,,,,,,,324200S,1520345E,,SOLDIERS POINT,NSW,,
vfr,SMD,Australia,,,,,,,,270715S,1523300E,,SOMERSET DAM,QLD,,
vfr,SMN,Australia,,,,,,,,305630S,1503812E,,SOMERTON,NSW,,
vfr,SORL,Australia,,,,,,,,424700S,1473500E,,SORELL,TAS,,
vfr,SEC,Australia,,,,,,,,433900S,1464900E,,SOUTH EAST CAPE,TAS,,
vfr,SMIB,Australia,,,,,,,,175654S,1460530E,,SOUTH MISSION BEACH,QLD,,
vfr,SPR,Australia,,,,,,,,344100S,1385200E,,SOUTH PARA RESERVOIR,SA,,
vfr,SPN,Australia,,,,,,,,192430S,1463800E,,SOUTH PINNACLE,QLD,,
vfr,SDG,Australia,,,,,,,,164900S,1451300E,,SOUTHEDGE,QLD,,
vfr,SBRR,Australia,,,,,,,,232400S,1503730E,,SOUTHERN TIP BERSERKERS,QLD,,
vfr,SPT,Australia,,,,,,,,275500S,1532220E,,SOUTHPORT,QLD,,
vfr,STR,Australia,,,,,,,,123900S,1304630E,,SOUTHPORT ROAD,NT,,
vfr,SPIT,Australia,,,,,,,,334810S,1511446E,,SPIT BRIDGE,NSW,,
vfr,SRR,Australia,,,,,,,,303430S,1504200E,,SPLIT ROCK RESV,NSW,,
vfr,SOI,Australia,,,,,,,,301430S,1531045E,,SPLIT SOLITARY ISLAND,NSW,,
vfr,SPMT,Australia,,,,,,,,274247S,1525308E,,SPRING MOUNTAIN,QLD,,
vfr,SBK,Australia,,,,,,,,281355S,1531640E,,SPRINGBROOK,QLD,,
vfr,SGM,Australia,,,,,,,,163000S,1442400E,,ST GEORGES MINE,QLD,,
vfr,SHIS,Australia,,,,,,,,272242S,1531400E,,ST HELENA ISLAND,QLD,,
vfr,SIS,Australia,,,,,,,,334218S,1511100E,,ST IVES SHOWGROUND,NSW,,
vfr,SKI,Australia,,,,,,,,344430S,1383150E,,ST KILDA,SA,,
vfr,SRY,Australia,,,,,,,,345440S,1374720E,,STANSBURY,SA,,
vfr,SLL,Australia,,,,,,,,341342S,1505920E,,STANWELL PARK,NSW,,
vfr,SPS,Australia,,,,,,,,233000S,1502000E,,STANWELL POWER STN,QLD,,
vfr,SNP,Australia,,,,,,,,375055S,1445550E,,STATION PIER,VIC,,
vfr,STPK,Australia,,,,,,,,253000S,1301100E,,STEPHENSONS PEAK,NT,,
vfr,SCRK,Australia,,,,,,,,165242S,1453918E,,STONEY CREEK,QLD,,
vfr,SBD,Australia,,,,,,,,272755S,1530215E,,STORY BRIDGE,QLD,,
vfr,STOT,Australia,,,,,,,,281609S,1533003E,,STOTTS ISLAND,NSW,,
vfr,SYN,Australia,,,,,,,,351530S,1385340E,,STRATHALBYN,SA,,
vfr,SFE,Australia,,,,,,,,232100S,1433300E,,STRATHFINELLA,QLD,,
vfr,STRA,Australia,,,,,,,,424600S,1460212E,,STRATHGORDON,TAS,,
vfr,SLY,Australia,,,,,,,,202630S,1185900E,,STRELLEY HS,WA,,
vfr,SRO,Australia,,,,,,,,322048S,1515506E,,STROUD ROAD,NSW,,
vfr,SUA,Australia,,,,,,,,192100S,1465000E,,STUART,QLD,,
vfr,STUM,Australia,,,,,,,,263110S,1530508E,,STUMERS CREEK,QLD,,
vfr,SUI,Australia,,,,,,,,351312S,1474736E,,STURT INTERSECTION,NSW,,
vfr,SUB,Australia,,,,,,,,344412S,1384247E,,SUBSTATION,SA,,
vfr,SUTR,Australia,,,,,,,,165630S,1454600E,,SUGAR TERMINAL,QLD,,
vfr,SLMT,Australia,,,,,,,,312600S,1505230E,,SUGARLOAF MT,NSW,,
vfr,SUG,Australia,,,,,,,,322640S,1523225E,,SUGARLOAF PT,NSW,,
vfr,SGSV,Australia,,,,,,,,374030S,1451800E,,SUGARLOAF RESERVOIR,VIC,,
vfr,SWLD,Australia,,,,,,,,170100S,1454354E,,SUGARWORLD,QLD,,
vfr,SUNZ,Australia,,,,,,,,192000S,1465312E,,SUN ZINC REFINERY,QLD,,
vfr,SBU,Australia,,,,,,,,373500S,1444330E,,SUNBURY,VIC,,
vfr,SWT,Australia,,,,,,,,373252S,1444129E,,SUNBURY WATER TANK,VIC,,
vfr,SBIT,Australia,,,,,,,,230900S,1463700E,,SURBITON,QLD,,
vfr,SUPA,Australia,,,,,,,,280000S,1532600E,,SURFER'S PARADISE,QLD,,
vfr,SUD,Australia,,,,,,,,340218S,1510320E,,SUTHERLAND,NSW,,
vfr,SHER,Australia,,,,,,,,340900S,1391400E,,SUTHERLANDS,SA,,
vfr,SUE,Australia,,,,,,,,351100S,1491530E,,SUTTON ROAD OVERPASS,NSW,,
vfr,SBCH,Australia,,,,,,,,271405S,1530655E,,SUTTONS BEACH,QLD,,
vfr,SCTY,Australia,,,,,,,,335200S,1511200E,,SYDNEY CBD,NSW,,
vfr,SCG,Australia,,,,,,,,335330S,1511324E,,SYDNEY CRICKET GROUND,NSW,,
vfr,SYHD,Australia,,,,,,,,335000S,1511730E,,SYDNEY HEADS,NSW,,
vfr,SYP,Australia,,,,,,,,413915S,1471500E,,SYMMONS PLAINS,TAS,,
vfr,TBL,Australia,,,,,,,,285312S,1523407E,,TABULAM,NSW,,
vfr,TCH,Australia,,,,,,,,122845S,1304600E,,TALC HEAD,NT,,
vfr,TLAG,Australia,,,,,,,,361300S,1471030E,,TALLANGATTA,VIC,,
vfr,TLY,Australia,,,,,,,,361250S,1471445E,,TALLANGATTA CAUSEWAY,VIC,,
vfr,TRWL,Australia,,,,,,,,290200S,1331700E,,TALLARINGA WELL,SA,,
vfr,TLK,Australia,,,,,,,,370600S,1450600E,,TALLAROOK,VIC,,
vfr,TID,Australia,,,,,,,,412300S,1470500E,,TAMAR ISLAND,TAS,,
vfr,TGN,Australia,,,,,,,,214400S,1441200E,,TANGORIN,QLD,,
vfr,TUND,Australia,,,,,,,,343200S,1385800E,,TANUNDA,SA,,
vfr,TAGO,Australia,,,,,,,,350411S,1493917E,,TARAGO,NSW,,
vfr,TOWI,Australia,,,,,,,,325700S,1383100E,,TARCOWIE,SA,,
vfr,TRT,Australia,,,,,,,,351648S,1474420E,,TARCUTTA,NSW,,
vfr,TAP,Australia,,,,,,,,411841S,1472204E,,TARGA GAP,TAS,,
vfr,TAR,Australia,,,,,,,,273650S,1530738E,,TARGET,QLD,,
vfr,TLEE,Australia,,,,,,,,341630S,1384606E,,TARLEE,SA,,
vfr,TAS,Australia,,,,,,,,425200S,1472100E,,TASMAN BRIDGE,TAS,,
vfr,CKO,Australia,,,,,,,,191400S,1452900E,,TELEGRAPH OFFICE,QLD,,
vfr,TPL,Australia,,,,,,,,121600S,1430900E,,TEMPLE BAY,QLD,,
vfr,TLC,Australia,,,,,,,,281254S,1532825E,,TERRANORA LAKES COUNTRY CLUB,QLD,,
vfr,TWT,Australia,,,,,,,,262400S,1530200E,,TEWANTIN,QLD,,
vfr,THAW,Australia,,,,,,,,353030S,1490400E,,THARWA,ACT,,
vfr,TCNR,Australia,,,,,,,,191930S,1464342E,,THE CORNER,QLD,,
vfr,THUM,Australia,,,,,,,,335000S,1392000E,,THE GUMS,SA,,
vfr,TGU,Australia,,,,,,,,335100S,1392100E,,THE GUMS HS,SA,,
vfr,TLMI,Australia,,,,,,,,315154S,1162130E,,THE LAKES MINE,WA,,
vfr,THK,Australia,,,,,,,,340440S,1503440E,,THE OAKS,NSW,,
vfr,PIN,Australia,,,,,,,,280830S,1532800E,,THE PINES,QLD,,
vfr,RCK,Australia,,,,,,,,351630S,1470415E,,THE ROCK,NSW,,
vfr,APST,Australia,,,,,,,,335552S,1511108E,,THE STAMFORD (HOTEL),NSW,,
vfr,WHF,Australia,,,,,,,,380600S,1443200E,,THE WHARF,VIC,,
vfr,THB,Australia,,,,,,,,255700S,1523300E,,THEEBINE,QLD,,
vfr,THSM,Australia,,,,,,,,170044S,1454506E,,THOMPSON 1,QLD,,
vfr,TOML,Australia,,,,,,,,320906S,1155006E,,THOMSONS LAKE,WA,,
vfr,TORN,Australia,,,,,,,,274900S,1522300E,,THORNTON,QLD,,
vfr,TNP,Australia,,,,,,,,192130S,1462742E,,THORNTON GAP,QLD,,
vfr,TBRT,Australia,,,,,,,,165730S,1454820E,,TIMBERTOP,QLD,,
vfr,TING,Australia,,,,,,,,273225S,1531001E,,TINGALPA RESERVOIR,QLD,,
vfr,TMPT,Australia,,,,,,,,224142S,1174730E,,TOM PRICE,WA,,
vfr,TOO,Australia,,,,,,,,370300S,1444800E,,TOOBORAC,VIC,,
vfr,TLN,Australia,,,,,,,,364300S,1444100E,,TOOLLEEN,VIC,,
vfr,TOOU,Australia,,,,,,,,190500S,1462800E,,TOOMULLA,QLD,,
vfr,TOGA,Australia,,,,,,,,375051S,1450250E,,TOORONGA,VIC,,
vfr,TOWA,Australia,,,,,,,,252600S,1151400E,,TOWRANA HS,WA,,
vfr,TVM,Australia,,,,,,,,412715S,1470515E,,TREVALLYN DAM,TAS,,
vfr,TRIN,Australia,,,,,,,,164700S,1454200E,,TRINITY BEACH,QLD,,
vfr,TRUO,Australia,,,,,,,,342442S,1390712E,,TRURO,SA,,
vfr,TKER,Australia,,,,,,,,242900S,1491200E,,TUCKER,QLD,,
vfr,TUK,Australia,,,,,,,,302036S,1525850E,,TUCKERS KNOB,NSW,,
vfr,TGC,Australia,,,,,,,,352500S,1490400E,,TUGGERANONG TOWN CENTRE,ACT,,
vfr,TUMB,Australia,,,,,,,,281642S,1532800E,,TUMBULGUM,NSW,,
vfr,TTLE,Australia,,,,,,,,145100S,1291500E,,TURTLE PT,NT,,
vfr,TWRN,Australia,,,,,,,,335632S,1505308E,,TWO RN,NSW,,
vfr,TOS,Australia,,,,,,,,312930S,1153500E,,TWO ROCKS,WA,,
vfr,UKER,Australia,,,,,,,,281050S,1533246E,,UKEREBAGH ISLAND,NSW,,
vfr,UDA,Australia,,,,,,,,352100S,1502900E,,ULLADULLA,NSW,,
vfr,UNDW,Australia,,,,,,,,173500S,1351500E,,UNDEMOW WATERHOLE,NT,,
vfr,UQLD,Australia,,,,,,,,272951S,1530048E,,UNI OF QLD ST LUCIA,QLD,,
vfr,USW,Australia,,,,,,,,314618S,1160100E,,UPPER SWAN,WA,,
vfr,URAN,Australia,,,,,,,,251700S,1525400E,,URANGAN,QLD,,
vfr,URA,Australia,,,,,,,,351130S,1471445E,,URANQUINTY,NSW,,
vfr,URC,Australia,,,,,,,,345800S,1383730E,,URRBRAE AGRICULTURAL HIGH SCHOOL,SA,,
vfr,URU,Australia,,,,,,,,302930S,1530100E,,URUNGA,NSW,,
vfr,VTG,Australia,,,,,,,,375300S,1442500E,,VEHICLE TESTING GROUND,VIC,,
vfr,VELO,Australia,,,,,,,,345034S,1383640E,,VELODROME,SA,,
vfr,VICP,Australia,,,,,,,,345600S,1383715E,,VICTORIA PARK,SA,,
vfr,VOKH,Australia,,,,,,,,282900S,1303500E,,VOKES HILL,SA,,
vfr,VPH,Australia,,,,,,,,315642S,1155733E,,VPH,WA,,
vfr,WGL,Australia,,,,,,,,273700S,1284700E,,WAIGEN LAKES,WA,,
vfr,WTC,Australia,,,,,,,,345812S,1383808E,,WAITE CAMPUS,SA,,
vfr,WKT,Australia,,,,,,,,210945S,1490350E,,WALKERSTON,QLD,,
vfr,WBH,Australia,,,,,,,,313218S,1504930E,,WALLABADAH,NSW,,
vfr,WAN,Australia,,,,,,,,372430S,1445836E,,WALLAN,VIC,,
vfr,WGR,Australia,,,,,,,,285500S,1515600E,,WALLANGARRA,NSW,,
vfr,WRO,Australia,,,,,,,,335600S,1373800E,,WALLAROO,SA,,
vfr,WMB,Australia,,,,,,,,263500S,1491100E,,WALLUMBILLA,QLD,,
vfr,WPE,Australia,,,,,,,,345900S,1164400E,,WALPOLE,WA,,
vfr,WTBG,Australia,,,,,,,,273020S,1525826E,,WALTER TAYLOR BRIDGE,QLD,,
vfr,WDN,Australia,,,,,,,,350500S,1503100E,,WANDANDIAN,NSW,,
vfr,WAND,Australia,,,,,,,,324030S,1164000E,,WANDERING,WA,,
vfr,WAT,Australia,,,,,,,,163954S,1453400E,,WANGETTI,QLD,,
vfr,WAG,Australia,,,,,,,,350330S,1474320E,,WANTABADGERY,NSW,,
vfr,WRNA,Australia,,,,,,,,325030S,1155500E,,WAROONA,WA,,
vfr,WAD,Australia,,,,,,,,335306S,1503530E,,WARRAGAMBA DAM,NSW,,
vfr,WASL,Australia,,,,,,,,310900S,1505130E,,WARRAL SILO,NSW,,
vfr,WRD,Australia,,,,,,,,374500S,1451230E,,WARRANDYTE,VIC,,
vfr,WRR,Australia,,,,,,,,344230S,1385600E,,WARREN RESERVOIR,SA,,
vfr,WFM,Australia,,,,,,,,335440S,1505645E,,WARWICK FARM,NSW,,
vfr,WFL,Australia,,,,,,,,340810S,1505930E,,WATERFALL,NSW,,
vfr,WAYS,Australia,,,,,,,,153432S,1310225E,,WAYSIDE,NT,,
vfr,WWN,Australia,,,,,,,,242500S,1480300E,,WEALWANDANGIE,QLD,,
vfr,WCP,Australia,,,,,,,,273300S,1515100E,,WELLCAMP DOWNS,QLD,,
vfr,WELL,Australia,,,,,,,,272808S,1531431E,,WELLINGTON PT,QLD,,
vfr,WLS,Australia,,,,,,,,235400S,1442600E,,WELLSHOT,QLD,,
vfr,WELS,Australia,,,,,,,,383954S,1462618E,,WELSHPOOL,VIC,,
vfr,WBER,Australia,,,,,,,,375400S,1443830E,,WERRIBEE RACECOURSE,VIC,,
vfr,WBES,Australia,,,,,,,,375836S,1444118E,,WERRIBEE SOUTH,VIC,,
vfr,WEK,Australia,,,,,,,,312127S,1503900E,,WERRIS CREEK,NSW,,
vfr,WSM,Australia,,,,,,,,123300S,1304720E,,WEST ARM,NT,,
vfr,WEBS,Australia,,,,,,,,393000S,1410000E,,WEST BASS,VIC,,
vfr,WTG,Australia,,,,,,,,412040S,1464630E,,WEST GAP,TAS,,
vfr,WSN,Australia,,,,,,,,413610S,1470140E,,WEST LAGOON,TAS,,
vfr,WEP,Australia,,,,,,,,190740S,1464640E,,WEST PT,QLD,,
vfr,WNFE,Australia,,,,,,,,273430S,1525642E,,WESTERN FREEWAY,QLD,,
vfr,WES,Australia,,,,,,,,374947S,1445347E,,WESTGATE BRIDGE,VIC,,
vfr,WMR,Australia,,,,,,,,275500S,1494300E,,WESTMAR,QLD,,
vfr,WST,Australia,,,,,,,,334812S,1505912E,,WESTMEAD,NSW,,
vfr,WTB,Australia,,,,,,,,213000S,1425000E,,WETHERBY,QLD,,
vfr,WHM,Australia,,,,,,,,205000S,1175000E,,WHIM CREEK,WA,,
vfr,WTRK,Australia,,,,,,,,184619S,1464306E,,WHITE ROCK,QLD,,
vfr,WHW,Australia,,,,,,,,212900S,1433600E,,WHITEWOOD,QLD,,
vfr,WTS,Australia,,,,,,,,373100S,1450700E,,WHITTLESEA,VIC,,
vfr,WIKP,Australia,,,,,,,,123016S,1305139E,,WICKHAM PT,NT,,
vfr,WHPL,Australia,,,,,,,,342136S,1381718E,,WILD HORSE PLAINS,SA,,
vfr,WILE,Australia,,,,,,,,151701S,1313356E,,WILLEROO,NT,,
vfr,WMS,Australia,,,,,,,,375210S,1445440E,,WILLIAMSTOWN,VIC,,
vfr,WICK,Australia,,,,,,,,174500S,1221230E,,WILLIE CREEK,WA,,
vfr,WIE,Australia,,,,,,,,310930S,1504900E,,WIMMERA,NSW,,
vfr,WDU,Australia,,,,,,,,315400S,1520400E,,WIRRADGURIE,NSW,,
vfr,WSFR,Australia,,,,,,,,332248S,1505916E,,WISEMANS FERRY,NSW,,
vfr,WTHB,Australia,,,,,,,,203448S,1164712E,,WITHNELL BAY,WA,,
vfr,WHDW,Australia,,,,,,,,272340S,1523630E,,WIVENHOE DAM WALL,QLD,,
vfr,WBK,Australia,,,,,,,,205440S,1170700E,,WOODBROOK,WA,,
vfr,WOT,Australia,,,,,,,,250700S,1523400E,,WOODGATE,QLD,,
vfr,WOOS,Australia,,,,,,,,375948S,1450600E,,WOODLANDS GOLF COURSE,VIC,,
vfr,WMP,Australia,,,,,,,,320830S,1154400E,,WOODMAN PT,WA,,
vfr,WYPT,Australia,,,,,,,,271553S,1530611E,,WOODY PT,QLD,,
vfr,WGG,Australia,,,,,,,,300645S,1531200E,,WOOLGOOLGA,NSW,,
vfr,WOI,Australia,,,,,,,,350111S,1503937E,,WOOLLAMIA,NSW,,
vfr,WNK,Australia,,,,,,,,134400S,1413500E,,WOOMANOOKA,QLD,,
vfr,WAM,Australia,,,,,,,,355000S,1471455E,,WOOMARGAMA,NSW,,
vfr,WRM,Australia,,,,,,,,270439S,1531211E,,WOORIM,QLD,,
vfr,WUN,Australia,,,,,,,,314600S,1162236E,,WUNDOWIE,WA,,
vfr,WUNG,Australia,,,,,,,,321206S,1160346E,,WUNGONG RESERVOIR,WA,,
vfr,WMF,Australia,,,,,,,,360230S,1471545E,,WYMAH FERRY,NSW,,
vfr,WYR,Australia,,,,,,,,273900S,1515130E,,WYREEMA,QLD,,
vfr,YMA,Australia,,,,,,,,230800S,1502200E,,YAAMBA,QLD,,
vfr,YBU,Australia,,,,,,,,191250S,1463550E,,YABULU,QLD,,
vfr,YKH,Australia,,,,,,,,361842S,1465030E,,YACKANDANDAH,VIC,,
vfr,ALBO,Australia,,,,,,,,205000S,1483900E,,YALBOROO,QLD,,
vfr,YYN,Australia,,,,,,,,373330S,1450815E,,YAN YEAN RESV,VIC,,
vfr,ANDA,Australia,,,,,,,,244300S,1520700E,,YANDARAN,QLD,,
vfr,YNA,Australia,,,,,,,,263350S,1525720E,,YANDINA,QLD,,
vfr,YGB,Australia,,,,,,,,320713S,1155000E,,YANGEBUP LAKE,WA,,
vfr,YYM,Australia,,,,,,,,381450S,1451503E,,YARINGA YACHT MARINA,VIC,,
vfr,YBH,Australia,,,,,,,,165500S,1455300E,,YARRABAH,QLD,,
vfr,ASST,Australia,,,,,,,,345100S,1485500E,,YASS TOWNSHIP,NSW,,
vfr,ORKT,Australia,,,,,,,,315300S,1164600E,,YORK TOWNSHIP,WA,,
vfr,YKS,Australia,,,,,,,,164835S,1454330E,,YORKEYS KNOB,QLD,,
vfr,ORNN,Australia,,,,,,,,324400S,1171000E,,YORNANING TOWNSHIP,WA,,
vfr,ULAB,Australia,,,,,,,,270400S,1494200E,,YULABILLA,QLD,,
vfr,URAR,Australia,,,,,,,,282000S,1512400E,,YURARABA,QLD,,
vfr,ZIN,Australia,,,,,,,,100600S,1432000E,,ZUIZIN ISLAND,QLD,,
